national_dex_no,form_slug,pokemon_name,move,learn_method,level,valid_from,valid_to
3,"",Venusaur,acid-spray,machine,0,Regulation M-A,
3,"",Venusaur,amnesia,machine,0,Regulation M-A,
3,"",Venusaur,body-slam,machine,0,Regulation M-A,
3,"",Venusaur,bulldoze,machine,0,Regulation M-A,
3,"",Venusaur,bullet-seed,machine,0,Regulation M-A,
3,"",Venusaur,charm,machine,0,Regulation M-A,
3,"",Venusaur,curse,machine,0,Regulation M-A,
3,"",Venusaur,double-edge,machine,0,Regulation M-A,
3,"",Venusaur,earth-power,machine,0,Regulation M-A,
3,"",Venusaur,earthquake,machine,0,Regulation M-A,
3,"",Venusaur,endure,machine,0,Regulation M-A,
3,"",Venusaur,energy-ball,machine,0,Regulation M-A,
3,"",Venusaur,facade,machine,0,Regulation M-A,
3,"",Venusaur,frenzy-plant,machine,0,Regulation M-A,
3,"",Venusaur,giga-drain,machine,0,Regulation M-A,
3,"",Venusaur,giga-impact,machine,0,Regulation M-A,
3,"",Venusaur,grass-knot,machine,0,Regulation M-A,
3,"",Venusaur,grassy-glide,machine,0,Regulation M-A,
3,"",Venusaur,grassy-terrain,machine,0,Regulation M-A,
3,"",Venusaur,growth,machine,0,Regulation M-A,
3,"",Venusaur,helping-hand,machine,0,Regulation M-A,
3,"",Venusaur,hyper-beam,machine,0,Regulation M-A,
3,"",Venusaur,ingrain,machine,0,Regulation M-A,
3,"",Venusaur,knock-off,machine,0,Regulation M-A,
3,"",Venusaur,leaf-storm,machine,0,Regulation M-A,
3,"",Venusaur,leech-seed,machine,0,Regulation M-A,
3,"",Venusaur,light-screen,machine,0,Regulation M-A,
3,"",Venusaur,outrage,machine,0,Regulation M-A,
3,"",Venusaur,petal-blizzard,machine,0,Regulation M-A,
3,"",Venusaur,petal-dance,machine,0,Regulation M-A,
3,"",Venusaur,poison-jab,machine,0,Regulation M-A,
3,"",Venusaur,poison-powder,machine,0,Regulation M-A,
3,"",Venusaur,power-whip,machine,0,Regulation M-A,
3,"",Venusaur,protect,machine,0,Regulation M-A,
3,"",Venusaur,rest,machine,0,Regulation M-A,
3,"",Venusaur,roar,machine,0,Regulation M-A,
3,"",Venusaur,round,machine,0,Regulation M-A,
3,"",Venusaur,scary-face,machine,0,Regulation M-A,
3,"",Venusaur,seed-bomb,machine,0,Regulation M-A,
3,"",Venusaur,sleep-powder,machine,0,Regulation M-A,
3,"",Venusaur,sleep-talk,machine,0,Regulation M-A,
3,"",Venusaur,sludge-bomb,machine,0,Regulation M-A,
3,"",Venusaur,sludge-wave,machine,0,Regulation M-A,
3,"",Venusaur,snore,machine,0,Regulation M-A,
3,"",Venusaur,solar-beam,machine,0,Regulation M-A,
3,"",Venusaur,stomping-tantrum,machine,0,Regulation M-A,
3,"",Venusaur,substitute,machine,0,Regulation M-A,
3,"",Venusaur,sunny-day,machine,0,Regulation M-A,
3,"",Venusaur,sweet-scent,machine,0,Regulation M-A,
3,"",Venusaur,swords-dance,machine,0,Regulation M-A,
3,"",Venusaur,synthesis,machine,0,Regulation M-A,
3,"",Venusaur,terrain-pulse,machine,0,Regulation M-A,
3,"",Venusaur,toxic,machine,0,Regulation M-A,
3,"",Venusaur,trailblaze,machine,0,Regulation M-A,
3,"",Venusaur,venoshock,machine,0,Regulation M-A,
3,"",Venusaur,weather-ball,machine,0,Regulation M-A,
3,"",Venusaur,worry-seed,machine,0,Regulation M-A,
6,"",Charizard,acrobatics,machine,0,Regulation M-A,
6,"",Charizard,aerial-ace,machine,0,Regulation M-A,
6,"",Charizard,air-cutter,machine,0,Regulation M-A,
6,"",Charizard,air-slash,machine,0,Regulation M-A,
6,"",Charizard,ancient-power,machine,0,Regulation M-A,
6,"",Charizard,beat-up,machine,0,Regulation M-A,
6,"",Charizard,belly-drum,machine,0,Regulation M-A,
6,"",Charizard,bite,machine,0,Regulation M-A,
6,"",Charizard,blast-burn,machine,0,Regulation M-A,
6,"",Charizard,body-slam,machine,0,Regulation M-A,
6,"",Charizard,breaking-swipe,machine,0,Regulation M-A,
6,"",Charizard,brick-break,machine,0,Regulation M-A,
6,"",Charizard,brutal-swing,machine,0,Regulation M-A,
6,"",Charizard,bulldoze,machine,0,Regulation M-A,
6,"",Charizard,counter,machine,0,Regulation M-A,
6,"",Charizard,crunch,machine,0,Regulation M-A,
6,"",Charizard,dig,machine,0,Regulation M-A,
6,"",Charizard,double-edge,machine,0,Regulation M-A,
6,"",Charizard,dragon-cheer,machine,0,Regulation M-A,
6,"",Charizard,dragon-claw,machine,0,Regulation M-A,
6,"",Charizard,dragon-dance,machine,0,Regulation M-A,
6,"",Charizard,dragon-pulse,machine,0,Regulation M-A,
6,"",Charizard,dragon-rush,machine,0,Regulation M-A,
6,"",Charizard,dragon-tail,machine,0,Regulation M-A,
6,"",Charizard,earthquake,machine,0,Regulation M-A,
6,"",Charizard,endure,machine,0,Regulation M-A,
6,"",Charizard,facade,machine,0,Regulation M-A,
6,"",Charizard,fire-blast,machine,0,Regulation M-A,
6,"",Charizard,fire-fang,machine,0,Regulation M-A,
6,"",Charizard,fire-punch,machine,0,Regulation M-A,
6,"",Charizard,fire-spin,machine,0,Regulation M-A,
6,"",Charizard,flame-charge,machine,0,Regulation M-A,
6,"",Charizard,flamethrower,machine,0,Regulation M-A,
6,"",Charizard,flare-blitz,machine,0,Regulation M-A,
6,"",Charizard,fling,machine,0,Regulation M-A,
6,"",Charizard,fly,machine,0,Regulation M-A,
6,"",Charizard,focus-blast,machine,0,Regulation M-A,
6,"",Charizard,focus-punch,machine,0,Regulation M-A,
6,"",Charizard,giga-impact,machine,0,Regulation M-A,
6,"",Charizard,heat-crash,machine,0,Regulation M-A,
6,"",Charizard,heat-wave,machine,0,Regulation M-A,
6,"",Charizard,helping-hand,machine,0,Regulation M-A,
6,"",Charizard,hurricane,machine,0,Regulation M-A,
6,"",Charizard,hyper-beam,machine,0,Regulation M-A,
6,"",Charizard,inferno,machine,0,Regulation M-A,
6,"",Charizard,iron-tail,machine,0,Regulation M-A,
6,"",Charizard,mega-kick,machine,0,Regulation M-A,
6,"",Charizard,outrage,machine,0,Regulation M-A,
6,"",Charizard,overheat,machine,0,Regulation M-A,
6,"",Charizard,protect,machine,0,Regulation M-A,
6,"",Charizard,rest,machine,0,Regulation M-A,
6,"",Charizard,roar,machine,0,Regulation M-A,
6,"",Charizard,rock-slide,machine,0,Regulation M-A,
6,"",Charizard,rock-tomb,machine,0,Regulation M-A,
6,"",Charizard,roost,machine,0,Regulation M-A,
6,"",Charizard,round,machine,0,Regulation M-A,
6,"",Charizard,sandstorm,machine,0,Regulation M-A,
6,"",Charizard,scale-shot,machine,0,Regulation M-A,
6,"",Charizard,scary-face,machine,0,Regulation M-A,
6,"",Charizard,scorching-sands,machine,0,Regulation M-A,
6,"",Charizard,shadow-claw,machine,0,Regulation M-A,
6,"",Charizard,sleep-talk,machine,0,Regulation M-A,
6,"",Charizard,snore,machine,0,Regulation M-A,
6,"",Charizard,solar-beam,machine,0,Regulation M-A,
6,"",Charizard,steel-wing,machine,0,Regulation M-A,
6,"",Charizard,substitute,machine,0,Regulation M-A,
6,"",Charizard,sunny-day,machine,0,Regulation M-A,
6,"",Charizard,swords-dance,machine,0,Regulation M-A,
6,"",Charizard,temper-flare,machine,0,Regulation M-A,
6,"",Charizard,thunder-punch,machine,0,Regulation M-A,
6,"",Charizard,weather-ball,machine,0,Regulation M-A,
6,"",Charizard,will-o-wisp,machine,0,Regulation M-A,
9,"",Blastoise,aqua-jet,machine,0,Regulation M-A,
9,"",Blastoise,aqua-ring,machine,0,Regulation M-A,
9,"",Blastoise,aqua-tail,machine,0,Regulation M-A,
9,"",Blastoise,aura-sphere,machine,0,Regulation M-A,
9,"",Blastoise,avalanche,machine,0,Regulation M-A,
9,"",Blastoise,bite,machine,0,Regulation M-A,
9,"",Blastoise,blizzard,machine,0,Regulation M-A,
9,"",Blastoise,body-press,machine,0,Regulation M-A,
9,"",Blastoise,body-slam,machine,0,Regulation M-A,
9,"",Blastoise,brick-break,machine,0,Regulation M-A,
9,"",Blastoise,bulldoze,machine,0,Regulation M-A,
9,"",Blastoise,chilling-water,machine,0,Regulation M-A,
9,"",Blastoise,crunch,machine,0,Regulation M-A,
9,"",Blastoise,dark-pulse,machine,0,Regulation M-A,
9,"",Blastoise,dig,machine,0,Regulation M-A,
9,"",Blastoise,dive,machine,0,Regulation M-A,
9,"",Blastoise,double-edge,machine,0,Regulation M-A,
9,"",Blastoise,dragon-pulse,machine,0,Regulation M-A,
9,"",Blastoise,earthquake,machine,0,Regulation M-A,
9,"",Blastoise,endure,machine,0,Regulation M-A,
9,"",Blastoise,facade,machine,0,Regulation M-A,
9,"",Blastoise,fake-out,machine,0,Regulation M-A,
9,"",Blastoise,flail,machine,0,Regulation M-A,
9,"",Blastoise,flash-cannon,machine,0,Regulation M-A,
9,"",Blastoise,fling,machine,0,Regulation M-A,
9,"",Blastoise,flip-turn,machine,0,Regulation M-A,
9,"",Blastoise,focus-blast,machine,0,Regulation M-A,
9,"",Blastoise,focus-punch,machine,0,Regulation M-A,
9,"",Blastoise,giga-impact,machine,0,Regulation M-A,
9,"",Blastoise,gyro-ball,machine,0,Regulation M-A,
9,"",Blastoise,haze,machine,0,Regulation M-A,
9,"",Blastoise,helping-hand,machine,0,Regulation M-A,
9,"",Blastoise,hydro-cannon,machine,0,Regulation M-A,
9,"",Blastoise,hydro-pump,machine,0,Regulation M-A,
9,"",Blastoise,hyper-beam,machine,0,Regulation M-A,
9,"",Blastoise,ice-beam,machine,0,Regulation M-A,
9,"",Blastoise,ice-punch,machine,0,Regulation M-A,
9,"",Blastoise,ice-spinner,machine,0,Regulation M-A,
9,"",Blastoise,icy-wind,machine,0,Regulation M-A,
9,"",Blastoise,iron-defense,machine,0,Regulation M-A,
9,"",Blastoise,iron-head,machine,0,Regulation M-A,
9,"",Blastoise,iron-tail,machine,0,Regulation M-A,
9,"",Blastoise,life-dew,machine,0,Regulation M-A,
9,"",Blastoise,liquidation,machine,0,Regulation M-A,
9,"",Blastoise,mega-kick,machine,0,Regulation M-A,
9,"",Blastoise,mirror-coat,machine,0,Regulation M-A,
9,"",Blastoise,mud-shot,machine,0,Regulation M-A,
9,"",Blastoise,muddy-water,machine,0,Regulation M-A,
9,"",Blastoise,outrage,machine,0,Regulation M-A,
9,"",Blastoise,protect,machine,0,Regulation M-A,
9,"",Blastoise,rain-dance,machine,0,Regulation M-A,
9,"",Blastoise,rapid-spin,machine,0,Regulation M-A,
9,"",Blastoise,rest,machine,0,Regulation M-A,
9,"",Blastoise,roar,machine,0,Regulation M-A,
9,"",Blastoise,rock-slide,machine,0,Regulation M-A,
9,"",Blastoise,rock-tomb,machine,0,Regulation M-A,
9,"",Blastoise,round,machine,0,Regulation M-A,
9,"",Blastoise,scary-face,machine,0,Regulation M-A,
9,"",Blastoise,shell-smash,machine,0,Regulation M-A,
9,"",Blastoise,sleep-talk,machine,0,Regulation M-A,
9,"",Blastoise,smack-down,machine,0,Regulation M-A,
9,"",Blastoise,snore,machine,0,Regulation M-A,
9,"",Blastoise,substitute,machine,0,Regulation M-A,
9,"",Blastoise,surf,machine,0,Regulation M-A,
9,"",Blastoise,terrain-pulse,machine,0,Regulation M-A,
9,"",Blastoise,water-pulse,machine,0,Regulation M-A,
9,"",Blastoise,water-spout,machine,0,Regulation M-A,
9,"",Blastoise,waterfall,machine,0,Regulation M-A,
9,"",Blastoise,wave-crash,machine,0,Regulation M-A,
9,"",Blastoise,weather-ball,machine,0,Regulation M-A,
9,"",Blastoise,whirlpool,machine,0,Regulation M-A,
9,"",Blastoise,yawn,machine,0,Regulation M-A,
9,"",Blastoise,zen-headbutt,machine,0,Regulation M-A,
15,"",Beedrill,acrobatics,machine,0,Regulation M-A,
15,"",Beedrill,aerial-ace,machine,0,Regulation M-A,
15,"",Beedrill,agility,machine,0,Regulation M-A,
15,"",Beedrill,air-cutter,machine,0,Regulation M-A,
15,"",Beedrill,assurance,machine,0,Regulation M-A,
15,"",Beedrill,attract,machine,0,Regulation M-A,
15,"",Beedrill,baton-pass,machine,0,Regulation M-A,
15,"",Beedrill,brick-break,machine,0,Regulation M-A,
15,"",Beedrill,brutal-swing,machine,0,Regulation M-A,
15,"",Beedrill,bug-bite,machine,0,Regulation M-A,
15,"",Beedrill,bug-buzz,machine,0,Regulation M-A,
15,"",Beedrill,cross-poison,machine,0,Regulation M-A,
15,"",Beedrill,double-edge,machine,0,Regulation M-A,
15,"",Beedrill,double-hit,machine,0,Regulation M-A,
15,"",Beedrill,drill-run,machine,0,Regulation M-A,
15,"",Beedrill,dual-wingbeat,machine,0,Regulation M-A,
15,"",Beedrill,electroweb,machine,0,Regulation M-A,
15,"",Beedrill,endeavor,machine,0,Regulation M-A,
15,"",Beedrill,endure,machine,0,Regulation M-A,
15,"",Beedrill,facade,machine,0,Regulation M-A,
15,"",Beedrill,fell-stinger,machine,0,Regulation M-A,
15,"",Beedrill,focus-energy,machine,0,Regulation M-A,
15,"",Beedrill,giga-drain,machine,0,Regulation M-A,
15,"",Beedrill,giga-impact,machine,0,Regulation M-A,
15,"",Beedrill,hyper-beam,machine,0,Regulation M-A,
15,"",Beedrill,iron-defense,machine,0,Regulation M-A,
15,"",Beedrill,knock-off,machine,0,Regulation M-A,
15,"",Beedrill,lunge,machine,0,Regulation M-A,
15,"",Beedrill,payback,machine,0,Regulation M-A,
15,"",Beedrill,pin-missile,machine,0,Regulation M-A,
15,"",Beedrill,poison-jab,machine,0,Regulation M-A,
15,"",Beedrill,pollen-puff,machine,0,Regulation M-A,
15,"",Beedrill,pounce,machine,0,Regulation M-A,
15,"",Beedrill,protect,machine,0,Regulation M-A,
15,"",Beedrill,rest,machine,0,Regulation M-A,
15,"",Beedrill,round,machine,0,Regulation M-A,
15,"",Beedrill,screech,machine,0,Regulation M-A,
15,"",Beedrill,skitter-smack,machine,0,Regulation M-A,
15,"",Beedrill,sleep-talk,machine,0,Regulation M-A,
15,"",Beedrill,sludge-bomb,machine,0,Regulation M-A,
15,"",Beedrill,snore,machine,0,Regulation M-A,
15,"",Beedrill,solar-beam,machine,0,Regulation M-A,
15,"",Beedrill,string-shot,machine,0,Regulation M-A,
15,"",Beedrill,substitute,machine,0,Regulation M-A,
15,"",Beedrill,sunny-day,machine,0,Regulation M-A,
15,"",Beedrill,swords-dance,machine,0,Regulation M-A,
15,"",Beedrill,thief,machine,0,Regulation M-A,
15,"",Beedrill,throat-chop,machine,0,Regulation M-A,
15,"",Beedrill,toxic,machine,0,Regulation M-A,
15,"",Beedrill,toxic-spikes,machine,0,Regulation M-A,
15,"",Beedrill,u-turn,machine,0,Regulation M-A,
15,"",Beedrill,venoshock,machine,0,Regulation M-A,
15,"",Beedrill,x-scissor,machine,0,Regulation M-A,
18,"",Pidgeot,aerial-ace,machine,0,Regulation M-A,
18,"",Pidgeot,agility,machine,0,Regulation M-A,
18,"",Pidgeot,air-slash,machine,0,Regulation M-A,
18,"",Pidgeot,attract,machine,0,Regulation M-A,
18,"",Pidgeot,brave-bird,machine,0,Regulation M-A,
18,"",Pidgeot,dual-wingbeat,machine,0,Regulation M-A,
18,"",Pidgeot,endure,machine,0,Regulation M-A,
18,"",Pidgeot,facade,machine,0,Regulation M-A,
18,"",Pidgeot,feather-dance,machine,0,Regulation M-A,
18,"",Pidgeot,fly,machine,0,Regulation M-A,
18,"",Pidgeot,giga-impact,machine,0,Regulation M-A,
18,"",Pidgeot,heat-wave,machine,0,Regulation M-A,
18,"",Pidgeot,hurricane,machine,0,Regulation M-A,
18,"",Pidgeot,hyper-beam,machine,0,Regulation M-A,
18,"",Pidgeot,protect,machine,0,Regulation M-A,
18,"",Pidgeot,quick-attack,machine,0,Regulation M-A,
18,"",Pidgeot,rain-dance,machine,0,Regulation M-A,
18,"",Pidgeot,rest,machine,0,Regulation M-A,
18,"",Pidgeot,roost,machine,0,Regulation M-A,
18,"",Pidgeot,round,machine,0,Regulation M-A,
18,"",Pidgeot,sky-attack,machine,0,Regulation M-A,
18,"",Pidgeot,sleep-talk,machine,0,Regulation M-A,
18,"",Pidgeot,snore,machine,0,Regulation M-A,
18,"",Pidgeot,steel-wing,machine,0,Regulation M-A,
18,"",Pidgeot,substitute,machine,0,Regulation M-A,
18,"",Pidgeot,sunny-day,machine,0,Regulation M-A,
18,"",Pidgeot,tailwind,machine,0,Regulation M-A,
18,"",Pidgeot,thief,machine,0,Regulation M-A,
18,"",Pidgeot,u-turn,machine,0,Regulation M-A,
18,"",Pidgeot,uproar,machine,0,Regulation M-A,
18,"",Pidgeot,whirlwind,machine,0,Regulation M-A,
24,"",Arbok,acid-spray,machine,0,Regulation M-A,
24,"",Arbok,beat-up,machine,0,Regulation M-A,
24,"",Arbok,belch,machine,0,Regulation M-A,
24,"",Arbok,bite,machine,0,Regulation M-A,
24,"",Arbok,body-slam,machine,0,Regulation M-A,
24,"",Arbok,breaking-swipe,machine,0,Regulation M-A,
24,"",Arbok,brutal-swing,machine,0,Regulation M-A,
24,"",Arbok,bulldoze,machine,0,Regulation M-A,
24,"",Arbok,coil,machine,0,Regulation M-A,
24,"",Arbok,crunch,machine,0,Regulation M-A,
24,"",Arbok,dark-pulse,machine,0,Regulation M-A,
24,"",Arbok,dig,machine,0,Regulation M-A,
24,"",Arbok,double-edge,machine,0,Regulation M-A,
24,"",Arbok,dragon-tail,machine,0,Regulation M-A,
24,"",Arbok,earthquake,machine,0,Regulation M-A,
24,"",Arbok,endure,machine,0,Regulation M-A,
24,"",Arbok,facade,machine,0,Regulation M-A,
24,"",Arbok,fire-fang,machine,0,Regulation M-A,
24,"",Arbok,gastro-acid,machine,0,Regulation M-A,
24,"",Arbok,giga-drain,machine,0,Regulation M-A,
24,"",Arbok,giga-impact,machine,0,Regulation M-A,
24,"",Arbok,glare,machine,0,Regulation M-A,
24,"",Arbok,gunk-shot,machine,0,Regulation M-A,
24,"",Arbok,haze,machine,0,Regulation M-A,
24,"",Arbok,hyper-beam,machine,0,Regulation M-A,
24,"",Arbok,ice-fang,machine,0,Regulation M-A,
24,"",Arbok,iron-tail,machine,0,Regulation M-A,
24,"",Arbok,knock-off,machine,0,Regulation M-A,
24,"",Arbok,lash-out,machine,0,Regulation M-A,
24,"",Arbok,leech-life,machine,0,Regulation M-A,
24,"",Arbok,mud-shot,machine,0,Regulation M-A,
24,"",Arbok,mud-slap,machine,0,Regulation M-A,
24,"",Arbok,pain-split,machine,0,Regulation M-A,
24,"",Arbok,payback,machine,0,Regulation M-A,
24,"",Arbok,poison-fang,machine,0,Regulation M-A,
24,"",Arbok,poison-jab,machine,0,Regulation M-A,
24,"",Arbok,protect,machine,0,Regulation M-A,
24,"",Arbok,psychic-fangs,machine,0,Regulation M-A,
24,"",Arbok,rain-dance,machine,0,Regulation M-A,
24,"",Arbok,rest,machine,0,Regulation M-A,
24,"",Arbok,rock-slide,machine,0,Regulation M-A,
24,"",Arbok,rock-tomb,machine,0,Regulation M-A,
24,"",Arbok,round,machine,0,Regulation M-A,
24,"",Arbok,scale-shot,machine,0,Regulation M-A,
24,"",Arbok,scary-face,machine,0,Regulation M-A,
24,"",Arbok,screech,machine,0,Regulation M-A,
24,"",Arbok,seed-bomb,machine,0,Regulation M-A,
24,"",Arbok,skitter-smack,machine,0,Regulation M-A,
24,"",Arbok,sleep-talk,machine,0,Regulation M-A,
24,"",Arbok,sludge-bomb,machine,0,Regulation M-A,
24,"",Arbok,sludge-wave,machine,0,Regulation M-A,
24,"",Arbok,snarl,machine,0,Regulation M-A,
24,"",Arbok,snore,machine,0,Regulation M-A,
24,"",Arbok,spit-up,machine,0,Regulation M-A,
24,"",Arbok,spite,machine,0,Regulation M-A,
24,"",Arbok,stockpile,machine,0,Regulation M-A,
24,"",Arbok,stomping-tantrum,machine,0,Regulation M-A,
24,"",Arbok,substitute,machine,0,Regulation M-A,
24,"",Arbok,sucker-punch,machine,0,Regulation M-A,
24,"",Arbok,sunny-day,machine,0,Regulation M-A,
24,"",Arbok,swallow,machine,0,Regulation M-A,
24,"",Arbok,switcheroo,machine,0,Regulation M-A,
24,"",Arbok,thief,machine,0,Regulation M-A,
24,"",Arbok,throat-chop,machine,0,Regulation M-A,
24,"",Arbok,thunder-fang,machine,0,Regulation M-A,
24,"",Arbok,toxic,machine,0,Regulation M-A,
24,"",Arbok,toxic-spikes,machine,0,Regulation M-A,
24,"",Arbok,trailblaze,machine,0,Regulation M-A,
24,"",Arbok,venoshock,machine,0,Regulation M-A,
24,"",Arbok,wrap,machine,0,Regulation M-A,
25,"",Pikachu,agility,machine,0,Regulation M-A,
25,"",Pikachu,alluring-voice,machine,0,Regulation M-A,
25,"",Pikachu,body-slam,machine,0,Regulation M-A,
25,"",Pikachu,brick-break,machine,0,Regulation M-A,
25,"",Pikachu,charge,machine,0,Regulation M-A,
25,"",Pikachu,charge-beam,machine,0,Regulation M-A,
25,"",Pikachu,charm,machine,0,Regulation M-A,
25,"",Pikachu,dig,machine,0,Regulation M-A,
25,"",Pikachu,discharge,machine,0,Regulation M-A,
25,"",Pikachu,double-team,machine,0,Regulation M-A,
25,"",Pikachu,draining-kiss,machine,0,Regulation M-A,
25,"",Pikachu,eerie-impulse,machine,0,Regulation M-A,
25,"",Pikachu,electric-terrain,machine,0,Regulation M-A,
25,"",Pikachu,electro-ball,machine,0,Regulation M-A,
25,"",Pikachu,electroweb,machine,0,Regulation M-A,
25,"",Pikachu,encore,machine,0,Regulation M-A,
25,"",Pikachu,endeavor,machine,0,Regulation M-A,
25,"",Pikachu,endure,machine,0,Regulation M-A,
25,"",Pikachu,facade,machine,0,Regulation M-A,
25,"",Pikachu,fake-out,machine,0,Regulation M-A,
25,"",Pikachu,fake-tears,machine,0,Regulation M-A,
25,"",Pikachu,feint,machine,0,Regulation M-A,
25,"",Pikachu,flail,machine,0,Regulation M-A,
25,"",Pikachu,fling,machine,0,Regulation M-A,
25,"",Pikachu,focus-punch,machine,0,Regulation M-A,
25,"",Pikachu,grass-knot,machine,0,Regulation M-A,
25,"",Pikachu,helping-hand,machine,0,Regulation M-A,
25,"",Pikachu,iron-tail,machine,0,Regulation M-A,
25,"",Pikachu,knock-off,machine,0,Regulation M-A,
25,"",Pikachu,light-screen,machine,0,Regulation M-A,
25,"",Pikachu,mega-kick,machine,0,Regulation M-A,
25,"",Pikachu,nasty-plot,machine,0,Regulation M-A,
25,"",Pikachu,nuzzle,machine,0,Regulation M-A,
25,"",Pikachu,play-rough,machine,0,Regulation M-A,
25,"",Pikachu,protect,machine,0,Regulation M-A,
25,"",Pikachu,quick-attack,machine,0,Regulation M-A,
25,"",Pikachu,rain-dance,machine,0,Regulation M-A,
25,"",Pikachu,reflect,machine,0,Regulation M-A,
25,"",Pikachu,rest,machine,0,Regulation M-A,
25,"",Pikachu,reversal,machine,0,Regulation M-A,
25,"",Pikachu,rising-voltage,machine,0,Regulation M-A,
25,"",Pikachu,round,machine,0,Regulation M-A,
25,"",Pikachu,sleep-talk,machine,0,Regulation M-A,
25,"",Pikachu,snore,machine,0,Regulation M-A,
25,"",Pikachu,substitute,machine,0,Regulation M-A,
25,"",Pikachu,surf,machine,0,Regulation M-A,
25,"",Pikachu,sweet-kiss,machine,0,Regulation M-A,
25,"",Pikachu,thief,machine,0,Regulation M-A,
25,"",Pikachu,thunder,machine,0,Regulation M-A,
25,"",Pikachu,thunder-punch,machine,0,Regulation M-A,
25,"",Pikachu,thunder-wave,machine,0,Regulation M-A,
25,"",Pikachu,thunderbolt,machine,0,Regulation M-A,
25,"",Pikachu,tickle,machine,0,Regulation M-A,
25,"",Pikachu,trailblaze,machine,0,Regulation M-A,
25,"",Pikachu,upper-hand,machine,0,Regulation M-A,
25,"",Pikachu,volt-switch,machine,0,Regulation M-A,
25,"",Pikachu,volt-tackle,machine,0,Regulation M-A,
25,"",Pikachu,wild-charge,machine,0,Regulation M-A,
25,"",Pikachu,wish,machine,0,Regulation M-A,
25,"",Pikachu,zap-cannon,machine,0,Regulation M-A,
26,"",Raichu,agility,machine,0,Regulation M-A,
26,"",Raichu,alluring-voice,machine,0,Regulation M-A,
26,"",Raichu,body-slam,machine,0,Regulation M-A,
26,"",Raichu,brick-break,machine,0,Regulation M-A,
26,"",Raichu,brutal-swing,machine,0,Regulation M-A,
26,"",Raichu,charge,machine,0,Regulation M-A,
26,"",Raichu,charge-beam,machine,0,Regulation M-A,
26,"",Raichu,charm,machine,0,Regulation M-A,
26,"",Raichu,dazzling-gleam,machine,0,Regulation M-A,
26,"",Raichu,dig,machine,0,Regulation M-A,
26,"",Raichu,discharge,machine,0,Regulation M-A,
26,"",Raichu,double-team,machine,0,Regulation M-A,
26,"",Raichu,drain-punch,machine,0,Regulation M-A,
26,"",Raichu,draining-kiss,machine,0,Regulation M-A,
26,"",Raichu,eerie-impulse,machine,0,Regulation M-A,
26,"",Raichu,electric-terrain,machine,0,Regulation M-A,
26,"",Raichu,electro-ball,machine,0,Regulation M-A,
26,"",Raichu,electroweb,machine,0,Regulation M-A,
26,"",Raichu,encore,machine,0,Regulation M-A,
26,"",Raichu,endeavor,machine,0,Regulation M-A,
26,"",Raichu,endure,machine,0,Regulation M-A,
26,"",Raichu,facade,machine,0,Regulation M-A,
26,"",Raichu,fake-out,machine,0,Regulation M-A,
26,"",Raichu,fake-tears,machine,0,Regulation M-A,
26,"",Raichu,feint,machine,0,Regulation M-A,
26,"",Raichu,flail,machine,0,Regulation M-A,
26,"",Raichu,fling,machine,0,Regulation M-A,
26,"",Raichu,focus-blast,machine,0,Regulation M-A,
26,"",Raichu,focus-punch,machine,0,Regulation M-A,
26,"",Raichu,giga-impact,machine,0,Regulation M-A,
26,"",Raichu,grass-knot,machine,0,Regulation M-A,
26,"",Raichu,helping-hand,machine,0,Regulation M-A,
26,"",Raichu,hyper-beam,machine,0,Regulation M-A,
26,"",Raichu,iron-tail,machine,0,Regulation M-A,
26,"",Raichu,knock-off,machine,0,Regulation M-A,
26,"",Raichu,light-screen,machine,0,Regulation M-A,
26,"",Raichu,mega-kick,machine,0,Regulation M-A,
26,"",Raichu,nasty-plot,machine,0,Regulation M-A,
26,"",Raichu,nuzzle,machine,0,Regulation M-A,
26,"",Raichu,play-rough,machine,0,Regulation M-A,
26,"",Raichu,protect,machine,0,Regulation M-A,
26,"",Raichu,quick-attack,machine,0,Regulation M-A,
26,"",Raichu,rain-dance,machine,0,Regulation M-A,
26,"",Raichu,reflect,machine,0,Regulation M-A,
26,"",Raichu,rest,machine,0,Regulation M-A,
26,"",Raichu,reversal,machine,0,Regulation M-A,
26,"",Raichu,rising-voltage,machine,0,Regulation M-A,
26,"",Raichu,round,machine,0,Regulation M-A,
26,"",Raichu,sleep-talk,machine,0,Regulation M-A,
26,"",Raichu,snore,machine,0,Regulation M-A,
26,"",Raichu,substitute,machine,0,Regulation M-A,
26,"",Raichu,surf,machine,0,Regulation M-A,
26,"",Raichu,sweet-kiss,machine,0,Regulation M-A,
26,"",Raichu,thief,machine,0,Regulation M-A,
26,"",Raichu,thunder,machine,0,Regulation M-A,
26,"",Raichu,thunder-punch,machine,0,Regulation M-A,
26,"",Raichu,thunder-wave,machine,0,Regulation M-A,
26,"",Raichu,thunderbolt,machine,0,Regulation M-A,
26,"",Raichu,tickle,machine,0,Regulation M-A,
26,"",Raichu,trailblaze,machine,0,Regulation M-A,
26,"",Raichu,upper-hand,machine,0,Regulation M-A,
26,"",Raichu,volt-switch,machine,0,Regulation M-A,
26,"",Raichu,volt-tackle,machine,0,Regulation M-A,
26,"",Raichu,wild-charge,machine,0,Regulation M-A,
26,"",Raichu,wish,machine,0,Regulation M-A,
26,"",Raichu,zap-cannon,machine,0,Regulation M-A,
26,alola,Raichu-Alola,agility,machine,0,Regulation M-A,
26,alola,Raichu-Alola,alluring-voice,machine,0,Regulation M-A,
26,alola,Raichu-Alola,body-slam,machine,0,Regulation M-A,
26,alola,Raichu-Alola,brick-break,machine,0,Regulation M-A,
26,alola,Raichu-Alola,calm-mind,machine,0,Regulation M-A,
26,alola,Raichu-Alola,charge,machine,0,Regulation M-A,
26,alola,Raichu-Alola,charge-beam,machine,0,Regulation M-A,
26,alola,Raichu-Alola,charm,machine,0,Regulation M-A,
26,alola,Raichu-Alola,dazzling-gleam,machine,0,Regulation M-A,
26,alola,Raichu-Alola,dig,machine,0,Regulation M-A,
26,alola,Raichu-Alola,discharge,machine,0,Regulation M-A,
26,alola,Raichu-Alola,double-team,machine,0,Regulation M-A,
26,alola,Raichu-Alola,draining-kiss,machine,0,Regulation M-A,
26,alola,Raichu-Alola,eerie-impulse,machine,0,Regulation M-A,
26,alola,Raichu-Alola,electric-terrain,machine,0,Regulation M-A,
26,alola,Raichu-Alola,electro-ball,machine,0,Regulation M-A,
26,alola,Raichu-Alola,electroweb,machine,0,Regulation M-A,
26,alola,Raichu-Alola,encore,machine,0,Regulation M-A,
26,alola,Raichu-Alola,endeavor,machine,0,Regulation M-A,
26,alola,Raichu-Alola,endure,machine,0,Regulation M-A,
26,alola,Raichu-Alola,expanding-force,machine,0,Regulation M-A,
26,alola,Raichu-Alola,facade,machine,0,Regulation M-A,
26,alola,Raichu-Alola,fake-out,machine,0,Regulation M-A,
26,alola,Raichu-Alola,fake-tears,machine,0,Regulation M-A,
26,alola,Raichu-Alola,feint,machine,0,Regulation M-A,
26,alola,Raichu-Alola,flail,machine,0,Regulation M-A,
26,alola,Raichu-Alola,fling,machine,0,Regulation M-A,
26,alola,Raichu-Alola,focus-blast,machine,0,Regulation M-A,
26,alola,Raichu-Alola,focus-punch,machine,0,Regulation M-A,
26,alola,Raichu-Alola,giga-impact,machine,0,Regulation M-A,
26,alola,Raichu-Alola,grass-knot,machine,0,Regulation M-A,
26,alola,Raichu-Alola,helping-hand,machine,0,Regulation M-A,
26,alola,Raichu-Alola,hyper-beam,machine,0,Regulation M-A,
26,alola,Raichu-Alola,iron-tail,machine,0,Regulation M-A,
26,alola,Raichu-Alola,knock-off,machine,0,Regulation M-A,
26,alola,Raichu-Alola,light-screen,machine,0,Regulation M-A,
26,alola,Raichu-Alola,magic-room,machine,0,Regulation M-A,
26,alola,Raichu-Alola,mega-kick,machine,0,Regulation M-A,
26,alola,Raichu-Alola,nasty-plot,machine,0,Regulation M-A,
26,alola,Raichu-Alola,nuzzle,machine,0,Regulation M-A,
26,alola,Raichu-Alola,play-rough,machine,0,Regulation M-A,
26,alola,Raichu-Alola,protect,machine,0,Regulation M-A,
26,alola,Raichu-Alola,psychic,machine,0,Regulation M-A,
26,alola,Raichu-Alola,psychic-noise,machine,0,Regulation M-A,
26,alola,Raichu-Alola,psychic-terrain,machine,0,Regulation M-A,
26,alola,Raichu-Alola,psyshock,machine,0,Regulation M-A,
26,alola,Raichu-Alola,quick-attack,machine,0,Regulation M-A,
26,alola,Raichu-Alola,rain-dance,machine,0,Regulation M-A,
26,alola,Raichu-Alola,reflect,machine,0,Regulation M-A,
26,alola,Raichu-Alola,rest,machine,0,Regulation M-A,
26,alola,Raichu-Alola,reversal,machine,0,Regulation M-A,
26,alola,Raichu-Alola,rising-voltage,machine,0,Regulation M-A,
26,alola,Raichu-Alola,round,machine,0,Regulation M-A,
26,alola,Raichu-Alola,skill-swap,machine,0,Regulation M-A,
26,alola,Raichu-Alola,sleep-talk,machine,0,Regulation M-A,
26,alola,Raichu-Alola,snore,machine,0,Regulation M-A,
26,alola,Raichu-Alola,speed-swap,machine,0,Regulation M-A,
26,alola,Raichu-Alola,stored-power,machine,0,Regulation M-A,
26,alola,Raichu-Alola,substitute,machine,0,Regulation M-A,
26,alola,Raichu-Alola,surf,machine,0,Regulation M-A,
26,alola,Raichu-Alola,sweet-kiss,machine,0,Regulation M-A,
26,alola,Raichu-Alola,thief,machine,0,Regulation M-A,
26,alola,Raichu-Alola,thunder,machine,0,Regulation M-A,
26,alola,Raichu-Alola,thunder-punch,machine,0,Regulation M-A,
26,alola,Raichu-Alola,thunder-wave,machine,0,Regulation M-A,
26,alola,Raichu-Alola,thunderbolt,machine,0,Regulation M-A,
26,alola,Raichu-Alola,tickle,machine,0,Regulation M-A,
26,alola,Raichu-Alola,trailblaze,machine,0,Regulation M-A,
26,alola,Raichu-Alola,upper-hand,machine,0,Regulation M-A,
26,alola,Raichu-Alola,volt-switch,machine,0,Regulation M-A,
26,alola,Raichu-Alola,volt-tackle,machine,0,Regulation M-A,
26,alola,Raichu-Alola,wild-charge,machine,0,Regulation M-A,
26,alola,Raichu-Alola,wish,machine,0,Regulation M-A,
26,alola,Raichu-Alola,zap-cannon,machine,0,Regulation M-A,
36,"",Clefable,after-you,machine,0,Regulation M-A,
36,"",Clefable,air-slash,machine,0,Regulation M-A,
36,"",Clefable,alluring-voice,machine,0,Regulation M-A,
36,"",Clefable,amnesia,machine,0,Regulation M-A,
36,"",Clefable,baton-pass,machine,0,Regulation M-A,
36,"",Clefable,blizzard,machine,0,Regulation M-A,
36,"",Clefable,body-slam,machine,0,Regulation M-A,
36,"",Clefable,bounce,machine,0,Regulation M-A,
36,"",Clefable,brick-break,machine,0,Regulation M-A,
36,"",Clefable,calm-mind,machine,0,Regulation M-A,
36,"",Clefable,charge-beam,machine,0,Regulation M-A,
36,"",Clefable,charm,machine,0,Regulation M-A,
36,"",Clefable,chilling-water,machine,0,Regulation M-A,
36,"",Clefable,copycat,machine,0,Regulation M-A,
36,"",Clefable,cosmic-power,machine,0,Regulation M-A,
36,"",Clefable,dazzling-gleam,machine,0,Regulation M-A,
36,"",Clefable,dig,machine,0,Regulation M-A,
36,"",Clefable,double-edge,machine,0,Regulation M-A,
36,"",Clefable,drain-punch,machine,0,Regulation M-A,
36,"",Clefable,draining-kiss,machine,0,Regulation M-A,
36,"",Clefable,dual-wingbeat,machine,0,Regulation M-A,
36,"",Clefable,encore,machine,0,Regulation M-A,
36,"",Clefable,endeavor,machine,0,Regulation M-A,
36,"",Clefable,endure,machine,0,Regulation M-A,
36,"",Clefable,facade,machine,0,Regulation M-A,
36,"",Clefable,fake-tears,machine,0,Regulation M-A,
36,"",Clefable,fire-blast,machine,0,Regulation M-A,
36,"",Clefable,fire-punch,machine,0,Regulation M-A,
36,"",Clefable,flamethrower,machine,0,Regulation M-A,
36,"",Clefable,fling,machine,0,Regulation M-A,
36,"",Clefable,focus-blast,machine,0,Regulation M-A,
36,"",Clefable,focus-punch,machine,0,Regulation M-A,
36,"",Clefable,follow-me,machine,0,Regulation M-A,
36,"",Clefable,future-sight,machine,0,Regulation M-A,
36,"",Clefable,giga-impact,machine,0,Regulation M-A,
36,"",Clefable,grass-knot,machine,0,Regulation M-A,
36,"",Clefable,gravity,machine,0,Regulation M-A,
36,"",Clefable,heal-pulse,machine,0,Regulation M-A,
36,"",Clefable,healing-wish,machine,0,Regulation M-A,
36,"",Clefable,helping-hand,machine,0,Regulation M-A,
36,"",Clefable,hyper-beam,machine,0,Regulation M-A,
36,"",Clefable,hyper-voice,machine,0,Regulation M-A,
36,"",Clefable,ice-beam,machine,0,Regulation M-A,
36,"",Clefable,ice-punch,machine,0,Regulation M-A,
36,"",Clefable,icy-wind,machine,0,Regulation M-A,
36,"",Clefable,imprison,machine,0,Regulation M-A,
36,"",Clefable,knock-off,machine,0,Regulation M-A,
36,"",Clefable,life-dew,machine,0,Regulation M-A,
36,"",Clefable,light-screen,machine,0,Regulation M-A,
36,"",Clefable,meteor-beam,machine,0,Regulation M-A,
36,"",Clefable,meteor-mash,machine,0,Regulation M-A,
36,"",Clefable,misty-explosion,machine,0,Regulation M-A,
36,"",Clefable,misty-terrain,machine,0,Regulation M-A,
36,"",Clefable,moonblast,machine,0,Regulation M-A,
36,"",Clefable,moonlight,machine,0,Regulation M-A,
36,"",Clefable,mystical-fire,machine,0,Regulation M-A,
36,"",Clefable,night-shade,machine,0,Regulation M-A,
36,"",Clefable,play-rough,machine,0,Regulation M-A,
36,"",Clefable,protect,machine,0,Regulation M-A,
36,"",Clefable,psych-up,machine,0,Regulation M-A,
36,"",Clefable,psychic,machine,0,Regulation M-A,
36,"",Clefable,psyshock,machine,0,Regulation M-A,
36,"",Clefable,rain-dance,machine,0,Regulation M-A,
36,"",Clefable,reflect,machine,0,Regulation M-A,
36,"",Clefable,rest,machine,0,Regulation M-A,
36,"",Clefable,round,machine,0,Regulation M-A,
36,"",Clefable,safeguard,machine,0,Regulation M-A,
36,"",Clefable,shadow-ball,machine,0,Regulation M-A,
36,"",Clefable,sing,machine,0,Regulation M-A,
36,"",Clefable,skill-swap,machine,0,Regulation M-A,
36,"",Clefable,sleep-talk,machine,0,Regulation M-A,
36,"",Clefable,snore,machine,0,Regulation M-A,
36,"",Clefable,solar-beam,machine,0,Regulation M-A,
36,"",Clefable,stealth-rock,machine,0,Regulation M-A,
36,"",Clefable,stored-power,machine,0,Regulation M-A,
36,"",Clefable,substitute,machine,0,Regulation M-A,
36,"",Clefable,sunny-day,machine,0,Regulation M-A,
36,"",Clefable,sweet-kiss,machine,0,Regulation M-A,
36,"",Clefable,thief,machine,0,Regulation M-A,
36,"",Clefable,thunder,machine,0,Regulation M-A,
36,"",Clefable,thunder-punch,machine,0,Regulation M-A,
36,"",Clefable,thunder-wave,machine,0,Regulation M-A,
36,"",Clefable,thunderbolt,machine,0,Regulation M-A,
36,"",Clefable,tickle,machine,0,Regulation M-A,
36,"",Clefable,tri-attack,machine,0,Regulation M-A,
36,"",Clefable,trick,machine,0,Regulation M-A,
36,"",Clefable,uproar,machine,0,Regulation M-A,
36,"",Clefable,water-pulse,machine,0,Regulation M-A,
36,"",Clefable,wish,machine,0,Regulation M-A,
36,"",Clefable,wonder-room,machine,0,Regulation M-A,
36,"",Clefable,zen-headbutt,machine,0,Regulation M-A,
38,"",Ninetales,agility,machine,0,Regulation M-A,
38,"",Ninetales,attract,machine,0,Regulation M-A,
38,"",Ninetales,baby-doll-eyes,machine,0,Regulation M-A,
38,"",Ninetales,baton-pass,machine,0,Regulation M-A,
38,"",Ninetales,body-slam,machine,0,Regulation M-A,
38,"",Ninetales,burning-jealousy,machine,0,Regulation M-A,
38,"",Ninetales,calm-mind,machine,0,Regulation M-A,
38,"",Ninetales,charm,machine,0,Regulation M-A,
38,"",Ninetales,confuse-ray,machine,0,Regulation M-A,
38,"",Ninetales,dark-pulse,machine,0,Regulation M-A,
38,"",Ninetales,dig,machine,0,Regulation M-A,
38,"",Ninetales,disable,machine,0,Regulation M-A,
38,"",Ninetales,double-edge,machine,0,Regulation M-A,
38,"",Ninetales,encore,machine,0,Regulation M-A,
38,"",Ninetales,endure,machine,0,Regulation M-A,
38,"",Ninetales,energy-ball,machine,0,Regulation M-A,
38,"",Ninetales,extrasensory,machine,0,Regulation M-A,
38,"",Ninetales,facade,machine,0,Regulation M-A,
38,"",Ninetales,fake-tears,machine,0,Regulation M-A,
38,"",Ninetales,fire-blast,machine,0,Regulation M-A,
38,"",Ninetales,fire-spin,machine,0,Regulation M-A,
38,"",Ninetales,flail,machine,0,Regulation M-A,
38,"",Ninetales,flame-charge,machine,0,Regulation M-A,
38,"",Ninetales,flamethrower,machine,0,Regulation M-A,
38,"",Ninetales,flare-blitz,machine,0,Regulation M-A,
38,"",Ninetales,foul-play,machine,0,Regulation M-A,
38,"",Ninetales,giga-impact,machine,0,Regulation M-A,
38,"",Ninetales,healing-wish,machine,0,Regulation M-A,
38,"",Ninetales,heat-wave,machine,0,Regulation M-A,
38,"",Ninetales,helping-hand,machine,0,Regulation M-A,
38,"",Ninetales,hex,machine,0,Regulation M-A,
38,"",Ninetales,howl,machine,0,Regulation M-A,
38,"",Ninetales,hyper-beam,machine,0,Regulation M-A,
38,"",Ninetales,hypnosis,machine,0,Regulation M-A,
38,"",Ninetales,imprison,machine,0,Regulation M-A,
38,"",Ninetales,inferno,machine,0,Regulation M-A,
38,"",Ninetales,iron-tail,machine,0,Regulation M-A,
38,"",Ninetales,memento,machine,0,Regulation M-A,
38,"",Ninetales,mystical-fire,machine,0,Regulation M-A,
38,"",Ninetales,nasty-plot,machine,0,Regulation M-A,
38,"",Ninetales,night-shade,machine,0,Regulation M-A,
38,"",Ninetales,overheat,machine,0,Regulation M-A,
38,"",Ninetales,pain-split,machine,0,Regulation M-A,
38,"",Ninetales,payback,machine,0,Regulation M-A,
38,"",Ninetales,power-swap,machine,0,Regulation M-A,
38,"",Ninetales,protect,machine,0,Regulation M-A,
38,"",Ninetales,psych-up,machine,0,Regulation M-A,
38,"",Ninetales,psyshock,machine,0,Regulation M-A,
38,"",Ninetales,quick-attack,machine,0,Regulation M-A,
38,"",Ninetales,rest,machine,0,Regulation M-A,
38,"",Ninetales,roar,machine,0,Regulation M-A,
38,"",Ninetales,round,machine,0,Regulation M-A,
38,"",Ninetales,safeguard,machine,0,Regulation M-A,
38,"",Ninetales,scorching-sands,machine,0,Regulation M-A,
38,"",Ninetales,shadow-ball,machine,0,Regulation M-A,
38,"",Ninetales,sleep-talk,machine,0,Regulation M-A,
38,"",Ninetales,snarl,machine,0,Regulation M-A,
38,"",Ninetales,snore,machine,0,Regulation M-A,
38,"",Ninetales,solar-beam,machine,0,Regulation M-A,
38,"",Ninetales,spite,machine,0,Regulation M-A,
38,"",Ninetales,stored-power,machine,0,Regulation M-A,
38,"",Ninetales,substitute,machine,0,Regulation M-A,
38,"",Ninetales,sunny-day,machine,0,Regulation M-A,
38,"",Ninetales,tail-slap,machine,0,Regulation M-A,
38,"",Ninetales,weather-ball,machine,0,Regulation M-A,
38,"",Ninetales,will-o-wisp,machine,0,Regulation M-A,
38,"",Ninetales,zen-headbutt,machine,0,Regulation M-A,
38,alola,Ninetales-Alola,agility,machine,0,Regulation M-A,
38,alola,Ninetales-Alola,attract,machine,0,Regulation M-A,
38,alola,Ninetales-Alola,aurora-veil,machine,0,Regulation M-A,
38,alola,Ninetales-Alola,avalanche,machine,0,Regulation M-A,
38,alola,Ninetales-Alola,baby-doll-eyes,machine,0,Regulation M-A,
38,alola,Ninetales-Alola,baton-pass,machine,0,Regulation M-A,
38,alola,Ninetales-Alola,blizzard,machine,0,Regulation M-A,
38,alola,Ninetales-Alola,body-slam,machine,0,Regulation M-A,
38,alola,Ninetales-Alola,calm-mind,machine,0,Regulation M-A,
38,alola,Ninetales-Alola,charm,machine,0,Regulation M-A,
38,alola,Ninetales-Alola,chilling-water,machine,0,Regulation M-A,
38,alola,Ninetales-Alola,confuse-ray,machine,0,Regulation M-A,
38,alola,Ninetales-Alola,dark-pulse,machine,0,Regulation M-A,
38,alola,Ninetales-Alola,dazzling-gleam,machine,0,Regulation M-A,
38,alola,Ninetales-Alola,dig,machine,0,Regulation M-A,
38,alola,Ninetales-Alola,disable,machine,0,Regulation M-A,
38,alola,Ninetales-Alola,double-edge,machine,0,Regulation M-A,
38,alola,Ninetales-Alola,draining-kiss,machine,0,Regulation M-A,
38,alola,Ninetales-Alola,encore,machine,0,Regulation M-A,
38,alola,Ninetales-Alola,endure,machine,0,Regulation M-A,
38,alola,Ninetales-Alola,extrasensory,machine,0,Regulation M-A,
38,alola,Ninetales-Alola,facade,machine,0,Regulation M-A,
38,alola,Ninetales-Alola,fake-tears,machine,0,Regulation M-A,
38,alola,Ninetales-Alola,flail,machine,0,Regulation M-A,
38,alola,Ninetales-Alola,foul-play,machine,0,Regulation M-A,
38,alola,Ninetales-Alola,freeze-dry,machine,0,Regulation M-A,
38,alola,Ninetales-Alola,giga-impact,machine,0,Regulation M-A,
38,alola,Ninetales-Alola,helping-hand,machine,0,Regulation M-A,
38,alola,Ninetales-Alola,hex,machine,0,Regulation M-A,
38,alola,Ninetales-Alola,howl,machine,0,Regulation M-A,
38,alola,Ninetales-Alola,hyper-beam,machine,0,Regulation M-A,
38,alola,Ninetales-Alola,hypnosis,machine,0,Regulation M-A,
38,alola,Ninetales-Alola,ice-beam,machine,0,Regulation M-A,
38,alola,Ninetales-Alola,ice-shard,machine,0,Regulation M-A,
38,alola,Ninetales-Alola,icicle-spear,machine,0,Regulation M-A,
38,alola,Ninetales-Alola,icy-wind,machine,0,Regulation M-A,
38,alola,Ninetales-Alola,imprison,machine,0,Regulation M-A,
38,alola,Ninetales-Alola,iron-tail,machine,0,Regulation M-A,
38,alola,Ninetales-Alola,misty-terrain,machine,0,Regulation M-A,
38,alola,Ninetales-Alola,moonblast,machine,0,Regulation M-A,
38,alola,Ninetales-Alola,nasty-plot,machine,0,Regulation M-A,
38,alola,Ninetales-Alola,pain-split,machine,0,Regulation M-A,
38,alola,Ninetales-Alola,payback,machine,0,Regulation M-A,
38,alola,Ninetales-Alola,play-rough,machine,0,Regulation M-A,
38,alola,Ninetales-Alola,power-swap,machine,0,Regulation M-A,
38,alola,Ninetales-Alola,protect,machine,0,Regulation M-A,
38,alola,Ninetales-Alola,psych-up,machine,0,Regulation M-A,
38,alola,Ninetales-Alola,psyshock,machine,0,Regulation M-A,
38,alola,Ninetales-Alola,rain-dance,machine,0,Regulation M-A,
38,alola,Ninetales-Alola,rest,machine,0,Regulation M-A,
38,alola,Ninetales-Alola,roar,machine,0,Regulation M-A,
38,alola,Ninetales-Alola,round,machine,0,Regulation M-A,
38,alola,Ninetales-Alola,safeguard,machine,0,Regulation M-A,
38,alola,Ninetales-Alola,sleep-talk,machine,0,Regulation M-A,
38,alola,Ninetales-Alola,snore,machine,0,Regulation M-A,
38,alola,Ninetales-Alola,snowscape,machine,0,Regulation M-A,
38,alola,Ninetales-Alola,spite,machine,0,Regulation M-A,
38,alola,Ninetales-Alola,stored-power,machine,0,Regulation M-A,
38,alola,Ninetales-Alola,substitute,machine,0,Regulation M-A,
38,alola,Ninetales-Alola,tail-slap,machine,0,Regulation M-A,
38,alola,Ninetales-Alola,triple-axel,machine,0,Regulation M-A,
38,alola,Ninetales-Alola,weather-ball,machine,0,Regulation M-A,
38,alola,Ninetales-Alola,wonder-room,machine,0,Regulation M-A,
38,alola,Ninetales-Alola,zen-headbutt,machine,0,Regulation M-A,
45,"",Vileplume,acid-spray,machine,0,Regulation M-B,
45,"",Vileplume,after-you,machine,0,Regulation M-B,
45,"",Vileplume,attract,machine,0,Regulation M-B,
45,"",Vileplume,body-slam,machine,0,Regulation M-B,
45,"",Vileplume,bullet-seed,machine,0,Regulation M-B,
45,"",Vileplume,charm,machine,0,Regulation M-B,
45,"",Vileplume,corrosive-gas,machine,0,Regulation M-B,
45,"",Vileplume,dazzling-gleam,machine,0,Regulation M-B,
45,"",Vileplume,endure,machine,0,Regulation M-B,
45,"",Vileplume,energy-ball,machine,0,Regulation M-B,
45,"",Vileplume,facade,machine,0,Regulation M-B,
45,"",Vileplume,flail,machine,0,Regulation M-B,
45,"",Vileplume,fling,machine,0,Regulation M-B,
45,"",Vileplume,giga-drain,machine,0,Regulation M-B,
45,"",Vileplume,giga-impact,machine,0,Regulation M-B,
45,"",Vileplume,grass-knot,machine,0,Regulation M-B,
45,"",Vileplume,grassy-glide,machine,0,Regulation M-B,
45,"",Vileplume,grassy-terrain,machine,0,Regulation M-B,
45,"",Vileplume,growth,machine,0,Regulation M-B,
45,"",Vileplume,helping-hand,machine,0,Regulation M-B,
45,"",Vileplume,hyper-beam,machine,0,Regulation M-B,
45,"",Vileplume,ingrain,machine,0,Regulation M-B,
45,"",Vileplume,leaf-storm,machine,0,Regulation M-B,
45,"",Vileplume,leech-seed,machine,0,Regulation M-B,
45,"",Vileplume,moonblast,machine,0,Regulation M-B,
45,"",Vileplume,moonlight,machine,0,Regulation M-B,
45,"",Vileplume,petal-blizzard,machine,0,Regulation M-B,
45,"",Vileplume,petal-dance,machine,0,Regulation M-B,
45,"",Vileplume,poison-powder,machine,0,Regulation M-B,
45,"",Vileplume,pollen-puff,machine,0,Regulation M-B,
45,"",Vileplume,protect,machine,0,Regulation M-B,
45,"",Vileplume,rest,machine,0,Regulation M-B,
45,"",Vileplume,round,machine,0,Regulation M-B,
45,"",Vileplume,seed-bomb,machine,0,Regulation M-B,
45,"",Vileplume,sleep-powder,machine,0,Regulation M-B,
45,"",Vileplume,sleep-talk,machine,0,Regulation M-B,
45,"",Vileplume,sludge-bomb,machine,0,Regulation M-B,
45,"",Vileplume,sludge-wave,machine,0,Regulation M-B,
45,"",Vileplume,snore,machine,0,Regulation M-B,
45,"",Vileplume,solar-beam,machine,0,Regulation M-B,
45,"",Vileplume,solar-blade,machine,0,Regulation M-B,
45,"",Vileplume,strength-sap,machine,0,Regulation M-B,
45,"",Vileplume,stun-spore,machine,0,Regulation M-B,
45,"",Vileplume,substitute,machine,0,Regulation M-B,
45,"",Vileplume,sunny-day,machine,0,Regulation M-B,
45,"",Vileplume,sweet-scent,machine,0,Regulation M-B,
45,"",Vileplume,swords-dance,machine,0,Regulation M-B,
45,"",Vileplume,synthesis,machine,0,Regulation M-B,
45,"",Vileplume,teeter-dance,machine,0,Regulation M-B,
45,"",Vileplume,tickle,machine,0,Regulation M-B,
45,"",Vileplume,toxic,machine,0,Regulation M-B,
45,"",Vileplume,trailblaze,machine,0,Regulation M-B,
45,"",Vileplume,venoshock,machine,0,Regulation M-B,
45,"",Vileplume,weather-ball,machine,0,Regulation M-B,
59,"",Arcanine,aerial-ace,machine,0,Regulation M-A,
59,"",Arcanine,agility,machine,0,Regulation M-A,
59,"",Arcanine,bite,machine,0,Regulation M-A,
59,"",Arcanine,body-slam,machine,0,Regulation M-A,
59,"",Arcanine,bulldoze,machine,0,Regulation M-A,
59,"",Arcanine,burn-up,machine,0,Regulation M-A,
59,"",Arcanine,charm,machine,0,Regulation M-A,
59,"",Arcanine,close-combat,machine,0,Regulation M-A,
59,"",Arcanine,covet,machine,0,Regulation M-A,
59,"",Arcanine,crunch,machine,0,Regulation M-A,
59,"",Arcanine,curse,machine,0,Regulation M-A,
59,"",Arcanine,dig,machine,0,Regulation M-A,
59,"",Arcanine,double-edge,machine,0,Regulation M-A,
59,"",Arcanine,dragon-pulse,machine,0,Regulation M-A,
59,"",Arcanine,endure,machine,0,Regulation M-A,
59,"",Arcanine,extreme-speed,machine,0,Regulation M-A,
59,"",Arcanine,facade,machine,0,Regulation M-A,
59,"",Arcanine,fire-blast,machine,0,Regulation M-A,
59,"",Arcanine,fire-fang,machine,0,Regulation M-A,
59,"",Arcanine,fire-spin,machine,0,Regulation M-A,
59,"",Arcanine,flame-charge,machine,0,Regulation M-A,
59,"",Arcanine,flamethrower,machine,0,Regulation M-A,
59,"",Arcanine,flare-blitz,machine,0,Regulation M-A,
59,"",Arcanine,giga-impact,machine,0,Regulation M-A,
59,"",Arcanine,heat-crash,machine,0,Regulation M-A,
59,"",Arcanine,heat-wave,machine,0,Regulation M-A,
59,"",Arcanine,helping-hand,machine,0,Regulation M-A,
59,"",Arcanine,howl,machine,0,Regulation M-A,
59,"",Arcanine,hyper-beam,machine,0,Regulation M-A,
59,"",Arcanine,hyper-voice,machine,0,Regulation M-A,
59,"",Arcanine,iron-head,machine,0,Regulation M-A,
59,"",Arcanine,iron-tail,machine,0,Regulation M-A,
59,"",Arcanine,morning-sun,machine,0,Regulation M-A,
59,"",Arcanine,outrage,machine,0,Regulation M-A,
59,"",Arcanine,overheat,machine,0,Regulation M-A,
59,"",Arcanine,play-rough,machine,0,Regulation M-A,
59,"",Arcanine,protect,machine,0,Regulation M-A,
59,"",Arcanine,psychic-fangs,machine,0,Regulation M-A,
59,"",Arcanine,raging-fury,machine,0,Regulation M-A,
59,"",Arcanine,rest,machine,0,Regulation M-A,
59,"",Arcanine,reversal,machine,0,Regulation M-A,
59,"",Arcanine,roar,machine,0,Regulation M-A,
59,"",Arcanine,round,machine,0,Regulation M-A,
59,"",Arcanine,scary-face,machine,0,Regulation M-A,
59,"",Arcanine,scorching-sands,machine,0,Regulation M-A,
59,"",Arcanine,sleep-talk,machine,0,Regulation M-A,
59,"",Arcanine,snarl,machine,0,Regulation M-A,
59,"",Arcanine,snore,machine,0,Regulation M-A,
59,"",Arcanine,solar-beam,machine,0,Regulation M-A,
59,"",Arcanine,substitute,machine,0,Regulation M-A,
59,"",Arcanine,sunny-day,machine,0,Regulation M-A,
59,"",Arcanine,temper-flare,machine,0,Regulation M-A,
59,"",Arcanine,thief,machine,0,Regulation M-A,
59,"",Arcanine,thrash,machine,0,Regulation M-A,
59,"",Arcanine,thunder-fang,machine,0,Regulation M-A,
59,"",Arcanine,wild-charge,machine,0,Regulation M-A,
59,"",Arcanine,will-o-wisp,machine,0,Regulation M-A,
59,hisui,Arcanine-Hisui,aerial-ace,machine,0,Regulation M-A,
59,hisui,Arcanine-Hisui,agility,machine,0,Regulation M-A,
59,hisui,Arcanine-Hisui,bite,machine,0,Regulation M-A,
59,hisui,Arcanine-Hisui,body-slam,machine,0,Regulation M-A,
59,hisui,Arcanine-Hisui,bulldoze,machine,0,Regulation M-A,
59,hisui,Arcanine-Hisui,burn-up,machine,0,Regulation M-A,
59,hisui,Arcanine-Hisui,close-combat,machine,0,Regulation M-A,
59,hisui,Arcanine-Hisui,covet,machine,0,Regulation M-A,
59,hisui,Arcanine-Hisui,crunch,machine,0,Regulation M-A,
59,hisui,Arcanine-Hisui,dig,machine,0,Regulation M-A,
59,hisui,Arcanine-Hisui,double-edge,machine,0,Regulation M-A,
59,hisui,Arcanine-Hisui,dragon-pulse,machine,0,Regulation M-A,
59,hisui,Arcanine-Hisui,endure,machine,0,Regulation M-A,
59,hisui,Arcanine-Hisui,extreme-speed,machine,0,Regulation M-A,
59,hisui,Arcanine-Hisui,facade,machine,0,Regulation M-A,
59,hisui,Arcanine-Hisui,fire-blast,machine,0,Regulation M-A,
59,hisui,Arcanine-Hisui,fire-fang,machine,0,Regulation M-A,
59,hisui,Arcanine-Hisui,fire-spin,machine,0,Regulation M-A,
59,hisui,Arcanine-Hisui,flame-charge,machine,0,Regulation M-A,
59,hisui,Arcanine-Hisui,flamethrower,machine,0,Regulation M-A,
59,hisui,Arcanine-Hisui,flare-blitz,machine,0,Regulation M-A,
59,hisui,Arcanine-Hisui,giga-impact,machine,0,Regulation M-A,
59,hisui,Arcanine-Hisui,head-smash,machine,0,Regulation M-A,
59,hisui,Arcanine-Hisui,heat-crash,machine,0,Regulation M-A,
59,hisui,Arcanine-Hisui,heat-wave,machine,0,Regulation M-A,
59,hisui,Arcanine-Hisui,helping-hand,machine,0,Regulation M-A,
59,hisui,Arcanine-Hisui,howl,machine,0,Regulation M-A,
59,hisui,Arcanine-Hisui,hyper-beam,machine,0,Regulation M-A,
59,hisui,Arcanine-Hisui,hyper-voice,machine,0,Regulation M-A,
59,hisui,Arcanine-Hisui,iron-head,machine,0,Regulation M-A,
59,hisui,Arcanine-Hisui,iron-tail,machine,0,Regulation M-A,
59,hisui,Arcanine-Hisui,morning-sun,machine,0,Regulation M-A,
59,hisui,Arcanine-Hisui,outrage,machine,0,Regulation M-A,
59,hisui,Arcanine-Hisui,overheat,machine,0,Regulation M-A,
59,hisui,Arcanine-Hisui,power-gem,machine,0,Regulation M-A,
59,hisui,Arcanine-Hisui,protect,machine,0,Regulation M-A,
59,hisui,Arcanine-Hisui,psychic-fangs,machine,0,Regulation M-A,
59,hisui,Arcanine-Hisui,raging-fury,machine,0,Regulation M-A,
59,hisui,Arcanine-Hisui,rest,machine,0,Regulation M-A,
59,hisui,Arcanine-Hisui,reversal,machine,0,Regulation M-A,
59,hisui,Arcanine-Hisui,roar,machine,0,Regulation M-A,
59,hisui,Arcanine-Hisui,rock-blast,machine,0,Regulation M-A,
59,hisui,Arcanine-Hisui,rock-slide,machine,0,Regulation M-A,
59,hisui,Arcanine-Hisui,rock-tomb,machine,0,Regulation M-A,
59,hisui,Arcanine-Hisui,round,machine,0,Regulation M-A,
59,hisui,Arcanine-Hisui,sandstorm,machine,0,Regulation M-A,
59,hisui,Arcanine-Hisui,scary-face,machine,0,Regulation M-A,
59,hisui,Arcanine-Hisui,scorching-sands,machine,0,Regulation M-A,
59,hisui,Arcanine-Hisui,sleep-talk,machine,0,Regulation M-A,
59,hisui,Arcanine-Hisui,smack-down,machine,0,Regulation M-A,
59,hisui,Arcanine-Hisui,smart-strike,machine,0,Regulation M-A,
59,hisui,Arcanine-Hisui,snarl,machine,0,Regulation M-A,
59,hisui,Arcanine-Hisui,snore,machine,0,Regulation M-A,
59,hisui,Arcanine-Hisui,solar-beam,machine,0,Regulation M-A,
59,hisui,Arcanine-Hisui,stealth-rock,machine,0,Regulation M-A,
59,hisui,Arcanine-Hisui,stone-edge,machine,0,Regulation M-A,
59,hisui,Arcanine-Hisui,substitute,machine,0,Regulation M-A,
59,hisui,Arcanine-Hisui,sunny-day,machine,0,Regulation M-A,
59,hisui,Arcanine-Hisui,temper-flare,machine,0,Regulation M-A,
59,hisui,Arcanine-Hisui,thief,machine,0,Regulation M-A,
59,hisui,Arcanine-Hisui,thrash,machine,0,Regulation M-A,
59,hisui,Arcanine-Hisui,thunder-fang,machine,0,Regulation M-A,
59,hisui,Arcanine-Hisui,wild-charge,machine,0,Regulation M-A,
59,hisui,Arcanine-Hisui,will-o-wisp,machine,0,Regulation M-A,
65,"",Alakazam,ally-switch,machine,0,Regulation M-A,
65,"",Alakazam,attract,machine,0,Regulation M-A,
65,"",Alakazam,body-slam,machine,0,Regulation M-A,
65,"",Alakazam,calm-mind,machine,0,Regulation M-A,
65,"",Alakazam,dazzling-gleam,machine,0,Regulation M-A,
65,"",Alakazam,disable,machine,0,Regulation M-A,
65,"",Alakazam,double-team,machine,0,Regulation M-A,
65,"",Alakazam,drain-punch,machine,0,Regulation M-A,
65,"",Alakazam,encore,machine,0,Regulation M-A,
65,"",Alakazam,endure,machine,0,Regulation M-A,
65,"",Alakazam,energy-ball,machine,0,Regulation M-A,
65,"",Alakazam,expanding-force,machine,0,Regulation M-A,
65,"",Alakazam,facade,machine,0,Regulation M-A,
65,"",Alakazam,fire-punch,machine,0,Regulation M-A,
65,"",Alakazam,fling,machine,0,Regulation M-A,
65,"",Alakazam,focus-blast,machine,0,Regulation M-A,
65,"",Alakazam,foul-play,machine,0,Regulation M-A,
65,"",Alakazam,future-sight,machine,0,Regulation M-A,
65,"",Alakazam,giga-impact,machine,0,Regulation M-A,
65,"",Alakazam,grass-knot,machine,0,Regulation M-A,
65,"",Alakazam,guard-split,machine,0,Regulation M-A,
65,"",Alakazam,guard-swap,machine,0,Regulation M-A,
65,"",Alakazam,hyper-beam,machine,0,Regulation M-A,
65,"",Alakazam,ice-punch,machine,0,Regulation M-A,
65,"",Alakazam,imprison,machine,0,Regulation M-A,
65,"",Alakazam,iron-tail,machine,0,Regulation M-A,
65,"",Alakazam,light-screen,machine,0,Regulation M-A,
65,"",Alakazam,magic-room,machine,0,Regulation M-A,
65,"",Alakazam,mega-kick,machine,0,Regulation M-A,
65,"",Alakazam,nasty-plot,machine,0,Regulation M-A,
65,"",Alakazam,power-swap,machine,0,Regulation M-A,
65,"",Alakazam,protect,machine,0,Regulation M-A,
65,"",Alakazam,psychic,machine,0,Regulation M-A,
65,"",Alakazam,psychic-terrain,machine,0,Regulation M-A,
65,"",Alakazam,psycho-cut,machine,0,Regulation M-A,
65,"",Alakazam,psyshock,machine,0,Regulation M-A,
65,"",Alakazam,rain-dance,machine,0,Regulation M-A,
65,"",Alakazam,recover,machine,0,Regulation M-A,
65,"",Alakazam,reflect,machine,0,Regulation M-A,
65,"",Alakazam,rest,machine,0,Regulation M-A,
65,"",Alakazam,role-play,machine,0,Regulation M-A,
65,"",Alakazam,round,machine,0,Regulation M-A,
65,"",Alakazam,safeguard,machine,0,Regulation M-A,
65,"",Alakazam,shadow-ball,machine,0,Regulation M-A,
65,"",Alakazam,skill-swap,machine,0,Regulation M-A,
65,"",Alakazam,sleep-talk,machine,0,Regulation M-A,
65,"",Alakazam,snore,machine,0,Regulation M-A,
65,"",Alakazam,speed-swap,machine,0,Regulation M-A,
65,"",Alakazam,stored-power,machine,0,Regulation M-A,
65,"",Alakazam,substitute,machine,0,Regulation M-A,
65,"",Alakazam,sunny-day,machine,0,Regulation M-A,
65,"",Alakazam,taunt,machine,0,Regulation M-A,
65,"",Alakazam,thief,machine,0,Regulation M-A,
65,"",Alakazam,thunder-punch,machine,0,Regulation M-A,
65,"",Alakazam,thunder-wave,machine,0,Regulation M-A,
65,"",Alakazam,tri-attack,machine,0,Regulation M-A,
65,"",Alakazam,trick,machine,0,Regulation M-A,
65,"",Alakazam,trick-room,machine,0,Regulation M-A,
65,"",Alakazam,wonder-room,machine,0,Regulation M-A,
65,"",Alakazam,zen-headbutt,machine,0,Regulation M-A,
68,"",Machamp,assurance,machine,0,Regulation M-A,
68,"",Machamp,attract,machine,0,Regulation M-A,
68,"",Machamp,body-slam,machine,0,Regulation M-A,
68,"",Machamp,brick-break,machine,0,Regulation M-A,
68,"",Machamp,brutal-swing,machine,0,Regulation M-A,
68,"",Machamp,bulk-up,machine,0,Regulation M-A,
68,"",Machamp,bulldoze,machine,0,Regulation M-A,
68,"",Machamp,bullet-punch,machine,0,Regulation M-A,
68,"",Machamp,close-combat,machine,0,Regulation M-A,
68,"",Machamp,coaching,machine,0,Regulation M-A,
68,"",Machamp,counter,machine,0,Regulation M-A,
68,"",Machamp,cross-chop,machine,0,Regulation M-A,
68,"",Machamp,cross-poison,machine,0,Regulation M-A,
68,"",Machamp,darkest-lariat,machine,0,Regulation M-A,
68,"",Machamp,detect,machine,0,Regulation M-A,
68,"",Machamp,dig,machine,0,Regulation M-A,
68,"",Machamp,double-edge,machine,0,Regulation M-A,
68,"",Machamp,drain-punch,machine,0,Regulation M-A,
68,"",Machamp,dynamic-punch,machine,0,Regulation M-A,
68,"",Machamp,earthquake,machine,0,Regulation M-A,
68,"",Machamp,encore,machine,0,Regulation M-A,
68,"",Machamp,endure,machine,0,Regulation M-A,
68,"",Machamp,facade,machine,0,Regulation M-A,
68,"",Machamp,fire-blast,machine,0,Regulation M-A,
68,"",Machamp,fire-punch,machine,0,Regulation M-A,
68,"",Machamp,flamethrower,machine,0,Regulation M-A,
68,"",Machamp,fling,machine,0,Regulation M-A,
68,"",Machamp,focus-blast,machine,0,Regulation M-A,
68,"",Machamp,focus-energy,machine,0,Regulation M-A,
68,"",Machamp,giga-impact,machine,0,Regulation M-A,
68,"",Machamp,heavy-slam,machine,0,Regulation M-A,
68,"",Machamp,helping-hand,machine,0,Regulation M-A,
68,"",Machamp,high-horsepower,machine,0,Regulation M-A,
68,"",Machamp,hyper-beam,machine,0,Regulation M-A,
68,"",Machamp,ice-punch,machine,0,Regulation M-A,
68,"",Machamp,knock-off,machine,0,Regulation M-A,
68,"",Machamp,light-screen,machine,0,Regulation M-A,
68,"",Machamp,low-kick,machine,0,Regulation M-A,
68,"",Machamp,low-sweep,machine,0,Regulation M-A,
68,"",Machamp,mega-kick,machine,0,Regulation M-A,
68,"",Machamp,payback,machine,0,Regulation M-A,
68,"",Machamp,poison-jab,machine,0,Regulation M-A,
68,"",Machamp,protect,machine,0,Regulation M-A,
68,"",Machamp,quick-guard,machine,0,Regulation M-A,
68,"",Machamp,rain-dance,machine,0,Regulation M-A,
68,"",Machamp,rest,machine,0,Regulation M-A,
68,"",Machamp,reversal,machine,0,Regulation M-A,
68,"",Machamp,rock-blast,machine,0,Regulation M-A,
68,"",Machamp,rock-slide,machine,0,Regulation M-A,
68,"",Machamp,rock-tomb,machine,0,Regulation M-A,
68,"",Machamp,round,machine,0,Regulation M-A,
68,"",Machamp,scary-face,machine,0,Regulation M-A,
68,"",Machamp,seismic-toss,machine,0,Regulation M-A,
68,"",Machamp,sleep-talk,machine,0,Regulation M-A,
68,"",Machamp,snore,machine,0,Regulation M-A,
68,"",Machamp,stomping-tantrum,machine,0,Regulation M-A,
68,"",Machamp,stone-edge,machine,0,Regulation M-A,
68,"",Machamp,storm-throw,machine,0,Regulation M-A,
68,"",Machamp,substitute,machine,0,Regulation M-A,
68,"",Machamp,sunny-day,machine,0,Regulation M-A,
68,"",Machamp,superpower,machine,0,Regulation M-A,
68,"",Machamp,thief,machine,0,Regulation M-A,
68,"",Machamp,throat-chop,machine,0,Regulation M-A,
68,"",Machamp,thunder-punch,machine,0,Regulation M-A,
68,"",Machamp,tickle,machine,0,Regulation M-A,
68,"",Machamp,wide-guard,machine,0,Regulation M-A,
71,"",Victreebel,acid-spray,machine,0,Regulation M-A,
71,"",Victreebel,body-slam,machine,0,Regulation M-A,
71,"",Victreebel,bug-bite,machine,0,Regulation M-A,
71,"",Victreebel,bullet-seed,machine,0,Regulation M-A,
71,"",Victreebel,clear-smog,machine,0,Regulation M-A,
71,"",Victreebel,encore,machine,0,Regulation M-A,
71,"",Victreebel,endure,machine,0,Regulation M-A,
71,"",Victreebel,energy-ball,machine,0,Regulation M-A,
71,"",Victreebel,facade,machine,0,Regulation M-A,
71,"",Victreebel,gastro-acid,machine,0,Regulation M-A,
71,"",Victreebel,giga-drain,machine,0,Regulation M-A,
71,"",Victreebel,giga-impact,machine,0,Regulation M-A,
71,"",Victreebel,grass-knot,machine,0,Regulation M-A,
71,"",Victreebel,grassy-glide,machine,0,Regulation M-A,
71,"",Victreebel,grassy-terrain,machine,0,Regulation M-A,
71,"",Victreebel,growth,machine,0,Regulation M-A,
71,"",Victreebel,hyper-beam,machine,0,Regulation M-A,
71,"",Victreebel,ingrain,machine,0,Regulation M-A,
71,"",Victreebel,knock-off,machine,0,Regulation M-A,
71,"",Victreebel,leaf-blade,machine,0,Regulation M-A,
71,"",Victreebel,leaf-storm,machine,0,Regulation M-A,
71,"",Victreebel,leech-life,machine,0,Regulation M-A,
71,"",Victreebel,lunge,machine,0,Regulation M-A,
71,"",Victreebel,poison-jab,machine,0,Regulation M-A,
71,"",Victreebel,poison-powder,machine,0,Regulation M-A,
71,"",Victreebel,pounce,machine,0,Regulation M-A,
71,"",Victreebel,power-whip,machine,0,Regulation M-A,
71,"",Victreebel,protect,machine,0,Regulation M-A,
71,"",Victreebel,reflect,machine,0,Regulation M-A,
71,"",Victreebel,rest,machine,0,Regulation M-A,
71,"",Victreebel,round,machine,0,Regulation M-A,
71,"",Victreebel,scary-face,machine,0,Regulation M-A,
71,"",Victreebel,seed-bomb,machine,0,Regulation M-A,
71,"",Victreebel,sleep-powder,machine,0,Regulation M-A,
71,"",Victreebel,sleep-talk,machine,0,Regulation M-A,
71,"",Victreebel,sludge-bomb,machine,0,Regulation M-A,
71,"",Victreebel,sludge-wave,machine,0,Regulation M-A,
71,"",Victreebel,snore,machine,0,Regulation M-A,
71,"",Victreebel,solar-beam,machine,0,Regulation M-A,
71,"",Victreebel,spit-up,machine,0,Regulation M-A,
71,"",Victreebel,stockpile,machine,0,Regulation M-A,
71,"",Victreebel,strength-sap,machine,0,Regulation M-A,
71,"",Victreebel,stun-spore,machine,0,Regulation M-A,
71,"",Victreebel,substitute,machine,0,Regulation M-A,
71,"",Victreebel,sucker-punch,machine,0,Regulation M-A,
71,"",Victreebel,sunny-day,machine,0,Regulation M-A,
71,"",Victreebel,swallow,machine,0,Regulation M-A,
71,"",Victreebel,sweet-scent,machine,0,Regulation M-A,
71,"",Victreebel,swords-dance,machine,0,Regulation M-A,
71,"",Victreebel,synthesis,machine,0,Regulation M-A,
71,"",Victreebel,thief,machine,0,Regulation M-A,
71,"",Victreebel,tickle,machine,0,Regulation M-A,
71,"",Victreebel,toxic,machine,0,Regulation M-A,
71,"",Victreebel,toxic-spikes,machine,0,Regulation M-A,
71,"",Victreebel,trailblaze,machine,0,Regulation M-A,
71,"",Victreebel,venoshock,machine,0,Regulation M-A,
71,"",Victreebel,weather-ball,machine,0,Regulation M-A,
71,"",Victreebel,worry-seed,machine,0,Regulation M-A,
71,"",Victreebel,wrap,machine,0,Regulation M-A,
80,"",Slowbro,amnesia,machine,0,Regulation M-A,
80,"",Slowbro,avalanche,machine,0,Regulation M-A,
80,"",Slowbro,belch,machine,0,Regulation M-A,
80,"",Slowbro,belly-drum,machine,0,Regulation M-A,
80,"",Slowbro,blizzard,machine,0,Regulation M-A,
80,"",Slowbro,block,machine,0,Regulation M-A,
80,"",Slowbro,body-press,machine,0,Regulation M-A,
80,"",Slowbro,body-slam,machine,0,Regulation M-A,
80,"",Slowbro,brick-break,machine,0,Regulation M-A,
80,"",Slowbro,bulldoze,machine,0,Regulation M-A,
80,"",Slowbro,calm-mind,machine,0,Regulation M-A,
80,"",Slowbro,chilling-water,machine,0,Regulation M-A,
80,"",Slowbro,curse,machine,0,Regulation M-A,
80,"",Slowbro,dig,machine,0,Regulation M-A,
80,"",Slowbro,disable,machine,0,Regulation M-A,
80,"",Slowbro,dive,machine,0,Regulation M-A,
80,"",Slowbro,drain-punch,machine,0,Regulation M-A,
80,"",Slowbro,earthquake,machine,0,Regulation M-A,
80,"",Slowbro,endure,machine,0,Regulation M-A,
80,"",Slowbro,expanding-force,machine,0,Regulation M-A,
80,"",Slowbro,facade,machine,0,Regulation M-A,
80,"",Slowbro,fire-blast,machine,0,Regulation M-A,
80,"",Slowbro,flamethrower,machine,0,Regulation M-A,
80,"",Slowbro,fling,machine,0,Regulation M-A,
80,"",Slowbro,focus-blast,machine,0,Regulation M-A,
80,"",Slowbro,focus-punch,machine,0,Regulation M-A,
80,"",Slowbro,foul-play,machine,0,Regulation M-A,
80,"",Slowbro,future-sight,machine,0,Regulation M-A,
80,"",Slowbro,giga-impact,machine,0,Regulation M-A,
80,"",Slowbro,grass-knot,machine,0,Regulation M-A,
80,"",Slowbro,heal-pulse,machine,0,Regulation M-A,
80,"",Slowbro,helping-hand,machine,0,Regulation M-A,
80,"",Slowbro,hydro-pump,machine,0,Regulation M-A,
80,"",Slowbro,hyper-beam,machine,0,Regulation M-A,
80,"",Slowbro,ice-beam,machine,0,Regulation M-A,
80,"",Slowbro,ice-punch,machine,0,Regulation M-A,
80,"",Slowbro,icy-wind,machine,0,Regulation M-A,
80,"",Slowbro,imprison,machine,0,Regulation M-A,
80,"",Slowbro,iron-defense,machine,0,Regulation M-A,
80,"",Slowbro,iron-tail,machine,0,Regulation M-A,
80,"",Slowbro,light-screen,machine,0,Regulation M-A,
80,"",Slowbro,liquidation,machine,0,Regulation M-A,
80,"",Slowbro,mud-shot,machine,0,Regulation M-A,
80,"",Slowbro,muddy-water,machine,0,Regulation M-A,
80,"",Slowbro,nasty-plot,machine,0,Regulation M-A,
80,"",Slowbro,protect,machine,0,Regulation M-A,
80,"",Slowbro,psych-up,machine,0,Regulation M-A,
80,"",Slowbro,psychic,machine,0,Regulation M-A,
80,"",Slowbro,psychic-noise,machine,0,Regulation M-A,
80,"",Slowbro,psychic-terrain,machine,0,Regulation M-A,
80,"",Slowbro,psyshock,machine,0,Regulation M-A,
80,"",Slowbro,rain-dance,machine,0,Regulation M-A,
80,"",Slowbro,razor-shell,machine,0,Regulation M-A,
80,"",Slowbro,rest,machine,0,Regulation M-A,
80,"",Slowbro,round,machine,0,Regulation M-A,
80,"",Slowbro,safeguard,machine,0,Regulation M-A,
80,"",Slowbro,scald,machine,0,Regulation M-A,
80,"",Slowbro,shadow-ball,machine,0,Regulation M-A,
80,"",Slowbro,skill-swap,machine,0,Regulation M-A,
80,"",Slowbro,slack-off,machine,0,Regulation M-A,
80,"",Slowbro,sleep-talk,machine,0,Regulation M-A,
80,"",Slowbro,snore,machine,0,Regulation M-A,
80,"",Slowbro,snowscape,machine,0,Regulation M-A,
80,"",Slowbro,stored-power,machine,0,Regulation M-A,
80,"",Slowbro,substitute,machine,0,Regulation M-A,
80,"",Slowbro,sunny-day,machine,0,Regulation M-A,
80,"",Slowbro,surf,machine,0,Regulation M-A,
80,"",Slowbro,thunder-wave,machine,0,Regulation M-A,
80,"",Slowbro,tri-attack,machine,0,Regulation M-A,
80,"",Slowbro,trick,machine,0,Regulation M-A,
80,"",Slowbro,trick-room,machine,0,Regulation M-A,
80,"",Slowbro,water-pulse,machine,0,Regulation M-A,
80,"",Slowbro,waterfall,machine,0,Regulation M-A,
80,"",Slowbro,weather-ball,machine,0,Regulation M-A,
80,"",Slowbro,whirlpool,machine,0,Regulation M-A,
80,"",Slowbro,wonder-room,machine,0,Regulation M-A,
80,"",Slowbro,yawn,machine,0,Regulation M-A,
80,"",Slowbro,zen-headbutt,machine,0,Regulation M-A,
80,galar,Slowbro-Galar,acid-spray,machine,0,Regulation M-A,
80,galar,Slowbro-Galar,amnesia,machine,0,Regulation M-A,
80,galar,Slowbro-Galar,avalanche,machine,0,Regulation M-A,
80,galar,Slowbro-Galar,belch,machine,0,Regulation M-A,
80,galar,Slowbro-Galar,belly-drum,machine,0,Regulation M-A,
80,galar,Slowbro-Galar,blizzard,machine,0,Regulation M-A,
80,galar,Slowbro-Galar,block,machine,0,Regulation M-A,
80,galar,Slowbro-Galar,body-press,machine,0,Regulation M-A,
80,galar,Slowbro-Galar,body-slam,machine,0,Regulation M-A,
80,galar,Slowbro-Galar,brick-break,machine,0,Regulation M-A,
80,galar,Slowbro-Galar,bulldoze,machine,0,Regulation M-A,
80,galar,Slowbro-Galar,calm-mind,machine,0,Regulation M-A,
80,galar,Slowbro-Galar,chilling-water,machine,0,Regulation M-A,
80,galar,Slowbro-Galar,curse,machine,0,Regulation M-A,
80,galar,Slowbro-Galar,dig,machine,0,Regulation M-A,
80,galar,Slowbro-Galar,disable,machine,0,Regulation M-A,
80,galar,Slowbro-Galar,dive,machine,0,Regulation M-A,
80,galar,Slowbro-Galar,double-edge,machine,0,Regulation M-A,
80,galar,Slowbro-Galar,drain-punch,machine,0,Regulation M-A,
80,galar,Slowbro-Galar,earthquake,machine,0,Regulation M-A,
80,galar,Slowbro-Galar,endure,machine,0,Regulation M-A,
80,galar,Slowbro-Galar,expanding-force,machine,0,Regulation M-A,
80,galar,Slowbro-Galar,facade,machine,0,Regulation M-A,
80,galar,Slowbro-Galar,fire-blast,machine,0,Regulation M-A,
80,galar,Slowbro-Galar,flamethrower,machine,0,Regulation M-A,
80,galar,Slowbro-Galar,fling,machine,0,Regulation M-A,
80,galar,Slowbro-Galar,focus-blast,machine,0,Regulation M-A,
80,galar,Slowbro-Galar,foul-play,machine,0,Regulation M-A,
80,galar,Slowbro-Galar,future-sight,machine,0,Regulation M-A,
80,galar,Slowbro-Galar,giga-impact,machine,0,Regulation M-A,
80,galar,Slowbro-Galar,grass-knot,machine,0,Regulation M-A,
80,galar,Slowbro-Galar,gunk-shot,machine,0,Regulation M-A,
80,galar,Slowbro-Galar,haze,machine,0,Regulation M-A,
80,galar,Slowbro-Galar,heal-pulse,machine,0,Regulation M-A,
80,galar,Slowbro-Galar,helping-hand,machine,0,Regulation M-A,
80,galar,Slowbro-Galar,hydro-pump,machine,0,Regulation M-A,
80,galar,Slowbro-Galar,hyper-beam,machine,0,Regulation M-A,
80,galar,Slowbro-Galar,ice-beam,machine,0,Regulation M-A,
80,galar,Slowbro-Galar,ice-fang,machine,0,Regulation M-A,
80,galar,Slowbro-Galar,ice-punch,machine,0,Regulation M-A,
80,galar,Slowbro-Galar,icy-wind,machine,0,Regulation M-A,
80,galar,Slowbro-Galar,imprison,machine,0,Regulation M-A,
80,galar,Slowbro-Galar,iron-defense,machine,0,Regulation M-A,
80,galar,Slowbro-Galar,iron-tail,machine,0,Regulation M-A,
80,galar,Slowbro-Galar,light-screen,machine,0,Regulation M-A,
80,galar,Slowbro-Galar,liquidation,machine,0,Regulation M-A,
80,galar,Slowbro-Galar,mud-shot,machine,0,Regulation M-A,
80,galar,Slowbro-Galar,muddy-water,machine,0,Regulation M-A,
80,galar,Slowbro-Galar,nasty-plot,machine,0,Regulation M-A,
80,galar,Slowbro-Galar,poison-jab,machine,0,Regulation M-A,
80,galar,Slowbro-Galar,power-gem,machine,0,Regulation M-A,
80,galar,Slowbro-Galar,protect,machine,0,Regulation M-A,
80,galar,Slowbro-Galar,psych-up,machine,0,Regulation M-A,
80,galar,Slowbro-Galar,psychic,machine,0,Regulation M-A,
80,galar,Slowbro-Galar,psychic-terrain,machine,0,Regulation M-A,
80,galar,Slowbro-Galar,psyshock,machine,0,Regulation M-A,
80,galar,Slowbro-Galar,rain-dance,machine,0,Regulation M-A,
80,galar,Slowbro-Galar,razor-shell,machine,0,Regulation M-A,
80,galar,Slowbro-Galar,rest,machine,0,Regulation M-A,
80,galar,Slowbro-Galar,rock-blast,machine,0,Regulation M-A,
80,galar,Slowbro-Galar,round,machine,0,Regulation M-A,
80,galar,Slowbro-Galar,safeguard,machine,0,Regulation M-A,
80,galar,Slowbro-Galar,sandstorm,machine,0,Regulation M-A,
80,galar,Slowbro-Galar,scary-face,machine,0,Regulation M-A,
80,galar,Slowbro-Galar,shadow-ball,machine,0,Regulation M-A,
80,galar,Slowbro-Galar,shell-side-arm,machine,0,Regulation M-A,
80,galar,Slowbro-Galar,skill-swap,machine,0,Regulation M-A,
80,galar,Slowbro-Galar,slack-off,machine,0,Regulation M-A,
80,galar,Slowbro-Galar,sleep-talk,machine,0,Regulation M-A,
80,galar,Slowbro-Galar,sludge-bomb,machine,0,Regulation M-A,
80,galar,Slowbro-Galar,sludge-wave,machine,0,Regulation M-A,
80,galar,Slowbro-Galar,smack-down,machine,0,Regulation M-A,
80,galar,Slowbro-Galar,snore,machine,0,Regulation M-A,
80,galar,Slowbro-Galar,snowscape,machine,0,Regulation M-A,
80,galar,Slowbro-Galar,stored-power,machine,0,Regulation M-A,
80,galar,Slowbro-Galar,substitute,machine,0,Regulation M-A,
80,galar,Slowbro-Galar,sunny-day,machine,0,Regulation M-A,
80,galar,Slowbro-Galar,surf,machine,0,Regulation M-A,
80,galar,Slowbro-Galar,thunder-wave,machine,0,Regulation M-A,
80,galar,Slowbro-Galar,toxic,machine,0,Regulation M-A,
80,galar,Slowbro-Galar,toxic-spikes,machine,0,Regulation M-A,
80,galar,Slowbro-Galar,tri-attack,machine,0,Regulation M-A,
80,galar,Slowbro-Galar,trick,machine,0,Regulation M-A,
80,galar,Slowbro-Galar,trick-room,machine,0,Regulation M-A,
80,galar,Slowbro-Galar,venoshock,machine,0,Regulation M-A,
80,galar,Slowbro-Galar,water-pulse,machine,0,Regulation M-A,
80,galar,Slowbro-Galar,waterfall,machine,0,Regulation M-A,
80,galar,Slowbro-Galar,weather-ball,machine,0,Regulation M-A,
80,galar,Slowbro-Galar,whirlpool,machine,0,Regulation M-A,
80,galar,Slowbro-Galar,wonder-room,machine,0,Regulation M-A,
80,galar,Slowbro-Galar,yawn,machine,0,Regulation M-A,
80,galar,Slowbro-Galar,zen-headbutt,machine,0,Regulation M-A,
94,"",Gengar,acid-spray,machine,0,Regulation M-A,
94,"",Gengar,body-slam,machine,0,Regulation M-A,
94,"",Gengar,brick-break,machine,0,Regulation M-A,
94,"",Gengar,clear-smog,machine,0,Regulation M-A,
94,"",Gengar,confuse-ray,machine,0,Regulation M-A,
94,"",Gengar,corrosive-gas,machine,0,Regulation M-A,
94,"",Gengar,curse,machine,0,Regulation M-A,
94,"",Gengar,dark-pulse,machine,0,Regulation M-A,
94,"",Gengar,dazzling-gleam,machine,0,Regulation M-A,
94,"",Gengar,destiny-bond,machine,0,Regulation M-A,
94,"",Gengar,disable,machine,0,Regulation M-A,
94,"",Gengar,drain-punch,machine,0,Regulation M-A,
94,"",Gengar,endure,machine,0,Regulation M-A,
94,"",Gengar,energy-ball,machine,0,Regulation M-A,
94,"",Gengar,facade,machine,0,Regulation M-A,
94,"",Gengar,fire-punch,machine,0,Regulation M-A,
94,"",Gengar,fling,machine,0,Regulation M-A,
94,"",Gengar,focus-blast,machine,0,Regulation M-A,
94,"",Gengar,focus-punch,machine,0,Regulation M-A,
94,"",Gengar,foul-play,machine,0,Regulation M-A,
94,"",Gengar,giga-drain,machine,0,Regulation M-A,
94,"",Gengar,giga-impact,machine,0,Regulation M-A,
94,"",Gengar,gunk-shot,machine,0,Regulation M-A,
94,"",Gengar,haze,machine,0,Regulation M-A,
94,"",Gengar,hex,machine,0,Regulation M-A,
94,"",Gengar,hyper-beam,machine,0,Regulation M-A,
94,"",Gengar,hypnosis,machine,0,Regulation M-A,
94,"",Gengar,ice-punch,machine,0,Regulation M-A,
94,"",Gengar,icy-wind,machine,0,Regulation M-A,
94,"",Gengar,imprison,machine,0,Regulation M-A,
94,"",Gengar,knock-off,machine,0,Regulation M-A,
94,"",Gengar,mean-look,machine,0,Regulation M-A,
94,"",Gengar,nasty-plot,machine,0,Regulation M-A,
94,"",Gengar,night-shade,machine,0,Regulation M-A,
94,"",Gengar,pain-split,machine,0,Regulation M-A,
94,"",Gengar,payback,machine,0,Regulation M-A,
94,"",Gengar,perish-song,machine,0,Regulation M-A,
94,"",Gengar,phantom-force,machine,0,Regulation M-A,
94,"",Gengar,poison-jab,machine,0,Regulation M-A,
94,"",Gengar,poltergeist,machine,0,Regulation M-A,
94,"",Gengar,protect,machine,0,Regulation M-A,
94,"",Gengar,psych-up,machine,0,Regulation M-A,
94,"",Gengar,psychic,machine,0,Regulation M-A,
94,"",Gengar,psychic-noise,machine,0,Regulation M-A,
94,"",Gengar,rain-dance,machine,0,Regulation M-A,
94,"",Gengar,reflect-type,machine,0,Regulation M-A,
94,"",Gengar,rest,machine,0,Regulation M-A,
94,"",Gengar,round,machine,0,Regulation M-A,
94,"",Gengar,scary-face,machine,0,Regulation M-A,
94,"",Gengar,self-destruct,machine,0,Regulation M-A,
94,"",Gengar,shadow-ball,machine,0,Regulation M-A,
94,"",Gengar,shadow-claw,machine,0,Regulation M-A,
94,"",Gengar,shadow-punch,machine,0,Regulation M-A,
94,"",Gengar,skill-swap,machine,0,Regulation M-A,
94,"",Gengar,skitter-smack,machine,0,Regulation M-A,
94,"",Gengar,sleep-talk,machine,0,Regulation M-A,
94,"",Gengar,sludge-bomb,machine,0,Regulation M-A,
94,"",Gengar,sludge-wave,machine,0,Regulation M-A,
94,"",Gengar,snore,machine,0,Regulation M-A,
94,"",Gengar,spite,machine,0,Regulation M-A,
94,"",Gengar,substitute,machine,0,Regulation M-A,
94,"",Gengar,sucker-punch,machine,0,Regulation M-A,
94,"",Gengar,sunny-day,machine,0,Regulation M-A,
94,"",Gengar,taunt,machine,0,Regulation M-A,
94,"",Gengar,thief,machine,0,Regulation M-A,
94,"",Gengar,thunder,machine,0,Regulation M-A,
94,"",Gengar,thunder-punch,machine,0,Regulation M-A,
94,"",Gengar,thunder-wave,machine,0,Regulation M-A,
94,"",Gengar,thunderbolt,machine,0,Regulation M-A,
94,"",Gengar,toxic,machine,0,Regulation M-A,
94,"",Gengar,toxic-spikes,machine,0,Regulation M-A,
94,"",Gengar,trick,machine,0,Regulation M-A,
94,"",Gengar,trick-room,machine,0,Regulation M-A,
94,"",Gengar,venoshock,machine,0,Regulation M-A,
94,"",Gengar,will-o-wisp,machine,0,Regulation M-A,
94,"",Gengar,wonder-room,machine,0,Regulation M-A,
115,"",Kangaskhan,assurance,machine,0,Regulation M-A,
115,"",Kangaskhan,attract,machine,0,Regulation M-A,
115,"",Kangaskhan,avalanche,machine,0,Regulation M-A,
115,"",Kangaskhan,beat-up,machine,0,Regulation M-A,
115,"",Kangaskhan,bite,machine,0,Regulation M-A,
115,"",Kangaskhan,blizzard,machine,0,Regulation M-A,
115,"",Kangaskhan,body-slam,machine,0,Regulation M-A,
115,"",Kangaskhan,brick-break,machine,0,Regulation M-A,
115,"",Kangaskhan,bulldoze,machine,0,Regulation M-A,
115,"",Kangaskhan,circle-throw,machine,0,Regulation M-A,
115,"",Kangaskhan,counter,machine,0,Regulation M-A,
115,"",Kangaskhan,crunch,machine,0,Regulation M-A,
115,"",Kangaskhan,dig,machine,0,Regulation M-A,
115,"",Kangaskhan,disable,machine,0,Regulation M-A,
115,"",Kangaskhan,double-edge,machine,0,Regulation M-A,
115,"",Kangaskhan,double-hit,machine,0,Regulation M-A,
115,"",Kangaskhan,drain-punch,machine,0,Regulation M-A,
115,"",Kangaskhan,dynamic-punch,machine,0,Regulation M-A,
115,"",Kangaskhan,earthquake,machine,0,Regulation M-A,
115,"",Kangaskhan,endeavor,machine,0,Regulation M-A,
115,"",Kangaskhan,endure,machine,0,Regulation M-A,
115,"",Kangaskhan,facade,machine,0,Regulation M-A,
115,"",Kangaskhan,fake-out,machine,0,Regulation M-A,
115,"",Kangaskhan,fire-blast,machine,0,Regulation M-A,
115,"",Kangaskhan,fire-punch,machine,0,Regulation M-A,
115,"",Kangaskhan,flamethrower,machine,0,Regulation M-A,
115,"",Kangaskhan,fling,machine,0,Regulation M-A,
115,"",Kangaskhan,focus-blast,machine,0,Regulation M-A,
115,"",Kangaskhan,focus-energy,machine,0,Regulation M-A,
115,"",Kangaskhan,giga-impact,machine,0,Regulation M-A,
115,"",Kangaskhan,hammer-arm,machine,0,Regulation M-A,
115,"",Kangaskhan,helping-hand,machine,0,Regulation M-A,
115,"",Kangaskhan,hydro-pump,machine,0,Regulation M-A,
115,"",Kangaskhan,hyper-beam,machine,0,Regulation M-A,
115,"",Kangaskhan,ice-beam,machine,0,Regulation M-A,
115,"",Kangaskhan,ice-punch,machine,0,Regulation M-A,
115,"",Kangaskhan,icy-wind,machine,0,Regulation M-A,
115,"",Kangaskhan,iron-tail,machine,0,Regulation M-A,
115,"",Kangaskhan,last-resort,machine,0,Regulation M-A,
115,"",Kangaskhan,low-kick,machine,0,Regulation M-A,
115,"",Kangaskhan,mega-kick,machine,0,Regulation M-A,
115,"",Kangaskhan,outrage,machine,0,Regulation M-A,
115,"",Kangaskhan,protect,machine,0,Regulation M-A,
115,"",Kangaskhan,rain-dance,machine,0,Regulation M-A,
115,"",Kangaskhan,rest,machine,0,Regulation M-A,
115,"",Kangaskhan,reversal,machine,0,Regulation M-A,
115,"",Kangaskhan,rock-slide,machine,0,Regulation M-A,
115,"",Kangaskhan,rock-tomb,machine,0,Regulation M-A,
115,"",Kangaskhan,round,machine,0,Regulation M-A,
115,"",Kangaskhan,safeguard,machine,0,Regulation M-A,
115,"",Kangaskhan,sandstorm,machine,0,Regulation M-A,
115,"",Kangaskhan,shadow-ball,machine,0,Regulation M-A,
115,"",Kangaskhan,shadow-claw,machine,0,Regulation M-A,
115,"",Kangaskhan,sleep-talk,machine,0,Regulation M-A,
115,"",Kangaskhan,snore,machine,0,Regulation M-A,
115,"",Kangaskhan,solar-beam,machine,0,Regulation M-A,
115,"",Kangaskhan,substitute,machine,0,Regulation M-A,
115,"",Kangaskhan,sucker-punch,machine,0,Regulation M-A,
115,"",Kangaskhan,sunny-day,machine,0,Regulation M-A,
115,"",Kangaskhan,surf,machine,0,Regulation M-A,
115,"",Kangaskhan,terrain-pulse,machine,0,Regulation M-A,
115,"",Kangaskhan,thief,machine,0,Regulation M-A,
115,"",Kangaskhan,thunder,machine,0,Regulation M-A,
115,"",Kangaskhan,thunder-punch,machine,0,Regulation M-A,
115,"",Kangaskhan,thunderbolt,machine,0,Regulation M-A,
115,"",Kangaskhan,uproar,machine,0,Regulation M-A,
115,"",Kangaskhan,whirlpool,machine,0,Regulation M-A,
121,"",Starmie,agility,machine,0,Regulation M-A,
121,"",Starmie,ally-switch,machine,0,Regulation M-A,
121,"",Starmie,ancient-power,machine,0,Regulation M-A,
121,"",Starmie,aqua-jet,machine,0,Regulation M-A,
121,"",Starmie,avalanche,machine,0,Regulation M-A,
121,"",Starmie,blizzard,machine,0,Regulation M-A,
121,"",Starmie,bulk-up,machine,0,Regulation M-A,
121,"",Starmie,charge-beam,machine,0,Regulation M-A,
121,"",Starmie,chilling-water,machine,0,Regulation M-A,
121,"",Starmie,confuse-ray,machine,0,Regulation M-A,
121,"",Starmie,cosmic-power,machine,0,Regulation M-A,
121,"",Starmie,dazzling-gleam,machine,0,Regulation M-A,
121,"",Starmie,dive,machine,0,Regulation M-A,
121,"",Starmie,double-edge,machine,0,Regulation M-A,
121,"",Starmie,endure,machine,0,Regulation M-A,
121,"",Starmie,expanding-force,machine,0,Regulation M-A,
121,"",Starmie,facade,machine,0,Regulation M-A,
121,"",Starmie,flash-cannon,machine,0,Regulation M-A,
121,"",Starmie,flip-turn,machine,0,Regulation M-A,
121,"",Starmie,giga-impact,machine,0,Regulation M-A,
121,"",Starmie,grass-knot,machine,0,Regulation M-A,
121,"",Starmie,gravity,machine,0,Regulation M-A,
121,"",Starmie,gyro-ball,machine,0,Regulation M-A,
121,"",Starmie,hydro-pump,machine,0,Regulation M-A,
121,"",Starmie,hyper-beam,machine,0,Regulation M-A,
121,"",Starmie,ice-beam,machine,0,Regulation M-A,
121,"",Starmie,ice-spinner,machine,0,Regulation M-A,
121,"",Starmie,icy-wind,machine,0,Regulation M-A,
121,"",Starmie,light-screen,machine,0,Regulation M-A,
121,"",Starmie,liquidation,machine,0,Regulation M-A,
121,"",Starmie,meteor-beam,machine,0,Regulation M-A,
121,"",Starmie,minimize,machine,0,Regulation M-A,
121,"",Starmie,power-gem,machine,0,Regulation M-A,
121,"",Starmie,protect,machine,0,Regulation M-A,
121,"",Starmie,psychic,machine,0,Regulation M-A,
121,"",Starmie,psycho-cut,machine,0,Regulation M-A,
121,"",Starmie,psyshock,machine,0,Regulation M-A,
121,"",Starmie,rain-dance,machine,0,Regulation M-A,
121,"",Starmie,rapid-spin,machine,0,Regulation M-A,
121,"",Starmie,recover,machine,0,Regulation M-A,
121,"",Starmie,reflect,machine,0,Regulation M-A,
121,"",Starmie,rest,machine,0,Regulation M-A,
121,"",Starmie,round,machine,0,Regulation M-A,
121,"",Starmie,safeguard,machine,0,Regulation M-A,
121,"",Starmie,scald,machine,0,Regulation M-A,
121,"",Starmie,self-destruct,machine,0,Regulation M-A,
121,"",Starmie,skill-swap,machine,0,Regulation M-A,
121,"",Starmie,sleep-talk,machine,0,Regulation M-A,
121,"",Starmie,snore,machine,0,Regulation M-A,
121,"",Starmie,substitute,machine,0,Regulation M-A,
121,"",Starmie,surf,machine,0,Regulation M-A,
121,"",Starmie,thunder,machine,0,Regulation M-A,
121,"",Starmie,thunder-wave,machine,0,Regulation M-A,
121,"",Starmie,thunderbolt,machine,0,Regulation M-A,
121,"",Starmie,tri-attack,machine,0,Regulation M-A,
121,"",Starmie,trick,machine,0,Regulation M-A,
121,"",Starmie,trick-room,machine,0,Regulation M-A,
121,"",Starmie,water-pulse,machine,0,Regulation M-A,
121,"",Starmie,waterfall,machine,0,Regulation M-A,
121,"",Starmie,whirlpool,machine,0,Regulation M-A,
121,"",Starmie,wonder-room,machine,0,Regulation M-A,
121,"",Starmie,zen-headbutt,machine,0,Regulation M-A,
127,"",Pinsir,aerial-ace,machine,0,Regulation M-A,
127,"",Pinsir,attract,machine,0,Regulation M-A,
127,"",Pinsir,bind,machine,0,Regulation M-A,
127,"",Pinsir,body-slam,machine,0,Regulation M-A,
127,"",Pinsir,brick-break,machine,0,Regulation M-A,
127,"",Pinsir,brutal-swing,machine,0,Regulation M-A,
127,"",Pinsir,bug-bite,machine,0,Regulation M-A,
127,"",Pinsir,bulk-up,machine,0,Regulation M-A,
127,"",Pinsir,bulldoze,machine,0,Regulation M-A,
127,"",Pinsir,circle-throw,machine,0,Regulation M-A,
127,"",Pinsir,close-combat,machine,0,Regulation M-A,
127,"",Pinsir,detect,machine,0,Regulation M-A,
127,"",Pinsir,dig,machine,0,Regulation M-A,
127,"",Pinsir,double-hit,machine,0,Regulation M-A,
127,"",Pinsir,earthquake,machine,0,Regulation M-A,
127,"",Pinsir,endure,machine,0,Regulation M-A,
127,"",Pinsir,facade,machine,0,Regulation M-A,
127,"",Pinsir,feint,machine,0,Regulation M-A,
127,"",Pinsir,flail,machine,0,Regulation M-A,
127,"",Pinsir,fling,machine,0,Regulation M-A,
127,"",Pinsir,focus-blast,machine,0,Regulation M-A,
127,"",Pinsir,focus-energy,machine,0,Regulation M-A,
127,"",Pinsir,giga-impact,machine,0,Regulation M-A,
127,"",Pinsir,guillotine,machine,0,Regulation M-A,
127,"",Pinsir,hard-press,machine,0,Regulation M-A,
127,"",Pinsir,helping-hand,machine,0,Regulation M-A,
127,"",Pinsir,high-horsepower,machine,0,Regulation M-A,
127,"",Pinsir,hyper-beam,machine,0,Regulation M-A,
127,"",Pinsir,iron-defense,machine,0,Regulation M-A,
127,"",Pinsir,lunge,machine,0,Regulation M-A,
127,"",Pinsir,pounce,machine,0,Regulation M-A,
127,"",Pinsir,protect,machine,0,Regulation M-A,
127,"",Pinsir,quick-attack,machine,0,Regulation M-A,
127,"",Pinsir,rain-dance,machine,0,Regulation M-A,
127,"",Pinsir,rest,machine,0,Regulation M-A,
127,"",Pinsir,reversal,machine,0,Regulation M-A,
127,"",Pinsir,rock-slide,machine,0,Regulation M-A,
127,"",Pinsir,rock-tomb,machine,0,Regulation M-A,
127,"",Pinsir,round,machine,0,Regulation M-A,
127,"",Pinsir,seismic-toss,machine,0,Regulation M-A,
127,"",Pinsir,sleep-talk,machine,0,Regulation M-A,
127,"",Pinsir,snore,machine,0,Regulation M-A,
127,"",Pinsir,stealth-rock,machine,0,Regulation M-A,
127,"",Pinsir,stone-edge,machine,0,Regulation M-A,
127,"",Pinsir,storm-throw,machine,0,Regulation M-A,
127,"",Pinsir,substitute,machine,0,Regulation M-A,
127,"",Pinsir,sunny-day,machine,0,Regulation M-A,
127,"",Pinsir,superpower,machine,0,Regulation M-A,
127,"",Pinsir,swords-dance,machine,0,Regulation M-A,
127,"",Pinsir,thief,machine,0,Regulation M-A,
127,"",Pinsir,thrash,machine,0,Regulation M-A,
127,"",Pinsir,throat-chop,machine,0,Regulation M-A,
127,"",Pinsir,x-scissor,machine,0,Regulation M-A,
128,"",Tauros,assurance,machine,0,Regulation M-A,
128,"",Tauros,blizzard,machine,0,Regulation M-A,
128,"",Tauros,body-slam,machine,0,Regulation M-A,
128,"",Tauros,bulldoze,machine,0,Regulation M-A,
128,"",Tauros,close-combat,machine,0,Regulation M-A,
128,"",Tauros,curse,machine,0,Regulation M-A,
128,"",Tauros,dig,machine,0,Regulation M-A,
128,"",Tauros,double-edge,machine,0,Regulation M-A,
128,"",Tauros,earthquake,machine,0,Regulation M-A,
128,"",Tauros,endeavor,machine,0,Regulation M-A,
128,"",Tauros,endure,machine,0,Regulation M-A,
128,"",Tauros,facade,machine,0,Regulation M-A,
128,"",Tauros,fire-blast,machine,0,Regulation M-A,
128,"",Tauros,flamethrower,machine,0,Regulation M-A,
128,"",Tauros,giga-impact,machine,0,Regulation M-A,
128,"",Tauros,helping-hand,machine,0,Regulation M-A,
128,"",Tauros,high-horsepower,machine,0,Regulation M-A,
128,"",Tauros,hyper-beam,machine,0,Regulation M-A,
128,"",Tauros,ice-beam,machine,0,Regulation M-A,
128,"",Tauros,icy-wind,machine,0,Regulation M-A,
128,"",Tauros,iron-head,machine,0,Regulation M-A,
128,"",Tauros,iron-tail,machine,0,Regulation M-A,
128,"",Tauros,lash-out,machine,0,Regulation M-A,
128,"",Tauros,megahorn,machine,0,Regulation M-A,
128,"",Tauros,outrage,machine,0,Regulation M-A,
128,"",Tauros,payback,machine,0,Regulation M-A,
128,"",Tauros,protect,machine,0,Regulation M-A,
128,"",Tauros,raging-bull,machine,0,Regulation M-A,
128,"",Tauros,rain-dance,machine,0,Regulation M-A,
128,"",Tauros,rest,machine,0,Regulation M-A,
128,"",Tauros,reversal,machine,0,Regulation M-A,
128,"",Tauros,rock-slide,machine,0,Regulation M-A,
128,"",Tauros,rock-tomb,machine,0,Regulation M-A,
128,"",Tauros,round,machine,0,Regulation M-A,
128,"",Tauros,sandstorm,machine,0,Regulation M-A,
128,"",Tauros,scary-face,machine,0,Regulation M-A,
128,"",Tauros,shadow-ball,machine,0,Regulation M-A,
128,"",Tauros,sleep-talk,machine,0,Regulation M-A,
128,"",Tauros,smart-strike,machine,0,Regulation M-A,
128,"",Tauros,snore,machine,0,Regulation M-A,
128,"",Tauros,solar-beam,machine,0,Regulation M-A,
128,"",Tauros,stomping-tantrum,machine,0,Regulation M-A,
128,"",Tauros,stone-edge,machine,0,Regulation M-A,
128,"",Tauros,substitute,machine,0,Regulation M-A,
128,"",Tauros,sunny-day,machine,0,Regulation M-A,
128,"",Tauros,surf,machine,0,Regulation M-A,
128,"",Tauros,swagger,machine,0,Regulation M-A,
128,"",Tauros,thief,machine,0,Regulation M-A,
128,"",Tauros,thrash,machine,0,Regulation M-A,
128,"",Tauros,throat-chop,machine,0,Regulation M-A,
128,"",Tauros,thunder,machine,0,Regulation M-A,
128,"",Tauros,thunderbolt,machine,0,Regulation M-A,
128,"",Tauros,trailblaze,machine,0,Regulation M-A,
128,"",Tauros,uproar,machine,0,Regulation M-A,
128,"",Tauros,whirlpool,machine,0,Regulation M-A,
128,"",Tauros,wild-charge,machine,0,Regulation M-A,
128,"",Tauros,zen-headbutt,machine,0,Regulation M-A,
128,paldea-aqua,Tauros-Paldea-Aqua,aqua-jet,machine,0,Regulation M-A,
128,paldea-aqua,Tauros-Paldea-Aqua,body-press,machine,0,Regulation M-A,
128,paldea-aqua,Tauros-Paldea-Aqua,body-slam,machine,0,Regulation M-A,
128,paldea-aqua,Tauros-Paldea-Aqua,bulk-up,machine,0,Regulation M-A,
128,paldea-aqua,Tauros-Paldea-Aqua,bulldoze,machine,0,Regulation M-A,
128,paldea-aqua,Tauros-Paldea-Aqua,chilling-water,machine,0,Regulation M-A,
128,paldea-aqua,Tauros-Paldea-Aqua,close-combat,machine,0,Regulation M-A,
128,paldea-aqua,Tauros-Paldea-Aqua,curse,machine,0,Regulation M-A,
128,paldea-aqua,Tauros-Paldea-Aqua,dig,machine,0,Regulation M-A,
128,paldea-aqua,Tauros-Paldea-Aqua,double-edge,machine,0,Regulation M-A,
128,paldea-aqua,Tauros-Paldea-Aqua,drill-run,machine,0,Regulation M-A,
128,paldea-aqua,Tauros-Paldea-Aqua,earthquake,machine,0,Regulation M-A,
128,paldea-aqua,Tauros-Paldea-Aqua,endeavor,machine,0,Regulation M-A,
128,paldea-aqua,Tauros-Paldea-Aqua,endure,machine,0,Regulation M-A,
128,paldea-aqua,Tauros-Paldea-Aqua,facade,machine,0,Regulation M-A,
128,paldea-aqua,Tauros-Paldea-Aqua,giga-impact,machine,0,Regulation M-A,
128,paldea-aqua,Tauros-Paldea-Aqua,high-horsepower,machine,0,Regulation M-A,
128,paldea-aqua,Tauros-Paldea-Aqua,hydro-pump,machine,0,Regulation M-A,
128,paldea-aqua,Tauros-Paldea-Aqua,hyper-beam,machine,0,Regulation M-A,
128,paldea-aqua,Tauros-Paldea-Aqua,iron-head,machine,0,Regulation M-A,
128,paldea-aqua,Tauros-Paldea-Aqua,iron-tail,machine,0,Regulation M-A,
128,paldea-aqua,Tauros-Paldea-Aqua,lash-out,machine,0,Regulation M-A,
128,paldea-aqua,Tauros-Paldea-Aqua,liquidation,machine,0,Regulation M-A,
128,paldea-aqua,Tauros-Paldea-Aqua,megahorn,machine,0,Regulation M-A,
128,paldea-aqua,Tauros-Paldea-Aqua,outrage,machine,0,Regulation M-A,
128,paldea-aqua,Tauros-Paldea-Aqua,protect,machine,0,Regulation M-A,
128,paldea-aqua,Tauros-Paldea-Aqua,raging-bull,machine,0,Regulation M-A,
128,paldea-aqua,Tauros-Paldea-Aqua,rain-dance,machine,0,Regulation M-A,
128,paldea-aqua,Tauros-Paldea-Aqua,rest,machine,0,Regulation M-A,
128,paldea-aqua,Tauros-Paldea-Aqua,reversal,machine,0,Regulation M-A,
128,paldea-aqua,Tauros-Paldea-Aqua,rock-slide,machine,0,Regulation M-A,
128,paldea-aqua,Tauros-Paldea-Aqua,rock-tomb,machine,0,Regulation M-A,
128,paldea-aqua,Tauros-Paldea-Aqua,round,machine,0,Regulation M-A,
128,paldea-aqua,Tauros-Paldea-Aqua,sandstorm,machine,0,Regulation M-A,
128,paldea-aqua,Tauros-Paldea-Aqua,scary-face,machine,0,Regulation M-A,
128,paldea-aqua,Tauros-Paldea-Aqua,sleep-talk,machine,0,Regulation M-A,
128,paldea-aqua,Tauros-Paldea-Aqua,smart-strike,machine,0,Regulation M-A,
128,paldea-aqua,Tauros-Paldea-Aqua,snore,machine,0,Regulation M-A,
128,paldea-aqua,Tauros-Paldea-Aqua,stomping-tantrum,machine,0,Regulation M-A,
128,paldea-aqua,Tauros-Paldea-Aqua,stone-edge,machine,0,Regulation M-A,
128,paldea-aqua,Tauros-Paldea-Aqua,substitute,machine,0,Regulation M-A,
128,paldea-aqua,Tauros-Paldea-Aqua,surf,machine,0,Regulation M-A,
128,paldea-aqua,Tauros-Paldea-Aqua,swagger,machine,0,Regulation M-A,
128,paldea-aqua,Tauros-Paldea-Aqua,thief,machine,0,Regulation M-A,
128,paldea-aqua,Tauros-Paldea-Aqua,thrash,machine,0,Regulation M-A,
128,paldea-aqua,Tauros-Paldea-Aqua,trailblaze,machine,0,Regulation M-A,
128,paldea-aqua,Tauros-Paldea-Aqua,uproar,machine,0,Regulation M-A,
128,paldea-aqua,Tauros-Paldea-Aqua,water-pulse,machine,0,Regulation M-A,
128,paldea-aqua,Tauros-Paldea-Aqua,wave-crash,machine,0,Regulation M-A,
128,paldea-aqua,Tauros-Paldea-Aqua,whirlpool,machine,0,Regulation M-A,
128,paldea-aqua,Tauros-Paldea-Aqua,wild-charge,machine,0,Regulation M-A,
128,paldea-aqua,Tauros-Paldea-Aqua,zen-headbutt,machine,0,Regulation M-A,
128,paldea-blaze,Tauros-Paldea-Blaze,body-press,machine,0,Regulation M-A,
128,paldea-blaze,Tauros-Paldea-Blaze,body-slam,machine,0,Regulation M-A,
128,paldea-blaze,Tauros-Paldea-Blaze,bulk-up,machine,0,Regulation M-A,
128,paldea-blaze,Tauros-Paldea-Blaze,bulldoze,machine,0,Regulation M-A,
128,paldea-blaze,Tauros-Paldea-Blaze,close-combat,machine,0,Regulation M-A,
128,paldea-blaze,Tauros-Paldea-Blaze,curse,machine,0,Regulation M-A,
128,paldea-blaze,Tauros-Paldea-Blaze,dig,machine,0,Regulation M-A,
128,paldea-blaze,Tauros-Paldea-Blaze,double-edge,machine,0,Regulation M-A,
128,paldea-blaze,Tauros-Paldea-Blaze,drill-run,machine,0,Regulation M-A,
128,paldea-blaze,Tauros-Paldea-Blaze,earthquake,machine,0,Regulation M-A,
128,paldea-blaze,Tauros-Paldea-Blaze,endeavor,machine,0,Regulation M-A,
128,paldea-blaze,Tauros-Paldea-Blaze,endure,machine,0,Regulation M-A,
128,paldea-blaze,Tauros-Paldea-Blaze,facade,machine,0,Regulation M-A,
128,paldea-blaze,Tauros-Paldea-Blaze,fire-blast,machine,0,Regulation M-A,
128,paldea-blaze,Tauros-Paldea-Blaze,fire-spin,machine,0,Regulation M-A,
128,paldea-blaze,Tauros-Paldea-Blaze,flame-charge,machine,0,Regulation M-A,
128,paldea-blaze,Tauros-Paldea-Blaze,flamethrower,machine,0,Regulation M-A,
128,paldea-blaze,Tauros-Paldea-Blaze,flare-blitz,machine,0,Regulation M-A,
128,paldea-blaze,Tauros-Paldea-Blaze,giga-impact,machine,0,Regulation M-A,
128,paldea-blaze,Tauros-Paldea-Blaze,high-horsepower,machine,0,Regulation M-A,
128,paldea-blaze,Tauros-Paldea-Blaze,hyper-beam,machine,0,Regulation M-A,
128,paldea-blaze,Tauros-Paldea-Blaze,iron-head,machine,0,Regulation M-A,
128,paldea-blaze,Tauros-Paldea-Blaze,iron-tail,machine,0,Regulation M-A,
128,paldea-blaze,Tauros-Paldea-Blaze,lash-out,machine,0,Regulation M-A,
128,paldea-blaze,Tauros-Paldea-Blaze,megahorn,machine,0,Regulation M-A,
128,paldea-blaze,Tauros-Paldea-Blaze,outrage,machine,0,Regulation M-A,
128,paldea-blaze,Tauros-Paldea-Blaze,overheat,machine,0,Regulation M-A,
128,paldea-blaze,Tauros-Paldea-Blaze,protect,machine,0,Regulation M-A,
128,paldea-blaze,Tauros-Paldea-Blaze,raging-bull,machine,0,Regulation M-A,
128,paldea-blaze,Tauros-Paldea-Blaze,rain-dance,machine,0,Regulation M-A,
128,paldea-blaze,Tauros-Paldea-Blaze,rest,machine,0,Regulation M-A,
128,paldea-blaze,Tauros-Paldea-Blaze,reversal,machine,0,Regulation M-A,
128,paldea-blaze,Tauros-Paldea-Blaze,rock-slide,machine,0,Regulation M-A,
128,paldea-blaze,Tauros-Paldea-Blaze,rock-tomb,machine,0,Regulation M-A,
128,paldea-blaze,Tauros-Paldea-Blaze,round,machine,0,Regulation M-A,
128,paldea-blaze,Tauros-Paldea-Blaze,sandstorm,machine,0,Regulation M-A,
128,paldea-blaze,Tauros-Paldea-Blaze,scary-face,machine,0,Regulation M-A,
128,paldea-blaze,Tauros-Paldea-Blaze,sleep-talk,machine,0,Regulation M-A,
128,paldea-blaze,Tauros-Paldea-Blaze,smart-strike,machine,0,Regulation M-A,
128,paldea-blaze,Tauros-Paldea-Blaze,snore,machine,0,Regulation M-A,
128,paldea-blaze,Tauros-Paldea-Blaze,stomping-tantrum,machine,0,Regulation M-A,
128,paldea-blaze,Tauros-Paldea-Blaze,stone-edge,machine,0,Regulation M-A,
128,paldea-blaze,Tauros-Paldea-Blaze,substitute,machine,0,Regulation M-A,
128,paldea-blaze,Tauros-Paldea-Blaze,sunny-day,machine,0,Regulation M-A,
128,paldea-blaze,Tauros-Paldea-Blaze,swagger,machine,0,Regulation M-A,
128,paldea-blaze,Tauros-Paldea-Blaze,temper-flare,machine,0,Regulation M-A,
128,paldea-blaze,Tauros-Paldea-Blaze,thief,machine,0,Regulation M-A,
128,paldea-blaze,Tauros-Paldea-Blaze,thrash,machine,0,Regulation M-A,
128,paldea-blaze,Tauros-Paldea-Blaze,trailblaze,machine,0,Regulation M-A,
128,paldea-blaze,Tauros-Paldea-Blaze,uproar,machine,0,Regulation M-A,
128,paldea-blaze,Tauros-Paldea-Blaze,wild-charge,machine,0,Regulation M-A,
128,paldea-blaze,Tauros-Paldea-Blaze,will-o-wisp,machine,0,Regulation M-A,
128,paldea-blaze,Tauros-Paldea-Blaze,zen-headbutt,machine,0,Regulation M-A,
128,paldea-combat,Tauros-Paldea-Combat,assurance,machine,0,Regulation M-A,
128,paldea-combat,Tauros-Paldea-Combat,body-press,machine,0,Regulation M-A,
128,paldea-combat,Tauros-Paldea-Combat,body-slam,machine,0,Regulation M-A,
128,paldea-combat,Tauros-Paldea-Combat,bulk-up,machine,0,Regulation M-A,
128,paldea-combat,Tauros-Paldea-Combat,bulldoze,machine,0,Regulation M-A,
128,paldea-combat,Tauros-Paldea-Combat,close-combat,machine,0,Regulation M-A,
128,paldea-combat,Tauros-Paldea-Combat,curse,machine,0,Regulation M-A,
128,paldea-combat,Tauros-Paldea-Combat,dig,machine,0,Regulation M-A,
128,paldea-combat,Tauros-Paldea-Combat,double-edge,machine,0,Regulation M-A,
128,paldea-combat,Tauros-Paldea-Combat,drill-run,machine,0,Regulation M-A,
128,paldea-combat,Tauros-Paldea-Combat,earthquake,machine,0,Regulation M-A,
128,paldea-combat,Tauros-Paldea-Combat,endeavor,machine,0,Regulation M-A,
128,paldea-combat,Tauros-Paldea-Combat,endure,machine,0,Regulation M-A,
128,paldea-combat,Tauros-Paldea-Combat,facade,machine,0,Regulation M-A,
128,paldea-combat,Tauros-Paldea-Combat,giga-impact,machine,0,Regulation M-A,
128,paldea-combat,Tauros-Paldea-Combat,high-horsepower,machine,0,Regulation M-A,
128,paldea-combat,Tauros-Paldea-Combat,hyper-beam,machine,0,Regulation M-A,
128,paldea-combat,Tauros-Paldea-Combat,iron-head,machine,0,Regulation M-A,
128,paldea-combat,Tauros-Paldea-Combat,iron-tail,machine,0,Regulation M-A,
128,paldea-combat,Tauros-Paldea-Combat,lash-out,machine,0,Regulation M-A,
128,paldea-combat,Tauros-Paldea-Combat,megahorn,machine,0,Regulation M-A,
128,paldea-combat,Tauros-Paldea-Combat,outrage,machine,0,Regulation M-A,
128,paldea-combat,Tauros-Paldea-Combat,protect,machine,0,Regulation M-A,
128,paldea-combat,Tauros-Paldea-Combat,raging-bull,machine,0,Regulation M-A,
128,paldea-combat,Tauros-Paldea-Combat,rain-dance,machine,0,Regulation M-A,
128,paldea-combat,Tauros-Paldea-Combat,rest,machine,0,Regulation M-A,
128,paldea-combat,Tauros-Paldea-Combat,reversal,machine,0,Regulation M-A,
128,paldea-combat,Tauros-Paldea-Combat,rock-slide,machine,0,Regulation M-A,
128,paldea-combat,Tauros-Paldea-Combat,rock-tomb,machine,0,Regulation M-A,
128,paldea-combat,Tauros-Paldea-Combat,round,machine,0,Regulation M-A,
128,paldea-combat,Tauros-Paldea-Combat,sandstorm,machine,0,Regulation M-A,
128,paldea-combat,Tauros-Paldea-Combat,scary-face,machine,0,Regulation M-A,
128,paldea-combat,Tauros-Paldea-Combat,sleep-talk,machine,0,Regulation M-A,
128,paldea-combat,Tauros-Paldea-Combat,smart-strike,machine,0,Regulation M-A,
128,paldea-combat,Tauros-Paldea-Combat,snore,machine,0,Regulation M-A,
128,paldea-combat,Tauros-Paldea-Combat,stomping-tantrum,machine,0,Regulation M-A,
128,paldea-combat,Tauros-Paldea-Combat,stone-edge,machine,0,Regulation M-A,
128,paldea-combat,Tauros-Paldea-Combat,substitute,machine,0,Regulation M-A,
128,paldea-combat,Tauros-Paldea-Combat,sunny-day,machine,0,Regulation M-A,
128,paldea-combat,Tauros-Paldea-Combat,surf,machine,0,Regulation M-A,
128,paldea-combat,Tauros-Paldea-Combat,swagger,machine,0,Regulation M-A,
128,paldea-combat,Tauros-Paldea-Combat,thief,machine,0,Regulation M-A,
128,paldea-combat,Tauros-Paldea-Combat,thrash,machine,0,Regulation M-A,
128,paldea-combat,Tauros-Paldea-Combat,throat-chop,machine,0,Regulation M-A,
128,paldea-combat,Tauros-Paldea-Combat,trailblaze,machine,0,Regulation M-A,
128,paldea-combat,Tauros-Paldea-Combat,uproar,machine,0,Regulation M-A,
128,paldea-combat,Tauros-Paldea-Combat,wild-charge,machine,0,Regulation M-A,
128,paldea-combat,Tauros-Paldea-Combat,zen-headbutt,machine,0,Regulation M-A,
130,"",Gyarados,aqua-tail,machine,0,Regulation M-A,
130,"",Gyarados,avalanche,machine,0,Regulation M-A,
130,"",Gyarados,bite,machine,0,Regulation M-A,
130,"",Gyarados,blizzard,machine,0,Regulation M-A,
130,"",Gyarados,body-slam,machine,0,Regulation M-A,
130,"",Gyarados,bounce,machine,0,Regulation M-A,
130,"",Gyarados,brutal-swing,machine,0,Regulation M-A,
130,"",Gyarados,bulldoze,machine,0,Regulation M-A,
130,"",Gyarados,chilling-water,machine,0,Regulation M-A,
130,"",Gyarados,crunch,machine,0,Regulation M-A,
130,"",Gyarados,dark-pulse,machine,0,Regulation M-A,
130,"",Gyarados,dive,machine,0,Regulation M-A,
130,"",Gyarados,double-edge,machine,0,Regulation M-A,
130,"",Gyarados,dragon-cheer,machine,0,Regulation M-A,
130,"",Gyarados,dragon-dance,machine,0,Regulation M-A,
130,"",Gyarados,dragon-pulse,machine,0,Regulation M-A,
130,"",Gyarados,dragon-rush,machine,0,Regulation M-A,
130,"",Gyarados,dragon-tail,machine,0,Regulation M-A,
130,"",Gyarados,earthquake,machine,0,Regulation M-A,
130,"",Gyarados,endeavor,machine,0,Regulation M-A,
130,"",Gyarados,endure,machine,0,Regulation M-A,
130,"",Gyarados,facade,machine,0,Regulation M-A,
130,"",Gyarados,fire-blast,machine,0,Regulation M-A,
130,"",Gyarados,flail,machine,0,Regulation M-A,
130,"",Gyarados,flamethrower,machine,0,Regulation M-A,
130,"",Gyarados,giga-impact,machine,0,Regulation M-A,
130,"",Gyarados,helping-hand,machine,0,Regulation M-A,
130,"",Gyarados,hurricane,machine,0,Regulation M-A,
130,"",Gyarados,hydro-pump,machine,0,Regulation M-A,
130,"",Gyarados,hyper-beam,machine,0,Regulation M-A,
130,"",Gyarados,ice-beam,machine,0,Regulation M-A,
130,"",Gyarados,ice-fang,machine,0,Regulation M-A,
130,"",Gyarados,icy-wind,machine,0,Regulation M-A,
130,"",Gyarados,iron-head,machine,0,Regulation M-A,
130,"",Gyarados,iron-tail,machine,0,Regulation M-A,
130,"",Gyarados,lash-out,machine,0,Regulation M-A,
130,"",Gyarados,muddy-water,machine,0,Regulation M-A,
130,"",Gyarados,outrage,machine,0,Regulation M-A,
130,"",Gyarados,payback,machine,0,Regulation M-A,
130,"",Gyarados,power-whip,machine,0,Regulation M-A,
130,"",Gyarados,protect,machine,0,Regulation M-A,
130,"",Gyarados,rain-dance,machine,0,Regulation M-A,
130,"",Gyarados,rest,machine,0,Regulation M-A,
130,"",Gyarados,roar,machine,0,Regulation M-A,
130,"",Gyarados,round,machine,0,Regulation M-A,
130,"",Gyarados,sandstorm,machine,0,Regulation M-A,
130,"",Gyarados,scald,machine,0,Regulation M-A,
130,"",Gyarados,scale-shot,machine,0,Regulation M-A,
130,"",Gyarados,scary-face,machine,0,Regulation M-A,
130,"",Gyarados,sleep-talk,machine,0,Regulation M-A,
130,"",Gyarados,snore,machine,0,Regulation M-A,
130,"",Gyarados,spite,machine,0,Regulation M-A,
130,"",Gyarados,stone-edge,machine,0,Regulation M-A,
130,"",Gyarados,substitute,machine,0,Regulation M-A,
130,"",Gyarados,sunny-day,machine,0,Regulation M-A,
130,"",Gyarados,surf,machine,0,Regulation M-A,
130,"",Gyarados,swagger,machine,0,Regulation M-A,
130,"",Gyarados,taunt,machine,0,Regulation M-A,
130,"",Gyarados,temper-flare,machine,0,Regulation M-A,
130,"",Gyarados,thrash,machine,0,Regulation M-A,
130,"",Gyarados,thunder,machine,0,Regulation M-A,
130,"",Gyarados,thunder-wave,machine,0,Regulation M-A,
130,"",Gyarados,thunderbolt,machine,0,Regulation M-A,
130,"",Gyarados,uproar,machine,0,Regulation M-A,
130,"",Gyarados,water-pulse,machine,0,Regulation M-A,
130,"",Gyarados,waterfall,machine,0,Regulation M-A,
130,"",Gyarados,whirlpool,machine,0,Regulation M-A,
132,"",Ditto,transform,machine,0,Regulation M-A,
134,"",Vaporeon,acid-armor,machine,0,Regulation M-A,
134,"",Vaporeon,alluring-voice,machine,0,Regulation M-A,
134,"",Vaporeon,aqua-ring,machine,0,Regulation M-A,
134,"",Vaporeon,baby-doll-eyes,machine,0,Regulation M-A,
134,"",Vaporeon,baton-pass,machine,0,Regulation M-A,
134,"",Vaporeon,bite,machine,0,Regulation M-A,
134,"",Vaporeon,blizzard,machine,0,Regulation M-A,
134,"",Vaporeon,body-slam,machine,0,Regulation M-A,
134,"",Vaporeon,calm-mind,machine,0,Regulation M-A,
134,"",Vaporeon,charm,machine,0,Regulation M-A,
134,"",Vaporeon,chilling-water,machine,0,Regulation M-A,
134,"",Vaporeon,copycat,machine,0,Regulation M-A,
134,"",Vaporeon,covet,machine,0,Regulation M-A,
134,"",Vaporeon,curse,machine,0,Regulation M-A,
134,"",Vaporeon,detect,machine,0,Regulation M-A,
134,"",Vaporeon,dig,machine,0,Regulation M-A,
134,"",Vaporeon,dive,machine,0,Regulation M-A,
134,"",Vaporeon,double-edge,machine,0,Regulation M-A,
134,"",Vaporeon,endure,machine,0,Regulation M-A,
134,"",Vaporeon,facade,machine,0,Regulation M-A,
134,"",Vaporeon,fake-tears,machine,0,Regulation M-A,
134,"",Vaporeon,flail,machine,0,Regulation M-A,
134,"",Vaporeon,flip-turn,machine,0,Regulation M-A,
134,"",Vaporeon,focus-energy,machine,0,Regulation M-A,
134,"",Vaporeon,giga-impact,machine,0,Regulation M-A,
134,"",Vaporeon,haze,machine,0,Regulation M-A,
134,"",Vaporeon,helping-hand,machine,0,Regulation M-A,
134,"",Vaporeon,hydro-pump,machine,0,Regulation M-A,
134,"",Vaporeon,hyper-beam,machine,0,Regulation M-A,
134,"",Vaporeon,hyper-voice,machine,0,Regulation M-A,
134,"",Vaporeon,ice-beam,machine,0,Regulation M-A,
134,"",Vaporeon,icy-wind,machine,0,Regulation M-A,
134,"",Vaporeon,iron-tail,machine,0,Regulation M-A,
134,"",Vaporeon,last-resort,machine,0,Regulation M-A,
134,"",Vaporeon,liquidation,machine,0,Regulation M-A,
134,"",Vaporeon,mud-slap,machine,0,Regulation M-A,
134,"",Vaporeon,muddy-water,machine,0,Regulation M-A,
134,"",Vaporeon,protect,machine,0,Regulation M-A,
134,"",Vaporeon,quick-attack,machine,0,Regulation M-A,
134,"",Vaporeon,rain-dance,machine,0,Regulation M-A,
134,"",Vaporeon,rest,machine,0,Regulation M-A,
134,"",Vaporeon,roar,machine,0,Regulation M-A,
134,"",Vaporeon,round,machine,0,Regulation M-A,
134,"",Vaporeon,scald,machine,0,Regulation M-A,
134,"",Vaporeon,shadow-ball,machine,0,Regulation M-A,
134,"",Vaporeon,sleep-talk,machine,0,Regulation M-A,
134,"",Vaporeon,snore,machine,0,Regulation M-A,
134,"",Vaporeon,stored-power,machine,0,Regulation M-A,
134,"",Vaporeon,substitute,machine,0,Regulation M-A,
134,"",Vaporeon,sunny-day,machine,0,Regulation M-A,
134,"",Vaporeon,surf,machine,0,Regulation M-A,
134,"",Vaporeon,tickle,machine,0,Regulation M-A,
134,"",Vaporeon,trailblaze,machine,0,Regulation M-A,
134,"",Vaporeon,water-pulse,machine,0,Regulation M-A,
134,"",Vaporeon,waterfall,machine,0,Regulation M-A,
134,"",Vaporeon,weather-ball,machine,0,Regulation M-A,
134,"",Vaporeon,whirlpool,machine,0,Regulation M-A,
134,"",Vaporeon,wish,machine,0,Regulation M-A,
134,"",Vaporeon,yawn,machine,0,Regulation M-A,
135,"",Jolteon,agility,machine,0,Regulation M-A,
135,"",Jolteon,alluring-voice,machine,0,Regulation M-A,
135,"",Jolteon,baby-doll-eyes,machine,0,Regulation M-A,
135,"",Jolteon,baton-pass,machine,0,Regulation M-A,
135,"",Jolteon,bite,machine,0,Regulation M-A,
135,"",Jolteon,body-slam,machine,0,Regulation M-A,
135,"",Jolteon,calm-mind,machine,0,Regulation M-A,
135,"",Jolteon,charge,machine,0,Regulation M-A,
135,"",Jolteon,charge-beam,machine,0,Regulation M-A,
135,"",Jolteon,charm,machine,0,Regulation M-A,
135,"",Jolteon,copycat,machine,0,Regulation M-A,
135,"",Jolteon,covet,machine,0,Regulation M-A,
135,"",Jolteon,curse,machine,0,Regulation M-A,
135,"",Jolteon,detect,machine,0,Regulation M-A,
135,"",Jolteon,dig,machine,0,Regulation M-A,
135,"",Jolteon,discharge,machine,0,Regulation M-A,
135,"",Jolteon,double-edge,machine,0,Regulation M-A,
135,"",Jolteon,eerie-impulse,machine,0,Regulation M-A,
135,"",Jolteon,electric-terrain,machine,0,Regulation M-A,
135,"",Jolteon,electro-ball,machine,0,Regulation M-A,
135,"",Jolteon,electroweb,machine,0,Regulation M-A,
135,"",Jolteon,endure,machine,0,Regulation M-A,
135,"",Jolteon,facade,machine,0,Regulation M-A,
135,"",Jolteon,fake-tears,machine,0,Regulation M-A,
135,"",Jolteon,flail,machine,0,Regulation M-A,
135,"",Jolteon,focus-energy,machine,0,Regulation M-A,
135,"",Jolteon,giga-impact,machine,0,Regulation M-A,
135,"",Jolteon,helping-hand,machine,0,Regulation M-A,
135,"",Jolteon,hyper-beam,machine,0,Regulation M-A,
135,"",Jolteon,hyper-voice,machine,0,Regulation M-A,
135,"",Jolteon,last-resort,machine,0,Regulation M-A,
135,"",Jolteon,light-screen,machine,0,Regulation M-A,
135,"",Jolteon,metal-sound,machine,0,Regulation M-A,
135,"",Jolteon,mud-slap,machine,0,Regulation M-A,
135,"",Jolteon,pin-missile,machine,0,Regulation M-A,
135,"",Jolteon,protect,machine,0,Regulation M-A,
135,"",Jolteon,quick-attack,machine,0,Regulation M-A,
135,"",Jolteon,rain-dance,machine,0,Regulation M-A,
135,"",Jolteon,rest,machine,0,Regulation M-A,
135,"",Jolteon,rising-voltage,machine,0,Regulation M-A,
135,"",Jolteon,roar,machine,0,Regulation M-A,
135,"",Jolteon,round,machine,0,Regulation M-A,
135,"",Jolteon,shadow-ball,machine,0,Regulation M-A,
135,"",Jolteon,sleep-talk,machine,0,Regulation M-A,
135,"",Jolteon,snore,machine,0,Regulation M-A,
135,"",Jolteon,stored-power,machine,0,Regulation M-A,
135,"",Jolteon,substitute,machine,0,Regulation M-A,
135,"",Jolteon,sunny-day,machine,0,Regulation M-A,
135,"",Jolteon,thunder,machine,0,Regulation M-A,
135,"",Jolteon,thunder-fang,machine,0,Regulation M-A,
135,"",Jolteon,thunder-wave,machine,0,Regulation M-A,
135,"",Jolteon,thunderbolt,machine,0,Regulation M-A,
135,"",Jolteon,tickle,machine,0,Regulation M-A,
135,"",Jolteon,trailblaze,machine,0,Regulation M-A,
135,"",Jolteon,volt-switch,machine,0,Regulation M-A,
135,"",Jolteon,weather-ball,machine,0,Regulation M-A,
135,"",Jolteon,wild-charge,machine,0,Regulation M-A,
135,"",Jolteon,wish,machine,0,Regulation M-A,
135,"",Jolteon,yawn,machine,0,Regulation M-A,
136,"",Flareon,alluring-voice,machine,0,Regulation M-A,
136,"",Flareon,baby-doll-eyes,machine,0,Regulation M-A,
136,"",Flareon,baton-pass,machine,0,Regulation M-A,
136,"",Flareon,bite,machine,0,Regulation M-A,
136,"",Flareon,body-slam,machine,0,Regulation M-A,
136,"",Flareon,burning-jealousy,machine,0,Regulation M-A,
136,"",Flareon,calm-mind,machine,0,Regulation M-A,
136,"",Flareon,charm,machine,0,Regulation M-A,
136,"",Flareon,copycat,machine,0,Regulation M-A,
136,"",Flareon,covet,machine,0,Regulation M-A,
136,"",Flareon,curse,machine,0,Regulation M-A,
136,"",Flareon,detect,machine,0,Regulation M-A,
136,"",Flareon,dig,machine,0,Regulation M-A,
136,"",Flareon,double-edge,machine,0,Regulation M-A,
136,"",Flareon,endeavor,machine,0,Regulation M-A,
136,"",Flareon,endure,machine,0,Regulation M-A,
136,"",Flareon,facade,machine,0,Regulation M-A,
136,"",Flareon,fake-tears,machine,0,Regulation M-A,
136,"",Flareon,fire-blast,machine,0,Regulation M-A,
136,"",Flareon,fire-fang,machine,0,Regulation M-A,
136,"",Flareon,fire-spin,machine,0,Regulation M-A,
136,"",Flareon,flail,machine,0,Regulation M-A,
136,"",Flareon,flame-charge,machine,0,Regulation M-A,
136,"",Flareon,flamethrower,machine,0,Regulation M-A,
136,"",Flareon,flare-blitz,machine,0,Regulation M-A,
136,"",Flareon,focus-energy,machine,0,Regulation M-A,
136,"",Flareon,giga-impact,machine,0,Regulation M-A,
136,"",Flareon,heat-wave,machine,0,Regulation M-A,
136,"",Flareon,helping-hand,machine,0,Regulation M-A,
136,"",Flareon,hyper-beam,machine,0,Regulation M-A,
136,"",Flareon,hyper-voice,machine,0,Regulation M-A,
136,"",Flareon,last-resort,machine,0,Regulation M-A,
136,"",Flareon,lava-plume,machine,0,Regulation M-A,
136,"",Flareon,mud-slap,machine,0,Regulation M-A,
136,"",Flareon,overheat,machine,0,Regulation M-A,
136,"",Flareon,protect,machine,0,Regulation M-A,
136,"",Flareon,quick-attack,machine,0,Regulation M-A,
136,"",Flareon,rain-dance,machine,0,Regulation M-A,
136,"",Flareon,rest,machine,0,Regulation M-A,
136,"",Flareon,roar,machine,0,Regulation M-A,
136,"",Flareon,round,machine,0,Regulation M-A,
136,"",Flareon,scary-face,machine,0,Regulation M-A,
136,"",Flareon,scorching-sands,machine,0,Regulation M-A,
136,"",Flareon,shadow-ball,machine,0,Regulation M-A,
136,"",Flareon,sleep-talk,machine,0,Regulation M-A,
136,"",Flareon,snore,machine,0,Regulation M-A,
136,"",Flareon,stored-power,machine,0,Regulation M-A,
136,"",Flareon,substitute,machine,0,Regulation M-A,
136,"",Flareon,sunny-day,machine,0,Regulation M-A,
136,"",Flareon,superpower,machine,0,Regulation M-A,
136,"",Flareon,temper-flare,machine,0,Regulation M-A,
136,"",Flareon,tickle,machine,0,Regulation M-A,
136,"",Flareon,trailblaze,machine,0,Regulation M-A,
136,"",Flareon,weather-ball,machine,0,Regulation M-A,
136,"",Flareon,will-o-wisp,machine,0,Regulation M-A,
136,"",Flareon,wish,machine,0,Regulation M-A,
136,"",Flareon,yawn,machine,0,Regulation M-A,
142,"",Aerodactyl,aerial-ace,machine,0,Regulation M-A,
142,"",Aerodactyl,agility,machine,0,Regulation M-A,
142,"",Aerodactyl,ancient-power,machine,0,Regulation M-A,
142,"",Aerodactyl,assurance,machine,0,Regulation M-A,
142,"",Aerodactyl,attract,machine,0,Regulation M-A,
142,"",Aerodactyl,bite,machine,0,Regulation M-A,
142,"",Aerodactyl,brutal-swing,machine,0,Regulation M-A,
142,"",Aerodactyl,bulldoze,machine,0,Regulation M-A,
142,"",Aerodactyl,crunch,machine,0,Regulation M-A,
142,"",Aerodactyl,curse,machine,0,Regulation M-A,
142,"",Aerodactyl,dragon-claw,machine,0,Regulation M-A,
142,"",Aerodactyl,dragon-dance,machine,0,Regulation M-A,
142,"",Aerodactyl,dragon-pulse,machine,0,Regulation M-A,
142,"",Aerodactyl,dual-wingbeat,machine,0,Regulation M-A,
142,"",Aerodactyl,earth-power,machine,0,Regulation M-A,
142,"",Aerodactyl,earthquake,machine,0,Regulation M-A,
142,"",Aerodactyl,endure,machine,0,Regulation M-A,
142,"",Aerodactyl,facade,machine,0,Regulation M-A,
142,"",Aerodactyl,fire-blast,machine,0,Regulation M-A,
142,"",Aerodactyl,fire-fang,machine,0,Regulation M-A,
142,"",Aerodactyl,flamethrower,machine,0,Regulation M-A,
142,"",Aerodactyl,fly,machine,0,Regulation M-A,
142,"",Aerodactyl,giga-impact,machine,0,Regulation M-A,
142,"",Aerodactyl,heat-wave,machine,0,Regulation M-A,
142,"",Aerodactyl,hurricane,machine,0,Regulation M-A,
142,"",Aerodactyl,hyper-beam,machine,0,Regulation M-A,
142,"",Aerodactyl,ice-fang,machine,0,Regulation M-A,
142,"",Aerodactyl,iron-head,machine,0,Regulation M-A,
142,"",Aerodactyl,iron-tail,machine,0,Regulation M-A,
142,"",Aerodactyl,meteor-beam,machine,0,Regulation M-A,
142,"",Aerodactyl,payback,machine,0,Regulation M-A,
142,"",Aerodactyl,protect,machine,0,Regulation M-A,
142,"",Aerodactyl,psychic-fangs,machine,0,Regulation M-A,
142,"",Aerodactyl,rain-dance,machine,0,Regulation M-A,
142,"",Aerodactyl,rest,machine,0,Regulation M-A,
142,"",Aerodactyl,roar,machine,0,Regulation M-A,
142,"",Aerodactyl,rock-blast,machine,0,Regulation M-A,
142,"",Aerodactyl,rock-slide,machine,0,Regulation M-A,
142,"",Aerodactyl,rock-tomb,machine,0,Regulation M-A,
142,"",Aerodactyl,roost,machine,0,Regulation M-A,
142,"",Aerodactyl,round,machine,0,Regulation M-A,
142,"",Aerodactyl,sandstorm,machine,0,Regulation M-A,
142,"",Aerodactyl,scary-face,machine,0,Regulation M-A,
142,"",Aerodactyl,sky-attack,machine,0,Regulation M-A,
142,"",Aerodactyl,sleep-talk,machine,0,Regulation M-A,
142,"",Aerodactyl,snore,machine,0,Regulation M-A,
142,"",Aerodactyl,stealth-rock,machine,0,Regulation M-A,
142,"",Aerodactyl,steel-wing,machine,0,Regulation M-A,
142,"",Aerodactyl,stone-edge,machine,0,Regulation M-A,
142,"",Aerodactyl,substitute,machine,0,Regulation M-A,
142,"",Aerodactyl,sunny-day,machine,0,Regulation M-A,
142,"",Aerodactyl,swagger,machine,0,Regulation M-A,
142,"",Aerodactyl,tailwind,machine,0,Regulation M-A,
142,"",Aerodactyl,taunt,machine,0,Regulation M-A,
142,"",Aerodactyl,thief,machine,0,Regulation M-A,
142,"",Aerodactyl,thunder-fang,machine,0,Regulation M-A,
142,"",Aerodactyl,whirlwind,machine,0,Regulation M-A,
142,"",Aerodactyl,wide-guard,machine,0,Regulation M-A,
143,"",Snorlax,amnesia,machine,0,Regulation M-A,
143,"",Snorlax,attract,machine,0,Regulation M-A,
143,"",Snorlax,belch,machine,0,Regulation M-A,
143,"",Snorlax,belly-drum,machine,0,Regulation M-A,
143,"",Snorlax,bite,machine,0,Regulation M-A,
143,"",Snorlax,blizzard,machine,0,Regulation M-A,
143,"",Snorlax,block,machine,0,Regulation M-A,
143,"",Snorlax,body-press,machine,0,Regulation M-A,
143,"",Snorlax,body-slam,machine,0,Regulation M-A,
143,"",Snorlax,brick-break,machine,0,Regulation M-A,
143,"",Snorlax,bulldoze,machine,0,Regulation M-A,
143,"",Snorlax,charm,machine,0,Regulation M-A,
143,"",Snorlax,chilling-water,machine,0,Regulation M-A,
143,"",Snorlax,counter,machine,0,Regulation M-A,
143,"",Snorlax,covet,machine,0,Regulation M-A,
143,"",Snorlax,crunch,machine,0,Regulation M-A,
143,"",Snorlax,curse,machine,0,Regulation M-A,
143,"",Snorlax,dig,machine,0,Regulation M-A,
143,"",Snorlax,double-edge,machine,0,Regulation M-A,
143,"",Snorlax,earthquake,machine,0,Regulation M-A,
143,"",Snorlax,encore,machine,0,Regulation M-A,
143,"",Snorlax,endure,machine,0,Regulation M-A,
143,"",Snorlax,facade,machine,0,Regulation M-A,
143,"",Snorlax,fire-blast,machine,0,Regulation M-A,
143,"",Snorlax,fire-punch,machine,0,Regulation M-A,
143,"",Snorlax,fissure,machine,0,Regulation M-A,
143,"",Snorlax,flail,machine,0,Regulation M-A,
143,"",Snorlax,flamethrower,machine,0,Regulation M-A,
143,"",Snorlax,fling,machine,0,Regulation M-A,
143,"",Snorlax,focus-blast,machine,0,Regulation M-A,
143,"",Snorlax,focus-punch,machine,0,Regulation M-A,
143,"",Snorlax,gastro-acid,machine,0,Regulation M-A,
143,"",Snorlax,giga-impact,machine,0,Regulation M-A,
143,"",Snorlax,gunk-shot,machine,0,Regulation M-A,
143,"",Snorlax,hammer-arm,machine,0,Regulation M-A,
143,"",Snorlax,hard-press,machine,0,Regulation M-A,
143,"",Snorlax,heat-crash,machine,0,Regulation M-A,
143,"",Snorlax,heavy-slam,machine,0,Regulation M-A,
143,"",Snorlax,helping-hand,machine,0,Regulation M-A,
143,"",Snorlax,high-horsepower,machine,0,Regulation M-A,
143,"",Snorlax,hydro-pump,machine,0,Regulation M-A,
143,"",Snorlax,hyper-beam,machine,0,Regulation M-A,
143,"",Snorlax,hyper-voice,machine,0,Regulation M-A,
143,"",Snorlax,ice-beam,machine,0,Regulation M-A,
143,"",Snorlax,ice-punch,machine,0,Regulation M-A,
143,"",Snorlax,icy-wind,machine,0,Regulation M-A,
143,"",Snorlax,iron-head,machine,0,Regulation M-A,
143,"",Snorlax,last-resort,machine,0,Regulation M-A,
143,"",Snorlax,mud-slap,machine,0,Regulation M-A,
143,"",Snorlax,outrage,machine,0,Regulation M-A,
143,"",Snorlax,protect,machine,0,Regulation M-A,
143,"",Snorlax,rain-dance,machine,0,Regulation M-A,
143,"",Snorlax,recycle,machine,0,Regulation M-A,
143,"",Snorlax,rest,machine,0,Regulation M-A,
143,"",Snorlax,rock-slide,machine,0,Regulation M-A,
143,"",Snorlax,rock-tomb,machine,0,Regulation M-A,
143,"",Snorlax,round,machine,0,Regulation M-A,
143,"",Snorlax,sandstorm,machine,0,Regulation M-A,
143,"",Snorlax,screech,machine,0,Regulation M-A,
143,"",Snorlax,seed-bomb,machine,0,Regulation M-A,
143,"",Snorlax,self-destruct,machine,0,Regulation M-A,
143,"",Snorlax,shadow-ball,machine,0,Regulation M-A,
143,"",Snorlax,sleep-talk,machine,0,Regulation M-A,
143,"",Snorlax,smack-down,machine,0,Regulation M-A,
143,"",Snorlax,snore,machine,0,Regulation M-A,
143,"",Snorlax,solar-beam,machine,0,Regulation M-A,
143,"",Snorlax,stockpile,machine,0,Regulation M-A,
143,"",Snorlax,stomping-tantrum,machine,0,Regulation M-A,
143,"",Snorlax,substitute,machine,0,Regulation M-A,
143,"",Snorlax,sunny-day,machine,0,Regulation M-A,
143,"",Snorlax,supercell-slam,machine,0,Regulation M-A,
143,"",Snorlax,superpower,machine,0,Regulation M-A,
143,"",Snorlax,surf,machine,0,Regulation M-A,
143,"",Snorlax,swallow,machine,0,Regulation M-A,
143,"",Snorlax,terrain-pulse,machine,0,Regulation M-A,
143,"",Snorlax,thunder,machine,0,Regulation M-A,
143,"",Snorlax,thunder-punch,machine,0,Regulation M-A,
143,"",Snorlax,thunderbolt,machine,0,Regulation M-A,
143,"",Snorlax,trailblaze,machine,0,Regulation M-A,
143,"",Snorlax,uproar,machine,0,Regulation M-A,
143,"",Snorlax,wild-charge,machine,0,Regulation M-A,
143,"",Snorlax,yawn,machine,0,Regulation M-A,
143,"",Snorlax,zen-headbutt,machine,0,Regulation M-A,
149,"",Dragonite,aerial-ace,machine,0,Regulation M-A,
149,"",Dragonite,agility,machine,0,Regulation M-A,
149,"",Dragonite,air-cutter,machine,0,Regulation M-A,
149,"",Dragonite,air-slash,machine,0,Regulation M-A,
149,"",Dragonite,aqua-jet,machine,0,Regulation M-A,
149,"",Dragonite,aqua-tail,machine,0,Regulation M-A,
149,"",Dragonite,blizzard,machine,0,Regulation M-A,
149,"",Dragonite,body-press,machine,0,Regulation M-A,
149,"",Dragonite,body-slam,machine,0,Regulation M-A,
149,"",Dragonite,breaking-swipe,machine,0,Regulation M-A,
149,"",Dragonite,brick-break,machine,0,Regulation M-A,
149,"",Dragonite,brutal-swing,machine,0,Regulation M-A,
149,"",Dragonite,bulldoze,machine,0,Regulation M-A,
149,"",Dragonite,chilling-water,machine,0,Regulation M-A,
149,"",Dragonite,dive,machine,0,Regulation M-A,
149,"",Dragonite,draco-meteor,machine,0,Regulation M-A,
149,"",Dragonite,dragon-cheer,machine,0,Regulation M-A,
149,"",Dragonite,dragon-claw,machine,0,Regulation M-A,
149,"",Dragonite,dragon-dance,machine,0,Regulation M-A,
149,"",Dragonite,dragon-pulse,machine,0,Regulation M-A,
149,"",Dragonite,dragon-rush,machine,0,Regulation M-A,
149,"",Dragonite,dragon-tail,machine,0,Regulation M-A,
149,"",Dragonite,earthquake,machine,0,Regulation M-A,
149,"",Dragonite,endure,machine,0,Regulation M-A,
149,"",Dragonite,extreme-speed,machine,0,Regulation M-A,
149,"",Dragonite,facade,machine,0,Regulation M-A,
149,"",Dragonite,fire-blast,machine,0,Regulation M-A,
149,"",Dragonite,fire-punch,machine,0,Regulation M-A,
149,"",Dragonite,fire-spin,machine,0,Regulation M-A,
149,"",Dragonite,flamethrower,machine,0,Regulation M-A,
149,"",Dragonite,fling,machine,0,Regulation M-A,
149,"",Dragonite,fly,machine,0,Regulation M-A,
149,"",Dragonite,focus-blast,machine,0,Regulation M-A,
149,"",Dragonite,focus-punch,machine,0,Regulation M-A,
149,"",Dragonite,giga-impact,machine,0,Regulation M-A,
149,"",Dragonite,haze,machine,0,Regulation M-A,
149,"",Dragonite,heat-wave,machine,0,Regulation M-A,
149,"",Dragonite,helping-hand,machine,0,Regulation M-A,
149,"",Dragonite,hurricane,machine,0,Regulation M-A,
149,"",Dragonite,hydro-pump,machine,0,Regulation M-A,
149,"",Dragonite,hyper-beam,machine,0,Regulation M-A,
149,"",Dragonite,ice-beam,machine,0,Regulation M-A,
149,"",Dragonite,ice-punch,machine,0,Regulation M-A,
149,"",Dragonite,ice-spinner,machine,0,Regulation M-A,
149,"",Dragonite,icy-wind,machine,0,Regulation M-A,
149,"",Dragonite,iron-head,machine,0,Regulation M-A,
149,"",Dragonite,iron-tail,machine,0,Regulation M-A,
149,"",Dragonite,light-screen,machine,0,Regulation M-A,
149,"",Dragonite,low-kick,machine,0,Regulation M-A,
149,"",Dragonite,mega-kick,machine,0,Regulation M-A,
149,"",Dragonite,outrage,machine,0,Regulation M-A,
149,"",Dragonite,protect,machine,0,Regulation M-A,
149,"",Dragonite,rain-dance,machine,0,Regulation M-A,
149,"",Dragonite,rest,machine,0,Regulation M-A,
149,"",Dragonite,roar,machine,0,Regulation M-A,
149,"",Dragonite,rock-slide,machine,0,Regulation M-A,
149,"",Dragonite,rock-tomb,machine,0,Regulation M-A,
149,"",Dragonite,roost,machine,0,Regulation M-A,
149,"",Dragonite,round,machine,0,Regulation M-A,
149,"",Dragonite,safeguard,machine,0,Regulation M-A,
149,"",Dragonite,sandstorm,machine,0,Regulation M-A,
149,"",Dragonite,scale-shot,machine,0,Regulation M-A,
149,"",Dragonite,scary-face,machine,0,Regulation M-A,
149,"",Dragonite,sleep-talk,machine,0,Regulation M-A,
149,"",Dragonite,snore,machine,0,Regulation M-A,
149,"",Dragonite,snowscape,machine,0,Regulation M-A,
149,"",Dragonite,steel-wing,machine,0,Regulation M-A,
149,"",Dragonite,stomping-tantrum,machine,0,Regulation M-A,
149,"",Dragonite,stone-edge,machine,0,Regulation M-A,
149,"",Dragonite,substitute,machine,0,Regulation M-A,
149,"",Dragonite,sunny-day,machine,0,Regulation M-A,
149,"",Dragonite,superpower,machine,0,Regulation M-A,
149,"",Dragonite,surf,machine,0,Regulation M-A,
149,"",Dragonite,tailwind,machine,0,Regulation M-A,
149,"",Dragonite,thunder,machine,0,Regulation M-A,
149,"",Dragonite,thunder-punch,machine,0,Regulation M-A,
149,"",Dragonite,thunder-wave,machine,0,Regulation M-A,
149,"",Dragonite,thunderbolt,machine,0,Regulation M-A,
149,"",Dragonite,water-pulse,machine,0,Regulation M-A,
149,"",Dragonite,waterfall,machine,0,Regulation M-A,
149,"",Dragonite,weather-ball,machine,0,Regulation M-A,
149,"",Dragonite,whirlwind,machine,0,Regulation M-A,
149,"",Dragonite,wrap,machine,0,Regulation M-A,
154,"",Meganium,ancient-power,machine,0,Regulation M-A,
154,"",Meganium,body-press,machine,0,Regulation M-A,
154,"",Meganium,body-slam,machine,0,Regulation M-A,
154,"",Meganium,bulldoze,machine,0,Regulation M-A,
154,"",Meganium,bullet-seed,machine,0,Regulation M-A,
154,"",Meganium,charm,machine,0,Regulation M-A,
154,"",Meganium,counter,machine,0,Regulation M-A,
154,"",Meganium,curse,machine,0,Regulation M-A,
154,"",Meganium,dazzling-gleam,machine,0,Regulation M-A,
154,"",Meganium,double-edge,machine,0,Regulation M-A,
154,"",Meganium,dragon-tail,machine,0,Regulation M-A,
154,"",Meganium,earth-power,machine,0,Regulation M-A,
154,"",Meganium,earthquake,machine,0,Regulation M-A,
154,"",Meganium,encore,machine,0,Regulation M-A,
154,"",Meganium,endeavor,machine,0,Regulation M-A,
154,"",Meganium,endure,machine,0,Regulation M-A,
154,"",Meganium,energy-ball,machine,0,Regulation M-A,
154,"",Meganium,facade,machine,0,Regulation M-A,
154,"",Meganium,fake-tears,machine,0,Regulation M-A,
154,"",Meganium,flail,machine,0,Regulation M-A,
154,"",Meganium,frenzy-plant,machine,0,Regulation M-A,
154,"",Meganium,giga-drain,machine,0,Regulation M-A,
154,"",Meganium,giga-impact,machine,0,Regulation M-A,
154,"",Meganium,grass-knot,machine,0,Regulation M-A,
154,"",Meganium,grassy-glide,machine,0,Regulation M-A,
154,"",Meganium,grassy-terrain,machine,0,Regulation M-A,
154,"",Meganium,heal-pulse,machine,0,Regulation M-A,
154,"",Meganium,helping-hand,machine,0,Regulation M-A,
154,"",Meganium,hyper-beam,machine,0,Regulation M-A,
154,"",Meganium,ingrain,machine,0,Regulation M-A,
154,"",Meganium,iron-tail,machine,0,Regulation M-A,
154,"",Meganium,knock-off,machine,0,Regulation M-A,
154,"",Meganium,leaf-blade,machine,0,Regulation M-A,
154,"",Meganium,leaf-storm,machine,0,Regulation M-A,
154,"",Meganium,leech-seed,machine,0,Regulation M-A,
154,"",Meganium,light-screen,machine,0,Regulation M-A,
154,"",Meganium,mud-slap,machine,0,Regulation M-A,
154,"",Meganium,outrage,machine,0,Regulation M-A,
154,"",Meganium,petal-blizzard,machine,0,Regulation M-A,
154,"",Meganium,petal-dance,machine,0,Regulation M-A,
154,"",Meganium,poison-powder,machine,0,Regulation M-A,
154,"",Meganium,pollen-puff,machine,0,Regulation M-A,
154,"",Meganium,protect,machine,0,Regulation M-A,
154,"",Meganium,reflect,machine,0,Regulation M-A,
154,"",Meganium,rest,machine,0,Regulation M-A,
154,"",Meganium,round,machine,0,Regulation M-A,
154,"",Meganium,safeguard,machine,0,Regulation M-A,
154,"",Meganium,seed-bomb,machine,0,Regulation M-A,
154,"",Meganium,sleep-talk,machine,0,Regulation M-A,
154,"",Meganium,snore,machine,0,Regulation M-A,
154,"",Meganium,solar-beam,machine,0,Regulation M-A,
154,"",Meganium,solar-blade,machine,0,Regulation M-A,
154,"",Meganium,stomping-tantrum,machine,0,Regulation M-A,
154,"",Meganium,substitute,machine,0,Regulation M-A,
154,"",Meganium,sunny-day,machine,0,Regulation M-A,
154,"",Meganium,sweet-scent,machine,0,Regulation M-A,
154,"",Meganium,swords-dance,machine,0,Regulation M-A,
154,"",Meganium,synthesis,machine,0,Regulation M-A,
154,"",Meganium,trailblaze,machine,0,Regulation M-A,
154,"",Meganium,weather-ball,machine,0,Regulation M-A,
154,"",Meganium,zen-headbutt,machine,0,Regulation M-A,
157,"",Typhlosion,aerial-ace,machine,0,Regulation M-A,
157,"",Typhlosion,blast-burn,machine,0,Regulation M-A,
157,"",Typhlosion,body-slam,machine,0,Regulation M-A,
157,"",Typhlosion,brick-break,machine,0,Regulation M-A,
157,"",Typhlosion,bulldoze,machine,0,Regulation M-A,
157,"",Typhlosion,burn-up,machine,0,Regulation M-A,
157,"",Typhlosion,burning-jealousy,machine,0,Regulation M-A,
157,"",Typhlosion,covet,machine,0,Regulation M-A,
157,"",Typhlosion,curse,machine,0,Regulation M-A,
157,"",Typhlosion,dig,machine,0,Regulation M-A,
157,"",Typhlosion,double-edge,machine,0,Regulation M-A,
157,"",Typhlosion,earthquake,machine,0,Regulation M-A,
157,"",Typhlosion,endeavor,machine,0,Regulation M-A,
157,"",Typhlosion,endure,machine,0,Regulation M-A,
157,"",Typhlosion,eruption,machine,0,Regulation M-A,
157,"",Typhlosion,extrasensory,machine,0,Regulation M-A,
157,"",Typhlosion,facade,machine,0,Regulation M-A,
157,"",Typhlosion,fire-blast,machine,0,Regulation M-A,
157,"",Typhlosion,fire-fang,machine,0,Regulation M-A,
157,"",Typhlosion,fire-punch,machine,0,Regulation M-A,
157,"",Typhlosion,fire-spin,machine,0,Regulation M-A,
157,"",Typhlosion,flame-charge,machine,0,Regulation M-A,
157,"",Typhlosion,flamethrower,machine,0,Regulation M-A,
157,"",Typhlosion,flare-blitz,machine,0,Regulation M-A,
157,"",Typhlosion,fling,machine,0,Regulation M-A,
157,"",Typhlosion,focus-blast,machine,0,Regulation M-A,
157,"",Typhlosion,focus-punch,machine,0,Regulation M-A,
157,"",Typhlosion,giga-impact,machine,0,Regulation M-A,
157,"",Typhlosion,gyro-ball,machine,0,Regulation M-A,
157,"",Typhlosion,heat-wave,machine,0,Regulation M-A,
157,"",Typhlosion,helping-hand,machine,0,Regulation M-A,
157,"",Typhlosion,howl,machine,0,Regulation M-A,
157,"",Typhlosion,hyper-beam,machine,0,Regulation M-A,
157,"",Typhlosion,inferno,machine,0,Regulation M-A,
157,"",Typhlosion,iron-head,machine,0,Regulation M-A,
157,"",Typhlosion,lava-plume,machine,0,Regulation M-A,
157,"",Typhlosion,low-kick,machine,0,Regulation M-A,
157,"",Typhlosion,mega-kick,machine,0,Regulation M-A,
157,"",Typhlosion,overheat,machine,0,Regulation M-A,
157,"",Typhlosion,play-rough,machine,0,Regulation M-A,
157,"",Typhlosion,protect,machine,0,Regulation M-A,
157,"",Typhlosion,quick-attack,machine,0,Regulation M-A,
157,"",Typhlosion,rest,machine,0,Regulation M-A,
157,"",Typhlosion,reversal,machine,0,Regulation M-A,
157,"",Typhlosion,roar,machine,0,Regulation M-A,
157,"",Typhlosion,rock-slide,machine,0,Regulation M-A,
157,"",Typhlosion,rock-tomb,machine,0,Regulation M-A,
157,"",Typhlosion,round,machine,0,Regulation M-A,
157,"",Typhlosion,scorching-sands,machine,0,Regulation M-A,
157,"",Typhlosion,shadow-ball,machine,0,Regulation M-A,
157,"",Typhlosion,shadow-claw,machine,0,Regulation M-A,
157,"",Typhlosion,sleep-talk,machine,0,Regulation M-A,
157,"",Typhlosion,snore,machine,0,Regulation M-A,
157,"",Typhlosion,solar-beam,machine,0,Regulation M-A,
157,"",Typhlosion,stomping-tantrum,machine,0,Regulation M-A,
157,"",Typhlosion,substitute,machine,0,Regulation M-A,
157,"",Typhlosion,sunny-day,machine,0,Regulation M-A,
157,"",Typhlosion,temper-flare,machine,0,Regulation M-A,
157,"",Typhlosion,throat-chop,machine,0,Regulation M-A,
157,"",Typhlosion,thunder-punch,machine,0,Regulation M-A,
157,"",Typhlosion,wild-charge,machine,0,Regulation M-A,
157,"",Typhlosion,will-o-wisp,machine,0,Regulation M-A,
157,"",Typhlosion,zen-headbutt,machine,0,Regulation M-A,
157,hisui,Typhlosion-Hisui,aerial-ace,machine,0,Regulation M-A,
157,hisui,Typhlosion-Hisui,blast-burn,machine,0,Regulation M-A,
157,hisui,Typhlosion-Hisui,body-slam,machine,0,Regulation M-A,
157,hisui,Typhlosion-Hisui,brick-break,machine,0,Regulation M-A,
157,hisui,Typhlosion-Hisui,bulldoze,machine,0,Regulation M-A,
157,hisui,Typhlosion-Hisui,burn-up,machine,0,Regulation M-A,
157,hisui,Typhlosion-Hisui,burning-jealousy,machine,0,Regulation M-A,
157,hisui,Typhlosion-Hisui,calm-mind,machine,0,Regulation M-A,
157,hisui,Typhlosion-Hisui,confuse-ray,machine,0,Regulation M-A,
157,hisui,Typhlosion-Hisui,covet,machine,0,Regulation M-A,
157,hisui,Typhlosion-Hisui,curse,machine,0,Regulation M-A,
157,hisui,Typhlosion-Hisui,dig,machine,0,Regulation M-A,
157,hisui,Typhlosion-Hisui,double-edge,machine,0,Regulation M-A,
157,hisui,Typhlosion-Hisui,earthquake,machine,0,Regulation M-A,
157,hisui,Typhlosion-Hisui,endeavor,machine,0,Regulation M-A,
157,hisui,Typhlosion-Hisui,endure,machine,0,Regulation M-A,
157,hisui,Typhlosion-Hisui,eruption,machine,0,Regulation M-A,
157,hisui,Typhlosion-Hisui,extrasensory,machine,0,Regulation M-A,
157,hisui,Typhlosion-Hisui,facade,machine,0,Regulation M-A,
157,hisui,Typhlosion-Hisui,fire-blast,machine,0,Regulation M-A,
157,hisui,Typhlosion-Hisui,fire-fang,machine,0,Regulation M-A,
157,hisui,Typhlosion-Hisui,fire-punch,machine,0,Regulation M-A,
157,hisui,Typhlosion-Hisui,fire-spin,machine,0,Regulation M-A,
157,hisui,Typhlosion-Hisui,flame-charge,machine,0,Regulation M-A,
157,hisui,Typhlosion-Hisui,flamethrower,machine,0,Regulation M-A,
157,hisui,Typhlosion-Hisui,flare-blitz,machine,0,Regulation M-A,
157,hisui,Typhlosion-Hisui,focus-blast,machine,0,Regulation M-A,
157,hisui,Typhlosion-Hisui,focus-punch,machine,0,Regulation M-A,
157,hisui,Typhlosion-Hisui,giga-impact,machine,0,Regulation M-A,
157,hisui,Typhlosion-Hisui,gyro-ball,machine,0,Regulation M-A,
157,hisui,Typhlosion-Hisui,heat-wave,machine,0,Regulation M-A,
157,hisui,Typhlosion-Hisui,hex,machine,0,Regulation M-A,
157,hisui,Typhlosion-Hisui,howl,machine,0,Regulation M-A,
157,hisui,Typhlosion-Hisui,hyper-beam,machine,0,Regulation M-A,
157,hisui,Typhlosion-Hisui,infernal-parade,machine,0,Regulation M-A,
157,hisui,Typhlosion-Hisui,inferno,machine,0,Regulation M-A,
157,hisui,Typhlosion-Hisui,iron-head,machine,0,Regulation M-A,
157,hisui,Typhlosion-Hisui,lava-plume,machine,0,Regulation M-A,
157,hisui,Typhlosion-Hisui,low-kick,machine,0,Regulation M-A,
157,hisui,Typhlosion-Hisui,mega-kick,machine,0,Regulation M-A,
157,hisui,Typhlosion-Hisui,mystical-fire,machine,0,Regulation M-A,
157,hisui,Typhlosion-Hisui,night-shade,machine,0,Regulation M-A,
157,hisui,Typhlosion-Hisui,overheat,machine,0,Regulation M-A,
157,hisui,Typhlosion-Hisui,play-rough,machine,0,Regulation M-A,
157,hisui,Typhlosion-Hisui,poltergeist,machine,0,Regulation M-A,
157,hisui,Typhlosion-Hisui,protect,machine,0,Regulation M-A,
157,hisui,Typhlosion-Hisui,quick-attack,machine,0,Regulation M-A,
157,hisui,Typhlosion-Hisui,rest,machine,0,Regulation M-A,
157,hisui,Typhlosion-Hisui,reversal,machine,0,Regulation M-A,
157,hisui,Typhlosion-Hisui,roar,machine,0,Regulation M-A,
157,hisui,Typhlosion-Hisui,rock-slide,machine,0,Regulation M-A,
157,hisui,Typhlosion-Hisui,round,machine,0,Regulation M-A,
157,hisui,Typhlosion-Hisui,shadow-ball,machine,0,Regulation M-A,
157,hisui,Typhlosion-Hisui,shadow-claw,machine,0,Regulation M-A,
157,hisui,Typhlosion-Hisui,sleep-talk,machine,0,Regulation M-A,
157,hisui,Typhlosion-Hisui,snore,machine,0,Regulation M-A,
157,hisui,Typhlosion-Hisui,solar-beam,machine,0,Regulation M-A,
157,hisui,Typhlosion-Hisui,spite,machine,0,Regulation M-A,
157,hisui,Typhlosion-Hisui,stomping-tantrum,machine,0,Regulation M-A,
157,hisui,Typhlosion-Hisui,substitute,machine,0,Regulation M-A,
157,hisui,Typhlosion-Hisui,sunny-day,machine,0,Regulation M-A,
157,hisui,Typhlosion-Hisui,temper-flare,machine,0,Regulation M-A,
157,hisui,Typhlosion-Hisui,thunder-punch,machine,0,Regulation M-A,
157,hisui,Typhlosion-Hisui,wild-charge,machine,0,Regulation M-A,
157,hisui,Typhlosion-Hisui,will-o-wisp,machine,0,Regulation M-A,
157,hisui,Typhlosion-Hisui,zen-headbutt,machine,0,Regulation M-A,
160,"",Feraligatr,aerial-ace,machine,0,Regulation M-A,
160,"",Feraligatr,agility,machine,0,Regulation M-A,
160,"",Feraligatr,ancient-power,machine,0,Regulation M-A,
160,"",Feraligatr,aqua-jet,machine,0,Regulation M-A,
160,"",Feraligatr,aqua-tail,machine,0,Regulation M-A,
160,"",Feraligatr,avalanche,machine,0,Regulation M-A,
160,"",Feraligatr,bite,machine,0,Regulation M-A,
160,"",Feraligatr,blizzard,machine,0,Regulation M-A,
160,"",Feraligatr,block,machine,0,Regulation M-A,
160,"",Feraligatr,body-slam,machine,0,Regulation M-A,
160,"",Feraligatr,breaking-swipe,machine,0,Regulation M-A,
160,"",Feraligatr,brick-break,machine,0,Regulation M-A,
160,"",Feraligatr,brutal-swing,machine,0,Regulation M-A,
160,"",Feraligatr,bulldoze,machine,0,Regulation M-A,
160,"",Feraligatr,chilling-water,machine,0,Regulation M-A,
160,"",Feraligatr,counter,machine,0,Regulation M-A,
160,"",Feraligatr,crunch,machine,0,Regulation M-A,
160,"",Feraligatr,curse,machine,0,Regulation M-A,
160,"",Feraligatr,dig,machine,0,Regulation M-A,
160,"",Feraligatr,dive,machine,0,Regulation M-A,
160,"",Feraligatr,double-edge,machine,0,Regulation M-A,
160,"",Feraligatr,dragon-claw,machine,0,Regulation M-A,
160,"",Feraligatr,dragon-dance,machine,0,Regulation M-A,
160,"",Feraligatr,dragon-pulse,machine,0,Regulation M-A,
160,"",Feraligatr,dragon-tail,machine,0,Regulation M-A,
160,"",Feraligatr,earthquake,machine,0,Regulation M-A,
160,"",Feraligatr,endeavor,machine,0,Regulation M-A,
160,"",Feraligatr,endure,machine,0,Regulation M-A,
160,"",Feraligatr,facade,machine,0,Regulation M-A,
160,"",Feraligatr,fake-tears,machine,0,Regulation M-A,
160,"",Feraligatr,flail,machine,0,Regulation M-A,
160,"",Feraligatr,flatter,machine,0,Regulation M-A,
160,"",Feraligatr,fling,machine,0,Regulation M-A,
160,"",Feraligatr,flip-turn,machine,0,Regulation M-A,
160,"",Feraligatr,focus-blast,machine,0,Regulation M-A,
160,"",Feraligatr,focus-punch,machine,0,Regulation M-A,
160,"",Feraligatr,giga-impact,machine,0,Regulation M-A,
160,"",Feraligatr,helping-hand,machine,0,Regulation M-A,
160,"",Feraligatr,hydro-cannon,machine,0,Regulation M-A,
160,"",Feraligatr,hydro-pump,machine,0,Regulation M-A,
160,"",Feraligatr,hyper-beam,machine,0,Regulation M-A,
160,"",Feraligatr,ice-beam,machine,0,Regulation M-A,
160,"",Feraligatr,ice-fang,machine,0,Regulation M-A,
160,"",Feraligatr,ice-punch,machine,0,Regulation M-A,
160,"",Feraligatr,icy-wind,machine,0,Regulation M-A,
160,"",Feraligatr,iron-tail,machine,0,Regulation M-A,
160,"",Feraligatr,lash-out,machine,0,Regulation M-A,
160,"",Feraligatr,liquidation,machine,0,Regulation M-A,
160,"",Feraligatr,low-kick,machine,0,Regulation M-A,
160,"",Feraligatr,mega-kick,machine,0,Regulation M-A,
160,"",Feraligatr,mud-shot,machine,0,Regulation M-A,
160,"",Feraligatr,mud-slap,machine,0,Regulation M-A,
160,"",Feraligatr,muddy-water,machine,0,Regulation M-A,
160,"",Feraligatr,outrage,machine,0,Regulation M-A,
160,"",Feraligatr,protect,machine,0,Regulation M-A,
160,"",Feraligatr,psychic-fangs,machine,0,Regulation M-A,
160,"",Feraligatr,rain-dance,machine,0,Regulation M-A,
160,"",Feraligatr,rest,machine,0,Regulation M-A,
160,"",Feraligatr,roar,machine,0,Regulation M-A,
160,"",Feraligatr,rock-slide,machine,0,Regulation M-A,
160,"",Feraligatr,rock-tomb,machine,0,Regulation M-A,
160,"",Feraligatr,round,machine,0,Regulation M-A,
160,"",Feraligatr,scale-shot,machine,0,Regulation M-A,
160,"",Feraligatr,scary-face,machine,0,Regulation M-A,
160,"",Feraligatr,screech,machine,0,Regulation M-A,
160,"",Feraligatr,shadow-claw,machine,0,Regulation M-A,
160,"",Feraligatr,sleep-talk,machine,0,Regulation M-A,
160,"",Feraligatr,snarl,machine,0,Regulation M-A,
160,"",Feraligatr,snore,machine,0,Regulation M-A,
160,"",Feraligatr,spite,machine,0,Regulation M-A,
160,"",Feraligatr,stomping-tantrum,machine,0,Regulation M-A,
160,"",Feraligatr,substitute,machine,0,Regulation M-A,
160,"",Feraligatr,superpower,machine,0,Regulation M-A,
160,"",Feraligatr,surf,machine,0,Regulation M-A,
160,"",Feraligatr,swords-dance,machine,0,Regulation M-A,
160,"",Feraligatr,thief,machine,0,Regulation M-A,
160,"",Feraligatr,thrash,machine,0,Regulation M-A,
160,"",Feraligatr,trailblaze,machine,0,Regulation M-A,
160,"",Feraligatr,uproar,machine,0,Regulation M-A,
160,"",Feraligatr,water-pulse,machine,0,Regulation M-A,
160,"",Feraligatr,waterfall,machine,0,Regulation M-A,
160,"",Feraligatr,whirlpool,machine,0,Regulation M-A,
168,"",Ariados,acid-spray,machine,0,Regulation M-A,
168,"",Ariados,agility,machine,0,Regulation M-A,
168,"",Ariados,assurance,machine,0,Regulation M-A,
168,"",Ariados,baton-pass,machine,0,Regulation M-A,
168,"",Ariados,body-slam,machine,0,Regulation M-A,
168,"",Ariados,bounce,machine,0,Regulation M-A,
168,"",Ariados,bug-bite,machine,0,Regulation M-A,
168,"",Ariados,bug-buzz,machine,0,Regulation M-A,
168,"",Ariados,cross-poison,machine,0,Regulation M-A,
168,"",Ariados,dig,machine,0,Regulation M-A,
168,"",Ariados,disable,machine,0,Regulation M-A,
168,"",Ariados,electroweb,machine,0,Regulation M-A,
168,"",Ariados,endure,machine,0,Regulation M-A,
168,"",Ariados,facade,machine,0,Regulation M-A,
168,"",Ariados,fell-stinger,machine,0,Regulation M-A,
168,"",Ariados,first-impression,machine,0,Regulation M-A,
168,"",Ariados,focus-energy,machine,0,Regulation M-A,
168,"",Ariados,foul-play,machine,0,Regulation M-A,
168,"",Ariados,giga-drain,machine,0,Regulation M-A,
168,"",Ariados,giga-impact,machine,0,Regulation M-A,
168,"",Ariados,hex,machine,0,Regulation M-A,
168,"",Ariados,hyper-beam,machine,0,Regulation M-A,
168,"",Ariados,infestation,machine,0,Regulation M-A,
168,"",Ariados,knock-off,machine,0,Regulation M-A,
168,"",Ariados,leech-life,machine,0,Regulation M-A,
168,"",Ariados,lunge,machine,0,Regulation M-A,
168,"",Ariados,megahorn,machine,0,Regulation M-A,
168,"",Ariados,night-shade,machine,0,Regulation M-A,
168,"",Ariados,night-slash,machine,0,Regulation M-A,
168,"",Ariados,pin-missile,machine,0,Regulation M-A,
168,"",Ariados,poison-jab,machine,0,Regulation M-A,
168,"",Ariados,pounce,machine,0,Regulation M-A,
168,"",Ariados,protect,machine,0,Regulation M-A,
168,"",Ariados,psychic,machine,0,Regulation M-A,
168,"",Ariados,rage-powder,machine,0,Regulation M-A,
168,"",Ariados,rest,machine,0,Regulation M-A,
168,"",Ariados,round,machine,0,Regulation M-A,
168,"",Ariados,scary-face,machine,0,Regulation M-A,
168,"",Ariados,screech,machine,0,Regulation M-A,
168,"",Ariados,shadow-sneak,machine,0,Regulation M-A,
168,"",Ariados,skitter-smack,machine,0,Regulation M-A,
168,"",Ariados,sleep-talk,machine,0,Regulation M-A,
168,"",Ariados,sludge-bomb,machine,0,Regulation M-A,
168,"",Ariados,sludge-wave,machine,0,Regulation M-A,
168,"",Ariados,smart-strike,machine,0,Regulation M-A,
168,"",Ariados,snore,machine,0,Regulation M-A,
168,"",Ariados,solar-beam,machine,0,Regulation M-A,
168,"",Ariados,spite,machine,0,Regulation M-A,
168,"",Ariados,sticky-web,machine,0,Regulation M-A,
168,"",Ariados,stomping-tantrum,machine,0,Regulation M-A,
168,"",Ariados,string-shot,machine,0,Regulation M-A,
168,"",Ariados,struggle-bug,machine,0,Regulation M-A,
168,"",Ariados,substitute,machine,0,Regulation M-A,
168,"",Ariados,sucker-punch,machine,0,Regulation M-A,
168,"",Ariados,sunny-day,machine,0,Regulation M-A,
168,"",Ariados,swords-dance,machine,0,Regulation M-A,
168,"",Ariados,thief,machine,0,Regulation M-A,
168,"",Ariados,throat-chop,machine,0,Regulation M-A,
168,"",Ariados,toxic,machine,0,Regulation M-A,
168,"",Ariados,toxic-spikes,machine,0,Regulation M-A,
168,"",Ariados,toxic-thread,machine,0,Regulation M-A,
168,"",Ariados,trailblaze,machine,0,Regulation M-A,
168,"",Ariados,venoshock,machine,0,Regulation M-A,
168,"",Ariados,x-scissor,machine,0,Regulation M-A,
181,"",Ampharos,after-you,machine,0,Regulation M-A,
181,"",Ampharos,agility,machine,0,Regulation M-A,
181,"",Ampharos,body-slam,machine,0,Regulation M-A,
181,"",Ampharos,breaking-swipe,machine,0,Regulation M-A,
181,"",Ampharos,brick-break,machine,0,Regulation M-A,
181,"",Ampharos,brutal-swing,machine,0,Regulation M-A,
181,"",Ampharos,bulldoze,machine,0,Regulation M-A,
181,"",Ampharos,charge,machine,0,Regulation M-A,
181,"",Ampharos,charge-beam,machine,0,Regulation M-A,
181,"",Ampharos,confuse-ray,machine,0,Regulation M-A,
181,"",Ampharos,cotton-guard,machine,0,Regulation M-A,
181,"",Ampharos,cotton-spore,machine,0,Regulation M-A,
181,"",Ampharos,dazzling-gleam,machine,0,Regulation M-A,
181,"",Ampharos,dig,machine,0,Regulation M-A,
181,"",Ampharos,discharge,machine,0,Regulation M-A,
181,"",Ampharos,double-edge,machine,0,Regulation M-A,
181,"",Ampharos,dragon-cheer,machine,0,Regulation M-A,
181,"",Ampharos,dragon-pulse,machine,0,Regulation M-A,
181,"",Ampharos,dragon-tail,machine,0,Regulation M-A,
181,"",Ampharos,eerie-impulse,machine,0,Regulation M-A,
181,"",Ampharos,electric-terrain,machine,0,Regulation M-A,
181,"",Ampharos,electro-ball,machine,0,Regulation M-A,
181,"",Ampharos,electroweb,machine,0,Regulation M-A,
181,"",Ampharos,endeavor,machine,0,Regulation M-A,
181,"",Ampharos,endure,machine,0,Regulation M-A,
181,"",Ampharos,facade,machine,0,Regulation M-A,
181,"",Ampharos,fire-punch,machine,0,Regulation M-A,
181,"",Ampharos,flatter,machine,0,Regulation M-A,
181,"",Ampharos,fling,machine,0,Regulation M-A,
181,"",Ampharos,focus-blast,machine,0,Regulation M-A,
181,"",Ampharos,focus-punch,machine,0,Regulation M-A,
181,"",Ampharos,giga-impact,machine,0,Regulation M-A,
181,"",Ampharos,helping-hand,machine,0,Regulation M-A,
181,"",Ampharos,hyper-beam,machine,0,Regulation M-A,
181,"",Ampharos,ice-punch,machine,0,Regulation M-A,
181,"",Ampharos,iron-tail,machine,0,Regulation M-A,
181,"",Ampharos,light-screen,machine,0,Regulation M-A,
181,"",Ampharos,low-kick,machine,0,Regulation M-A,
181,"",Ampharos,magnetic-flux,machine,0,Regulation M-A,
181,"",Ampharos,mega-kick,machine,0,Regulation M-A,
181,"",Ampharos,meteor-beam,machine,0,Regulation M-A,
181,"",Ampharos,outrage,machine,0,Regulation M-A,
181,"",Ampharos,parabolic-charge,machine,0,Regulation M-A,
181,"",Ampharos,power-gem,machine,0,Regulation M-A,
181,"",Ampharos,protect,machine,0,Regulation M-A,
181,"",Ampharos,rain-dance,machine,0,Regulation M-A,
181,"",Ampharos,reflect,machine,0,Regulation M-A,
181,"",Ampharos,rest,machine,0,Regulation M-A,
181,"",Ampharos,rising-voltage,machine,0,Regulation M-A,
181,"",Ampharos,roar,machine,0,Regulation M-A,
181,"",Ampharos,round,machine,0,Regulation M-A,
181,"",Ampharos,safeguard,machine,0,Regulation M-A,
181,"",Ampharos,screech,machine,0,Regulation M-A,
181,"",Ampharos,sleep-talk,machine,0,Regulation M-A,
181,"",Ampharos,snore,machine,0,Regulation M-A,
181,"",Ampharos,stomping-tantrum,machine,0,Regulation M-A,
181,"",Ampharos,substitute,machine,0,Regulation M-A,
181,"",Ampharos,sunny-day,machine,0,Regulation M-A,
181,"",Ampharos,supercell-slam,machine,0,Regulation M-A,
181,"",Ampharos,thunder,machine,0,Regulation M-A,
181,"",Ampharos,thunder-punch,machine,0,Regulation M-A,
181,"",Ampharos,thunder-wave,machine,0,Regulation M-A,
181,"",Ampharos,thunderbolt,machine,0,Regulation M-A,
181,"",Ampharos,trailblaze,machine,0,Regulation M-A,
181,"",Ampharos,volt-switch,machine,0,Regulation M-A,
181,"",Ampharos,wild-charge,machine,0,Regulation M-A,
181,"",Ampharos,zap-cannon,machine,0,Regulation M-A,
184,"",Azumarill,alluring-voice,machine,0,Regulation M-A,
184,"",Azumarill,amnesia,machine,0,Regulation M-A,
184,"",Azumarill,aqua-jet,machine,0,Regulation M-A,
184,"",Azumarill,aqua-ring,machine,0,Regulation M-A,
184,"",Azumarill,aqua-tail,machine,0,Regulation M-A,
184,"",Azumarill,belly-drum,machine,0,Regulation M-A,
184,"",Azumarill,blizzard,machine,0,Regulation M-A,
184,"",Azumarill,body-slam,machine,0,Regulation M-A,
184,"",Azumarill,bounce,machine,0,Regulation M-A,
184,"",Azumarill,brick-break,machine,0,Regulation M-A,
184,"",Azumarill,brutal-swing,machine,0,Regulation M-A,
184,"",Azumarill,bulldoze,machine,0,Regulation M-A,
184,"",Azumarill,charm,machine,0,Regulation M-A,
184,"",Azumarill,chilling-water,machine,0,Regulation M-A,
184,"",Azumarill,copycat,machine,0,Regulation M-A,
184,"",Azumarill,dig,machine,0,Regulation M-A,
184,"",Azumarill,dive,machine,0,Regulation M-A,
184,"",Azumarill,double-edge,machine,0,Regulation M-A,
184,"",Azumarill,draining-kiss,machine,0,Regulation M-A,
184,"",Azumarill,encore,machine,0,Regulation M-A,
184,"",Azumarill,endure,machine,0,Regulation M-A,
184,"",Azumarill,facade,machine,0,Regulation M-A,
184,"",Azumarill,fake-tears,machine,0,Regulation M-A,
184,"",Azumarill,fling,machine,0,Regulation M-A,
184,"",Azumarill,focus-blast,machine,0,Regulation M-A,
184,"",Azumarill,focus-punch,machine,0,Regulation M-A,
184,"",Azumarill,future-sight,machine,0,Regulation M-A,
184,"",Azumarill,giga-impact,machine,0,Regulation M-A,
184,"",Azumarill,grass-knot,machine,0,Regulation M-A,
184,"",Azumarill,helping-hand,machine,0,Regulation M-A,
184,"",Azumarill,hydro-pump,machine,0,Regulation M-A,
184,"",Azumarill,hyper-beam,machine,0,Regulation M-A,
184,"",Azumarill,hyper-voice,machine,0,Regulation M-A,
184,"",Azumarill,ice-beam,machine,0,Regulation M-A,
184,"",Azumarill,ice-punch,machine,0,Regulation M-A,
184,"",Azumarill,ice-spinner,machine,0,Regulation M-A,
184,"",Azumarill,icy-wind,machine,0,Regulation M-A,
184,"",Azumarill,iron-tail,machine,0,Regulation M-A,
184,"",Azumarill,knock-off,machine,0,Regulation M-A,
184,"",Azumarill,light-screen,machine,0,Regulation M-A,
184,"",Azumarill,liquidation,machine,0,Regulation M-A,
184,"",Azumarill,misty-explosion,machine,0,Regulation M-A,
184,"",Azumarill,misty-terrain,machine,0,Regulation M-A,
184,"",Azumarill,mud-shot,machine,0,Regulation M-A,
184,"",Azumarill,mud-slap,machine,0,Regulation M-A,
184,"",Azumarill,muddy-water,machine,0,Regulation M-A,
184,"",Azumarill,perish-song,machine,0,Regulation M-A,
184,"",Azumarill,play-rough,machine,0,Regulation M-A,
184,"",Azumarill,protect,machine,0,Regulation M-A,
184,"",Azumarill,rain-dance,machine,0,Regulation M-A,
184,"",Azumarill,rest,machine,0,Regulation M-A,
184,"",Azumarill,round,machine,0,Regulation M-A,
184,"",Azumarill,sing,machine,0,Regulation M-A,
184,"",Azumarill,sleep-talk,machine,0,Regulation M-A,
184,"",Azumarill,snore,machine,0,Regulation M-A,
184,"",Azumarill,snowscape,machine,0,Regulation M-A,
184,"",Azumarill,soak,machine,0,Regulation M-A,
184,"",Azumarill,substitute,machine,0,Regulation M-A,
184,"",Azumarill,superpower,machine,0,Regulation M-A,
184,"",Azumarill,surf,machine,0,Regulation M-A,
184,"",Azumarill,tickle,machine,0,Regulation M-A,
184,"",Azumarill,trailblaze,machine,0,Regulation M-A,
184,"",Azumarill,uproar,machine,0,Regulation M-A,
184,"",Azumarill,water-pulse,machine,0,Regulation M-A,
184,"",Azumarill,waterfall,machine,0,Regulation M-A,
184,"",Azumarill,whirlpool,machine,0,Regulation M-A,
186,"",Politoed,amnesia,machine,0,Regulation M-A,
186,"",Politoed,attract,machine,0,Regulation M-A,
186,"",Politoed,belly-drum,machine,0,Regulation M-A,
186,"",Politoed,blizzard,machine,0,Regulation M-A,
186,"",Politoed,body-slam,machine,0,Regulation M-A,
186,"",Politoed,bounce,machine,0,Regulation M-A,
186,"",Politoed,brick-break,machine,0,Regulation M-A,
186,"",Politoed,bulldoze,machine,0,Regulation M-A,
186,"",Politoed,chilling-water,machine,0,Regulation M-A,
186,"",Politoed,dig,machine,0,Regulation M-A,
186,"",Politoed,dive,machine,0,Regulation M-A,
186,"",Politoed,double-edge,machine,0,Regulation M-A,
186,"",Politoed,earth-power,machine,0,Regulation M-A,
186,"",Politoed,earthquake,machine,0,Regulation M-A,
186,"",Politoed,encore,machine,0,Regulation M-A,
186,"",Politoed,endeavor,machine,0,Regulation M-A,
186,"",Politoed,endure,machine,0,Regulation M-A,
186,"",Politoed,facade,machine,0,Regulation M-A,
186,"",Politoed,fling,machine,0,Regulation M-A,
186,"",Politoed,focus-blast,machine,0,Regulation M-A,
186,"",Politoed,focus-punch,machine,0,Regulation M-A,
186,"",Politoed,giga-impact,machine,0,Regulation M-A,
186,"",Politoed,haze,machine,0,Regulation M-A,
186,"",Politoed,helping-hand,machine,0,Regulation M-A,
186,"",Politoed,hydro-pump,machine,0,Regulation M-A,
186,"",Politoed,hyper-beam,machine,0,Regulation M-A,
186,"",Politoed,hyper-voice,machine,0,Regulation M-A,
186,"",Politoed,hypnosis,machine,0,Regulation M-A,
186,"",Politoed,ice-beam,machine,0,Regulation M-A,
186,"",Politoed,ice-punch,machine,0,Regulation M-A,
186,"",Politoed,icy-wind,machine,0,Regulation M-A,
186,"",Politoed,liquidation,machine,0,Regulation M-A,
186,"",Politoed,low-kick,machine,0,Regulation M-A,
186,"",Politoed,low-sweep,machine,0,Regulation M-A,
186,"",Politoed,mud-shot,machine,0,Regulation M-A,
186,"",Politoed,mud-slap,machine,0,Regulation M-A,
186,"",Politoed,muddy-water,machine,0,Regulation M-A,
186,"",Politoed,perish-song,machine,0,Regulation M-A,
186,"",Politoed,pound,machine,0,Regulation M-A,
186,"",Politoed,protect,machine,0,Regulation M-A,
186,"",Politoed,psych-up,machine,0,Regulation M-A,
186,"",Politoed,psychic,machine,0,Regulation M-A,
186,"",Politoed,rain-dance,machine,0,Regulation M-A,
186,"",Politoed,rest,machine,0,Regulation M-A,
186,"",Politoed,round,machine,0,Regulation M-A,
186,"",Politoed,screech,machine,0,Regulation M-A,
186,"",Politoed,sleep-talk,machine,0,Regulation M-A,
186,"",Politoed,snore,machine,0,Regulation M-A,
186,"",Politoed,substitute,machine,0,Regulation M-A,
186,"",Politoed,surf,machine,0,Regulation M-A,
186,"",Politoed,swagger,machine,0,Regulation M-A,
186,"",Politoed,thief,machine,0,Regulation M-A,
186,"",Politoed,uproar,machine,0,Regulation M-A,
186,"",Politoed,water-pulse,machine,0,Regulation M-A,
186,"",Politoed,waterfall,machine,0,Regulation M-A,
186,"",Politoed,weather-ball,machine,0,Regulation M-A,
186,"",Politoed,whirlpool,machine,0,Regulation M-A,
196,"",Espeon,alluring-voice,machine,0,Regulation M-A,
196,"",Espeon,baby-doll-eyes,machine,0,Regulation M-A,
196,"",Espeon,baton-pass,machine,0,Regulation M-A,
196,"",Espeon,bite,machine,0,Regulation M-A,
196,"",Espeon,body-slam,machine,0,Regulation M-A,
196,"",Espeon,calm-mind,machine,0,Regulation M-A,
196,"",Espeon,charm,machine,0,Regulation M-A,
196,"",Espeon,confuse-ray,machine,0,Regulation M-A,
196,"",Espeon,copycat,machine,0,Regulation M-A,
196,"",Espeon,covet,machine,0,Regulation M-A,
196,"",Espeon,curse,machine,0,Regulation M-A,
196,"",Espeon,dazzling-gleam,machine,0,Regulation M-A,
196,"",Espeon,detect,machine,0,Regulation M-A,
196,"",Espeon,dig,machine,0,Regulation M-A,
196,"",Espeon,double-edge,machine,0,Regulation M-A,
196,"",Espeon,draining-kiss,machine,0,Regulation M-A,
196,"",Espeon,endure,machine,0,Regulation M-A,
196,"",Espeon,expanding-force,machine,0,Regulation M-A,
196,"",Espeon,facade,machine,0,Regulation M-A,
196,"",Espeon,fake-tears,machine,0,Regulation M-A,
196,"",Espeon,flail,machine,0,Regulation M-A,
196,"",Espeon,focus-energy,machine,0,Regulation M-A,
196,"",Espeon,future-sight,machine,0,Regulation M-A,
196,"",Espeon,giga-impact,machine,0,Regulation M-A,
196,"",Espeon,grass-knot,machine,0,Regulation M-A,
196,"",Espeon,gravity,machine,0,Regulation M-A,
196,"",Espeon,helping-hand,machine,0,Regulation M-A,
196,"",Espeon,hyper-beam,machine,0,Regulation M-A,
196,"",Espeon,hyper-voice,machine,0,Regulation M-A,
196,"",Espeon,imprison,machine,0,Regulation M-A,
196,"",Espeon,last-resort,machine,0,Regulation M-A,
196,"",Espeon,light-screen,machine,0,Regulation M-A,
196,"",Espeon,magic-room,machine,0,Regulation M-A,
196,"",Espeon,morning-sun,machine,0,Regulation M-A,
196,"",Espeon,mud-slap,machine,0,Regulation M-A,
196,"",Espeon,power-gem,machine,0,Regulation M-A,
196,"",Espeon,power-swap,machine,0,Regulation M-A,
196,"",Espeon,protect,machine,0,Regulation M-A,
196,"",Espeon,psych-up,machine,0,Regulation M-A,
196,"",Espeon,psychic,machine,0,Regulation M-A,
196,"",Espeon,psychic-fangs,machine,0,Regulation M-A,
196,"",Espeon,psychic-noise,machine,0,Regulation M-A,
196,"",Espeon,psychic-terrain,machine,0,Regulation M-A,
196,"",Espeon,psyshock,machine,0,Regulation M-A,
196,"",Espeon,quick-attack,machine,0,Regulation M-A,
196,"",Espeon,rain-dance,machine,0,Regulation M-A,
196,"",Espeon,reflect,machine,0,Regulation M-A,
196,"",Espeon,rest,machine,0,Regulation M-A,
196,"",Espeon,roar,machine,0,Regulation M-A,
196,"",Espeon,round,machine,0,Regulation M-A,
196,"",Espeon,safeguard,machine,0,Regulation M-A,
196,"",Espeon,shadow-ball,machine,0,Regulation M-A,
196,"",Espeon,skill-swap,machine,0,Regulation M-A,
196,"",Espeon,sleep-talk,machine,0,Regulation M-A,
196,"",Espeon,snore,machine,0,Regulation M-A,
196,"",Espeon,stored-power,machine,0,Regulation M-A,
196,"",Espeon,substitute,machine,0,Regulation M-A,
196,"",Espeon,sunny-day,machine,0,Regulation M-A,
196,"",Espeon,thunder-wave,machine,0,Regulation M-A,
196,"",Espeon,tickle,machine,0,Regulation M-A,
196,"",Espeon,trailblaze,machine,0,Regulation M-A,
196,"",Espeon,trick,machine,0,Regulation M-A,
196,"",Espeon,trick-room,machine,0,Regulation M-A,
196,"",Espeon,weather-ball,machine,0,Regulation M-A,
196,"",Espeon,wish,machine,0,Regulation M-A,
196,"",Espeon,yawn,machine,0,Regulation M-A,
196,"",Espeon,zen-headbutt,machine,0,Regulation M-A,
197,"",Umbreon,alluring-voice,machine,0,Regulation M-A,
197,"",Umbreon,assurance,machine,0,Regulation M-A,
197,"",Umbreon,baby-doll-eyes,machine,0,Regulation M-A,
197,"",Umbreon,baton-pass,machine,0,Regulation M-A,
197,"",Umbreon,bite,machine,0,Regulation M-A,
197,"",Umbreon,body-slam,machine,0,Regulation M-A,
197,"",Umbreon,calm-mind,machine,0,Regulation M-A,
197,"",Umbreon,charm,machine,0,Regulation M-A,
197,"",Umbreon,confuse-ray,machine,0,Regulation M-A,
197,"",Umbreon,copycat,machine,0,Regulation M-A,
197,"",Umbreon,covet,machine,0,Regulation M-A,
197,"",Umbreon,crunch,machine,0,Regulation M-A,
197,"",Umbreon,curse,machine,0,Regulation M-A,
197,"",Umbreon,dark-pulse,machine,0,Regulation M-A,
197,"",Umbreon,detect,machine,0,Regulation M-A,
197,"",Umbreon,dig,machine,0,Regulation M-A,
197,"",Umbreon,double-edge,machine,0,Regulation M-A,
197,"",Umbreon,endure,machine,0,Regulation M-A,
197,"",Umbreon,facade,machine,0,Regulation M-A,
197,"",Umbreon,fake-tears,machine,0,Regulation M-A,
197,"",Umbreon,flail,machine,0,Regulation M-A,
197,"",Umbreon,focus-energy,machine,0,Regulation M-A,
197,"",Umbreon,foul-play,machine,0,Regulation M-A,
197,"",Umbreon,giga-impact,machine,0,Regulation M-A,
197,"",Umbreon,guard-swap,machine,0,Regulation M-A,
197,"",Umbreon,helping-hand,machine,0,Regulation M-A,
197,"",Umbreon,hyper-beam,machine,0,Regulation M-A,
197,"",Umbreon,hyper-voice,machine,0,Regulation M-A,
197,"",Umbreon,lash-out,machine,0,Regulation M-A,
197,"",Umbreon,last-resort,machine,0,Regulation M-A,
197,"",Umbreon,light-screen,machine,0,Regulation M-A,
197,"",Umbreon,mean-look,machine,0,Regulation M-A,
197,"",Umbreon,moonlight,machine,0,Regulation M-A,
197,"",Umbreon,mud-slap,machine,0,Regulation M-A,
197,"",Umbreon,payback,machine,0,Regulation M-A,
197,"",Umbreon,protect,machine,0,Regulation M-A,
197,"",Umbreon,psych-up,machine,0,Regulation M-A,
197,"",Umbreon,psychic,machine,0,Regulation M-A,
197,"",Umbreon,quick-attack,machine,0,Regulation M-A,
197,"",Umbreon,rain-dance,machine,0,Regulation M-A,
197,"",Umbreon,reflect,machine,0,Regulation M-A,
197,"",Umbreon,rest,machine,0,Regulation M-A,
197,"",Umbreon,roar,machine,0,Regulation M-A,
197,"",Umbreon,round,machine,0,Regulation M-A,
197,"",Umbreon,scary-face,machine,0,Regulation M-A,
197,"",Umbreon,screech,machine,0,Regulation M-A,
197,"",Umbreon,shadow-ball,machine,0,Regulation M-A,
197,"",Umbreon,skill-swap,machine,0,Regulation M-A,
197,"",Umbreon,sleep-talk,machine,0,Regulation M-A,
197,"",Umbreon,snarl,machine,0,Regulation M-A,
197,"",Umbreon,snore,machine,0,Regulation M-A,
197,"",Umbreon,spite,machine,0,Regulation M-A,
197,"",Umbreon,stored-power,machine,0,Regulation M-A,
197,"",Umbreon,substitute,machine,0,Regulation M-A,
197,"",Umbreon,sunny-day,machine,0,Regulation M-A,
197,"",Umbreon,swagger,machine,0,Regulation M-A,
197,"",Umbreon,taunt,machine,0,Regulation M-A,
197,"",Umbreon,thief,machine,0,Regulation M-A,
197,"",Umbreon,throat-chop,machine,0,Regulation M-A,
197,"",Umbreon,thunder-wave,machine,0,Regulation M-A,
197,"",Umbreon,tickle,machine,0,Regulation M-A,
197,"",Umbreon,torment,machine,0,Regulation M-A,
197,"",Umbreon,toxic,machine,0,Regulation M-A,
197,"",Umbreon,trailblaze,machine,0,Regulation M-A,
197,"",Umbreon,weather-ball,machine,0,Regulation M-A,
197,"",Umbreon,wish,machine,0,Regulation M-A,
197,"",Umbreon,yawn,machine,0,Regulation M-A,
199,"",Slowking,amnesia,machine,0,Regulation M-A,
199,"",Slowking,avalanche,machine,0,Regulation M-A,
199,"",Slowking,belch,machine,0,Regulation M-A,
199,"",Slowking,belly-drum,machine,0,Regulation M-A,
199,"",Slowking,blizzard,machine,0,Regulation M-A,
199,"",Slowking,block,machine,0,Regulation M-A,
199,"",Slowking,body-slam,machine,0,Regulation M-A,
199,"",Slowking,brick-break,machine,0,Regulation M-A,
199,"",Slowking,bulldoze,machine,0,Regulation M-A,
199,"",Slowking,calm-mind,machine,0,Regulation M-A,
199,"",Slowking,chilling-water,machine,0,Regulation M-A,
199,"",Slowking,chilly-reception,machine,0,Regulation M-A,
199,"",Slowking,curse,machine,0,Regulation M-A,
199,"",Slowking,dig,machine,0,Regulation M-A,
199,"",Slowking,disable,machine,0,Regulation M-A,
199,"",Slowking,dive,machine,0,Regulation M-A,
199,"",Slowking,drain-punch,machine,0,Regulation M-A,
199,"",Slowking,earthquake,machine,0,Regulation M-A,
199,"",Slowking,endure,machine,0,Regulation M-A,
199,"",Slowking,expanding-force,machine,0,Regulation M-A,
199,"",Slowking,facade,machine,0,Regulation M-A,
199,"",Slowking,fire-blast,machine,0,Regulation M-A,
199,"",Slowking,fire-punch,machine,0,Regulation M-A,
199,"",Slowking,flamethrower,machine,0,Regulation M-A,
199,"",Slowking,fling,machine,0,Regulation M-A,
199,"",Slowking,focus-blast,machine,0,Regulation M-A,
199,"",Slowking,focus-punch,machine,0,Regulation M-A,
199,"",Slowking,foul-play,machine,0,Regulation M-A,
199,"",Slowking,future-sight,machine,0,Regulation M-A,
199,"",Slowking,giga-impact,machine,0,Regulation M-A,
199,"",Slowking,grass-knot,machine,0,Regulation M-A,
199,"",Slowking,heal-pulse,machine,0,Regulation M-A,
199,"",Slowking,helping-hand,machine,0,Regulation M-A,
199,"",Slowking,hydro-pump,machine,0,Regulation M-A,
199,"",Slowking,hyper-beam,machine,0,Regulation M-A,
199,"",Slowking,ice-beam,machine,0,Regulation M-A,
199,"",Slowking,ice-punch,machine,0,Regulation M-A,
199,"",Slowking,icy-wind,machine,0,Regulation M-A,
199,"",Slowking,imprison,machine,0,Regulation M-A,
199,"",Slowking,iron-defense,machine,0,Regulation M-A,
199,"",Slowking,iron-tail,machine,0,Regulation M-A,
199,"",Slowking,light-screen,machine,0,Regulation M-A,
199,"",Slowking,liquidation,machine,0,Regulation M-A,
199,"",Slowking,mud-shot,machine,0,Regulation M-A,
199,"",Slowking,muddy-water,machine,0,Regulation M-A,
199,"",Slowking,nasty-plot,machine,0,Regulation M-A,
199,"",Slowking,power-gem,machine,0,Regulation M-A,
199,"",Slowking,protect,machine,0,Regulation M-A,
199,"",Slowking,psych-up,machine,0,Regulation M-A,
199,"",Slowking,psychic,machine,0,Regulation M-A,
199,"",Slowking,psychic-noise,machine,0,Regulation M-A,
199,"",Slowking,psychic-terrain,machine,0,Regulation M-A,
199,"",Slowking,psyshock,machine,0,Regulation M-A,
199,"",Slowking,rain-dance,machine,0,Regulation M-A,
199,"",Slowking,razor-shell,machine,0,Regulation M-A,
199,"",Slowking,reflect,machine,0,Regulation M-A,
199,"",Slowking,rest,machine,0,Regulation M-A,
199,"",Slowking,rock-slide,machine,0,Regulation M-A,
199,"",Slowking,rock-tomb,machine,0,Regulation M-A,
199,"",Slowking,round,machine,0,Regulation M-A,
199,"",Slowking,safeguard,machine,0,Regulation M-A,
199,"",Slowking,scald,machine,0,Regulation M-A,
199,"",Slowking,shadow-ball,machine,0,Regulation M-A,
199,"",Slowking,skill-swap,machine,0,Regulation M-A,
199,"",Slowking,slack-off,machine,0,Regulation M-A,
199,"",Slowking,sleep-talk,machine,0,Regulation M-A,
199,"",Slowking,snore,machine,0,Regulation M-A,
199,"",Slowking,snowscape,machine,0,Regulation M-A,
199,"",Slowking,stored-power,machine,0,Regulation M-A,
199,"",Slowking,substitute,machine,0,Regulation M-A,
199,"",Slowking,sunny-day,machine,0,Regulation M-A,
199,"",Slowking,surf,machine,0,Regulation M-A,
199,"",Slowking,swagger,machine,0,Regulation M-A,
199,"",Slowking,thunder-punch,machine,0,Regulation M-A,
199,"",Slowking,thunder-wave,machine,0,Regulation M-A,
199,"",Slowking,tri-attack,machine,0,Regulation M-A,
199,"",Slowking,trick,machine,0,Regulation M-A,
199,"",Slowking,trick-room,machine,0,Regulation M-A,
199,"",Slowking,water-pulse,machine,0,Regulation M-A,
199,"",Slowking,waterfall,machine,0,Regulation M-A,
199,"",Slowking,weather-ball,machine,0,Regulation M-A,
199,"",Slowking,whirlpool,machine,0,Regulation M-A,
199,"",Slowking,wonder-room,machine,0,Regulation M-A,
199,"",Slowking,yawn,machine,0,Regulation M-A,
199,"",Slowking,zen-headbutt,machine,0,Regulation M-A,
199,galar,Slowking-Galar,acid-spray,machine,0,Regulation M-A,
199,galar,Slowking-Galar,amnesia,machine,0,Regulation M-A,
199,galar,Slowking-Galar,avalanche,machine,0,Regulation M-A,
199,galar,Slowking-Galar,belch,machine,0,Regulation M-A,
199,galar,Slowking-Galar,belly-drum,machine,0,Regulation M-A,
199,galar,Slowking-Galar,blizzard,machine,0,Regulation M-A,
199,galar,Slowking-Galar,block,machine,0,Regulation M-A,
199,galar,Slowking-Galar,body-slam,machine,0,Regulation M-A,
199,galar,Slowking-Galar,brick-break,machine,0,Regulation M-A,
199,galar,Slowking-Galar,bulldoze,machine,0,Regulation M-A,
199,galar,Slowking-Galar,calm-mind,machine,0,Regulation M-A,
199,galar,Slowking-Galar,chilling-water,machine,0,Regulation M-A,
199,galar,Slowking-Galar,chilly-reception,machine,0,Regulation M-A,
199,galar,Slowking-Galar,curse,machine,0,Regulation M-A,
199,galar,Slowking-Galar,dig,machine,0,Regulation M-A,
199,galar,Slowking-Galar,disable,machine,0,Regulation M-A,
199,galar,Slowking-Galar,dive,machine,0,Regulation M-A,
199,galar,Slowking-Galar,drain-punch,machine,0,Regulation M-A,
199,galar,Slowking-Galar,earthquake,machine,0,Regulation M-A,
199,galar,Slowking-Galar,eerie-spell,machine,0,Regulation M-A,
199,galar,Slowking-Galar,endure,machine,0,Regulation M-A,
199,galar,Slowking-Galar,expanding-force,machine,0,Regulation M-A,
199,galar,Slowking-Galar,facade,machine,0,Regulation M-A,
199,galar,Slowking-Galar,fire-blast,machine,0,Regulation M-A,
199,galar,Slowking-Galar,fire-punch,machine,0,Regulation M-A,
199,galar,Slowking-Galar,flamethrower,machine,0,Regulation M-A,
199,galar,Slowking-Galar,fling,machine,0,Regulation M-A,
199,galar,Slowking-Galar,focus-blast,machine,0,Regulation M-A,
199,galar,Slowking-Galar,foul-play,machine,0,Regulation M-A,
199,galar,Slowking-Galar,future-sight,machine,0,Regulation M-A,
199,galar,Slowking-Galar,giga-impact,machine,0,Regulation M-A,
199,galar,Slowking-Galar,grass-knot,machine,0,Regulation M-A,
199,galar,Slowking-Galar,gunk-shot,machine,0,Regulation M-A,
199,galar,Slowking-Galar,heal-pulse,machine,0,Regulation M-A,
199,galar,Slowking-Galar,helping-hand,machine,0,Regulation M-A,
199,galar,Slowking-Galar,hex,machine,0,Regulation M-A,
199,galar,Slowking-Galar,hydro-pump,machine,0,Regulation M-A,
199,galar,Slowking-Galar,hyper-beam,machine,0,Regulation M-A,
199,galar,Slowking-Galar,ice-beam,machine,0,Regulation M-A,
199,galar,Slowking-Galar,ice-punch,machine,0,Regulation M-A,
199,galar,Slowking-Galar,icy-wind,machine,0,Regulation M-A,
199,galar,Slowking-Galar,imprison,machine,0,Regulation M-A,
199,galar,Slowking-Galar,iron-defense,machine,0,Regulation M-A,
199,galar,Slowking-Galar,iron-tail,machine,0,Regulation M-A,
199,galar,Slowking-Galar,light-screen,machine,0,Regulation M-A,
199,galar,Slowking-Galar,liquidation,machine,0,Regulation M-A,
199,galar,Slowking-Galar,low-sweep,machine,0,Regulation M-A,
199,galar,Slowking-Galar,mud-shot,machine,0,Regulation M-A,
199,galar,Slowking-Galar,muddy-water,machine,0,Regulation M-A,
199,galar,Slowking-Galar,nasty-plot,machine,0,Regulation M-A,
199,galar,Slowking-Galar,poison-jab,machine,0,Regulation M-A,
199,galar,Slowking-Galar,power-gem,machine,0,Regulation M-A,
199,galar,Slowking-Galar,protect,machine,0,Regulation M-A,
199,galar,Slowking-Galar,psych-up,machine,0,Regulation M-A,
199,galar,Slowking-Galar,psychic,machine,0,Regulation M-A,
199,galar,Slowking-Galar,psychic-noise,machine,0,Regulation M-A,
199,galar,Slowking-Galar,psychic-terrain,machine,0,Regulation M-A,
199,galar,Slowking-Galar,psyshock,machine,0,Regulation M-A,
199,galar,Slowking-Galar,rain-dance,machine,0,Regulation M-A,
199,galar,Slowking-Galar,razor-shell,machine,0,Regulation M-A,
199,galar,Slowking-Galar,rest,machine,0,Regulation M-A,
199,galar,Slowking-Galar,round,machine,0,Regulation M-A,
199,galar,Slowking-Galar,safeguard,machine,0,Regulation M-A,
199,galar,Slowking-Galar,scary-face,machine,0,Regulation M-A,
199,galar,Slowking-Galar,shadow-ball,machine,0,Regulation M-A,
199,galar,Slowking-Galar,skill-swap,machine,0,Regulation M-A,
199,galar,Slowking-Galar,slack-off,machine,0,Regulation M-A,
199,galar,Slowking-Galar,sleep-talk,machine,0,Regulation M-A,
199,galar,Slowking-Galar,sludge-bomb,machine,0,Regulation M-A,
199,galar,Slowking-Galar,sludge-wave,machine,0,Regulation M-A,
199,galar,Slowking-Galar,snarl,machine,0,Regulation M-A,
199,galar,Slowking-Galar,snore,machine,0,Regulation M-A,
199,galar,Slowking-Galar,snowscape,machine,0,Regulation M-A,
199,galar,Slowking-Galar,stomping-tantrum,machine,0,Regulation M-A,
199,galar,Slowking-Galar,stored-power,machine,0,Regulation M-A,
199,galar,Slowking-Galar,substitute,machine,0,Regulation M-A,
199,galar,Slowking-Galar,sunny-day,machine,0,Regulation M-A,
199,galar,Slowking-Galar,surf,machine,0,Regulation M-A,
199,galar,Slowking-Galar,swagger,machine,0,Regulation M-A,
199,galar,Slowking-Galar,taunt,machine,0,Regulation M-A,
199,galar,Slowking-Galar,thunder-punch,machine,0,Regulation M-A,
199,galar,Slowking-Galar,thunder-wave,machine,0,Regulation M-A,
199,galar,Slowking-Galar,toxic,machine,0,Regulation M-A,
199,galar,Slowking-Galar,toxic-spikes,machine,0,Regulation M-A,
199,galar,Slowking-Galar,tri-attack,machine,0,Regulation M-A,
199,galar,Slowking-Galar,trick,machine,0,Regulation M-A,
199,galar,Slowking-Galar,trick-room,machine,0,Regulation M-A,
199,galar,Slowking-Galar,venoshock,machine,0,Regulation M-A,
199,galar,Slowking-Galar,water-pulse,machine,0,Regulation M-A,
199,galar,Slowking-Galar,waterfall,machine,0,Regulation M-A,
199,galar,Slowking-Galar,weather-ball,machine,0,Regulation M-A,
199,galar,Slowking-Galar,whirlpool,machine,0,Regulation M-A,
199,galar,Slowking-Galar,wonder-room,machine,0,Regulation M-A,
199,galar,Slowking-Galar,yawn,machine,0,Regulation M-A,
199,galar,Slowking-Galar,zen-headbutt,machine,0,Regulation M-A,
205,"",Forretress,body-press,machine,0,Regulation M-A,
205,"",Forretress,body-slam,machine,0,Regulation M-A,
205,"",Forretress,bug-bite,machine,0,Regulation M-A,
205,"",Forretress,bug-buzz,machine,0,Regulation M-A,
205,"",Forretress,bulldoze,machine,0,Regulation M-A,
205,"",Forretress,counter,machine,0,Regulation M-A,
205,"",Forretress,curse,machine,0,Regulation M-A,
205,"",Forretress,dig,machine,0,Regulation M-A,
205,"",Forretress,double-edge,machine,0,Regulation M-A,
205,"",Forretress,drill-run,machine,0,Regulation M-A,
205,"",Forretress,earth-power,machine,0,Regulation M-A,
205,"",Forretress,earthquake,machine,0,Regulation M-A,
205,"",Forretress,endure,machine,0,Regulation M-A,
205,"",Forretress,explosion,machine,0,Regulation M-A,
205,"",Forretress,facade,machine,0,Regulation M-A,
205,"",Forretress,flail,machine,0,Regulation M-A,
205,"",Forretress,flash-cannon,machine,0,Regulation M-A,
205,"",Forretress,giga-drain,machine,0,Regulation M-A,
205,"",Forretress,giga-impact,machine,0,Regulation M-A,
205,"",Forretress,gravity,machine,0,Regulation M-A,
205,"",Forretress,gyro-ball,machine,0,Regulation M-A,
205,"",Forretress,hard-press,machine,0,Regulation M-A,
205,"",Forretress,heavy-slam,machine,0,Regulation M-A,
205,"",Forretress,helping-hand,machine,0,Regulation M-A,
205,"",Forretress,hyper-beam,machine,0,Regulation M-A,
205,"",Forretress,ice-spinner,machine,0,Regulation M-A,
205,"",Forretress,iron-defense,machine,0,Regulation M-A,
205,"",Forretress,iron-head,machine,0,Regulation M-A,
205,"",Forretress,light-screen,machine,0,Regulation M-A,
205,"",Forretress,lunge,machine,0,Regulation M-A,
205,"",Forretress,magnet-rise,machine,0,Regulation M-A,
205,"",Forretress,metal-sound,machine,0,Regulation M-A,
205,"",Forretress,pain-split,machine,0,Regulation M-A,
205,"",Forretress,payback,machine,0,Regulation M-A,
205,"",Forretress,pin-missile,machine,0,Regulation M-A,
205,"",Forretress,poison-jab,machine,0,Regulation M-A,
205,"",Forretress,pounce,machine,0,Regulation M-A,
205,"",Forretress,power-trick,machine,0,Regulation M-A,
205,"",Forretress,protect,machine,0,Regulation M-A,
205,"",Forretress,rain-dance,machine,0,Regulation M-A,
205,"",Forretress,rapid-spin,machine,0,Regulation M-A,
205,"",Forretress,reflect,machine,0,Regulation M-A,
205,"",Forretress,rest,machine,0,Regulation M-A,
205,"",Forretress,reversal,machine,0,Regulation M-A,
205,"",Forretress,rock-blast,machine,0,Regulation M-A,
205,"",Forretress,rock-slide,machine,0,Regulation M-A,
205,"",Forretress,rock-tomb,machine,0,Regulation M-A,
205,"",Forretress,round,machine,0,Regulation M-A,
205,"",Forretress,sand-tomb,machine,0,Regulation M-A,
205,"",Forretress,sandstorm,machine,0,Regulation M-A,
205,"",Forretress,seed-bomb,machine,0,Regulation M-A,
205,"",Forretress,self-destruct,machine,0,Regulation M-A,
205,"",Forretress,sleep-talk,machine,0,Regulation M-A,
205,"",Forretress,smart-strike,machine,0,Regulation M-A,
205,"",Forretress,snore,machine,0,Regulation M-A,
205,"",Forretress,solar-beam,machine,0,Regulation M-A,
205,"",Forretress,spikes,machine,0,Regulation M-A,
205,"",Forretress,stealth-rock,machine,0,Regulation M-A,
205,"",Forretress,steel-beam,machine,0,Regulation M-A,
205,"",Forretress,steel-roller,machine,0,Regulation M-A,
205,"",Forretress,stone-edge,machine,0,Regulation M-A,
205,"",Forretress,struggle-bug,machine,0,Regulation M-A,
205,"",Forretress,substitute,machine,0,Regulation M-A,
205,"",Forretress,sunny-day,machine,0,Regulation M-A,
205,"",Forretress,thunder-wave,machine,0,Regulation M-A,
205,"",Forretress,toxic-spikes,machine,0,Regulation M-A,
205,"",Forretress,venoshock,machine,0,Regulation M-A,
205,"",Forretress,volt-switch,machine,0,Regulation M-A,
205,"",Forretress,zap-cannon,machine,0,Regulation M-A,
208,"",Steelix,ancient-power,machine,0,Regulation M-A,
208,"",Steelix,attract,machine,0,Regulation M-A,
208,"",Steelix,bind,machine,0,Regulation M-A,
208,"",Steelix,block,machine,0,Regulation M-A,
208,"",Steelix,body-press,machine,0,Regulation M-A,
208,"",Steelix,body-slam,machine,0,Regulation M-A,
208,"",Steelix,breaking-swipe,machine,0,Regulation M-A,
208,"",Steelix,brutal-swing,machine,0,Regulation M-A,
208,"",Steelix,bulldoze,machine,0,Regulation M-A,
208,"",Steelix,crunch,machine,0,Regulation M-A,
208,"",Steelix,curse,machine,0,Regulation M-A,
208,"",Steelix,dark-pulse,machine,0,Regulation M-A,
208,"",Steelix,dig,machine,0,Regulation M-A,
208,"",Steelix,double-edge,machine,0,Regulation M-A,
208,"",Steelix,dragon-dance,machine,0,Regulation M-A,
208,"",Steelix,dragon-pulse,machine,0,Regulation M-A,
208,"",Steelix,dragon-tail,machine,0,Regulation M-A,
208,"",Steelix,drill-run,machine,0,Regulation M-A,
208,"",Steelix,earth-power,machine,0,Regulation M-A,
208,"",Steelix,earthquake,machine,0,Regulation M-A,
208,"",Steelix,endure,machine,0,Regulation M-A,
208,"",Steelix,facade,machine,0,Regulation M-A,
208,"",Steelix,fire-fang,machine,0,Regulation M-A,
208,"",Steelix,fissure,machine,0,Regulation M-A,
208,"",Steelix,flail,machine,0,Regulation M-A,
208,"",Steelix,flash-cannon,machine,0,Regulation M-A,
208,"",Steelix,giga-impact,machine,0,Regulation M-A,
208,"",Steelix,gyro-ball,machine,0,Regulation M-A,
208,"",Steelix,head-smash,machine,0,Regulation M-A,
208,"",Steelix,heavy-slam,machine,0,Regulation M-A,
208,"",Steelix,high-horsepower,machine,0,Regulation M-A,
208,"",Steelix,hyper-beam,machine,0,Regulation M-A,
208,"",Steelix,ice-fang,machine,0,Regulation M-A,
208,"",Steelix,iron-defense,machine,0,Regulation M-A,
208,"",Steelix,iron-head,machine,0,Regulation M-A,
208,"",Steelix,iron-tail,machine,0,Regulation M-A,
208,"",Steelix,magnet-rise,machine,0,Regulation M-A,
208,"",Steelix,meteor-beam,machine,0,Regulation M-A,
208,"",Steelix,payback,machine,0,Regulation M-A,
208,"",Steelix,protect,machine,0,Regulation M-A,
208,"",Steelix,psychic-fangs,machine,0,Regulation M-A,
208,"",Steelix,rest,machine,0,Regulation M-A,
208,"",Steelix,rock-blast,machine,0,Regulation M-A,
208,"",Steelix,rock-polish,machine,0,Regulation M-A,
208,"",Steelix,rock-slide,machine,0,Regulation M-A,
208,"",Steelix,rock-tomb,machine,0,Regulation M-A,
208,"",Steelix,round,machine,0,Regulation M-A,
208,"",Steelix,sand-tomb,machine,0,Regulation M-A,
208,"",Steelix,sandstorm,machine,0,Regulation M-A,
208,"",Steelix,scary-face,machine,0,Regulation M-A,
208,"",Steelix,scorching-sands,machine,0,Regulation M-A,
208,"",Steelix,screech,machine,0,Regulation M-A,
208,"",Steelix,self-destruct,machine,0,Regulation M-A,
208,"",Steelix,sleep-talk,machine,0,Regulation M-A,
208,"",Steelix,smack-down,machine,0,Regulation M-A,
208,"",Steelix,snore,machine,0,Regulation M-A,
208,"",Steelix,stealth-rock,machine,0,Regulation M-A,
208,"",Steelix,steel-beam,machine,0,Regulation M-A,
208,"",Steelix,steel-roller,machine,0,Regulation M-A,
208,"",Steelix,stomping-tantrum,machine,0,Regulation M-A,
208,"",Steelix,stone-edge,machine,0,Regulation M-A,
208,"",Steelix,substitute,machine,0,Regulation M-A,
208,"",Steelix,sunny-day,machine,0,Regulation M-A,
208,"",Steelix,taunt,machine,0,Regulation M-A,
208,"",Steelix,thunder-fang,machine,0,Regulation M-A,
208,"",Steelix,wide-guard,machine,0,Regulation M-A,
211,"",Qwilfish,acid-spray,machine,0,Regulation M-B,
211,"",Qwilfish,acupressure,machine,0,Regulation M-B,
211,"",Qwilfish,agility,machine,0,Regulation M-B,
211,"",Qwilfish,aqua-jet,machine,0,Regulation M-B,
211,"",Qwilfish,aqua-tail,machine,0,Regulation M-B,
211,"",Qwilfish,assurance,machine,0,Regulation M-B,
211,"",Qwilfish,barb-barrage,machine,0,Regulation M-B,
211,"",Qwilfish,blizzard,machine,0,Regulation M-B,
211,"",Qwilfish,chilling-water,machine,0,Regulation M-B,
211,"",Qwilfish,crunch,machine,0,Regulation M-B,
211,"",Qwilfish,curse,machine,0,Regulation M-B,
211,"",Qwilfish,destiny-bond,machine,0,Regulation M-B,
211,"",Qwilfish,dive,machine,0,Regulation M-B,
211,"",Qwilfish,double-edge,machine,0,Regulation M-B,
211,"",Qwilfish,endure,machine,0,Regulation M-B,
211,"",Qwilfish,facade,machine,0,Regulation M-B,
211,"",Qwilfish,fell-stinger,machine,0,Regulation M-B,
211,"",Qwilfish,flail,machine,0,Regulation M-B,
211,"",Qwilfish,flip-turn,machine,0,Regulation M-B,
211,"",Qwilfish,giga-impact,machine,0,Regulation M-B,
211,"",Qwilfish,gunk-shot,machine,0,Regulation M-B,
211,"",Qwilfish,gyro-ball,machine,0,Regulation M-B,
211,"",Qwilfish,haze,machine,0,Regulation M-B,
211,"",Qwilfish,hex,machine,0,Regulation M-B,
211,"",Qwilfish,hydro-pump,machine,0,Regulation M-B,
211,"",Qwilfish,ice-beam,machine,0,Regulation M-B,
211,"",Qwilfish,icy-wind,machine,0,Regulation M-B,
211,"",Qwilfish,liquidation,machine,0,Regulation M-B,
211,"",Qwilfish,minimize,machine,0,Regulation M-B,
211,"",Qwilfish,mud-shot,machine,0,Regulation M-B,
211,"",Qwilfish,pain-split,machine,0,Regulation M-B,
211,"",Qwilfish,payback,machine,0,Regulation M-B,
211,"",Qwilfish,pin-missile,machine,0,Regulation M-B,
211,"",Qwilfish,poison-jab,machine,0,Regulation M-B,
211,"",Qwilfish,protect,machine,0,Regulation M-B,
211,"",Qwilfish,rain-dance,machine,0,Regulation M-B,
211,"",Qwilfish,rest,machine,0,Regulation M-B,
211,"",Qwilfish,reversal,machine,0,Regulation M-B,
211,"",Qwilfish,round,machine,0,Regulation M-B,
211,"",Qwilfish,scale-shot,machine,0,Regulation M-B,
211,"",Qwilfish,scary-face,machine,0,Regulation M-B,
211,"",Qwilfish,self-destruct,machine,0,Regulation M-B,
211,"",Qwilfish,shadow-ball,machine,0,Regulation M-B,
211,"",Qwilfish,sleep-talk,machine,0,Regulation M-B,
211,"",Qwilfish,sludge-bomb,machine,0,Regulation M-B,
211,"",Qwilfish,sludge-wave,machine,0,Regulation M-B,
211,"",Qwilfish,snore,machine,0,Regulation M-B,
211,"",Qwilfish,spikes,machine,0,Regulation M-B,
211,"",Qwilfish,spit-up,machine,0,Regulation M-B,
211,"",Qwilfish,spite,machine,0,Regulation M-B,
211,"",Qwilfish,steel-roller,machine,0,Regulation M-B,
211,"",Qwilfish,stockpile,machine,0,Regulation M-B,
211,"",Qwilfish,substitute,machine,0,Regulation M-B,
211,"",Qwilfish,surf,machine,0,Regulation M-B,
211,"",Qwilfish,swords-dance,machine,0,Regulation M-B,
211,"",Qwilfish,taunt,machine,0,Regulation M-B,
211,"",Qwilfish,throat-chop,machine,0,Regulation M-B,
211,"",Qwilfish,thunder-wave,machine,0,Regulation M-B,
211,"",Qwilfish,toxic,machine,0,Regulation M-B,
211,"",Qwilfish,toxic-spikes,machine,0,Regulation M-B,
211,"",Qwilfish,venoshock,machine,0,Regulation M-B,
211,"",Qwilfish,water-pulse,machine,0,Regulation M-B,
211,"",Qwilfish,waterfall,machine,0,Regulation M-B,
211,"",Qwilfish,whirlpool,machine,0,Regulation M-B,
212,"",Scizor,acrobatics,machine,0,Regulation M-A,
212,"",Scizor,aerial-ace,machine,0,Regulation M-A,
212,"",Scizor,agility,machine,0,Regulation M-A,
212,"",Scizor,air-cutter,machine,0,Regulation M-A,
212,"",Scizor,air-slash,machine,0,Regulation M-A,
212,"",Scizor,assurance,machine,0,Regulation M-A,
212,"",Scizor,baton-pass,machine,0,Regulation M-A,
212,"",Scizor,brick-break,machine,0,Regulation M-A,
212,"",Scizor,brutal-swing,machine,0,Regulation M-A,
212,"",Scizor,bug-bite,machine,0,Regulation M-A,
212,"",Scizor,bug-buzz,machine,0,Regulation M-A,
212,"",Scizor,bullet-punch,machine,0,Regulation M-A,
212,"",Scizor,close-combat,machine,0,Regulation M-A,
212,"",Scizor,counter,machine,0,Regulation M-A,
212,"",Scizor,curse,machine,0,Regulation M-A,
212,"",Scizor,defog,machine,0,Regulation M-A,
212,"",Scizor,double-edge,machine,0,Regulation M-A,
212,"",Scizor,double-hit,machine,0,Regulation M-A,
212,"",Scizor,double-team,machine,0,Regulation M-A,
212,"",Scizor,dual-wingbeat,machine,0,Regulation M-A,
212,"",Scizor,endure,machine,0,Regulation M-A,
212,"",Scizor,facade,machine,0,Regulation M-A,
212,"",Scizor,feint,machine,0,Regulation M-A,
212,"",Scizor,flash-cannon,machine,0,Regulation M-A,
212,"",Scizor,fling,machine,0,Regulation M-A,
212,"",Scizor,focus-energy,machine,0,Regulation M-A,
212,"",Scizor,giga-impact,machine,0,Regulation M-A,
212,"",Scizor,hard-press,machine,0,Regulation M-A,
212,"",Scizor,helping-hand,machine,0,Regulation M-A,
212,"",Scizor,hyper-beam,machine,0,Regulation M-A,
212,"",Scizor,iron-defense,machine,0,Regulation M-A,
212,"",Scizor,iron-head,machine,0,Regulation M-A,
212,"",Scizor,knock-off,machine,0,Regulation M-A,
212,"",Scizor,light-screen,machine,0,Regulation M-A,
212,"",Scizor,lunge,machine,0,Regulation M-A,
212,"",Scizor,night-slash,machine,0,Regulation M-A,
212,"",Scizor,pounce,machine,0,Regulation M-A,
212,"",Scizor,protect,machine,0,Regulation M-A,
212,"",Scizor,psycho-cut,machine,0,Regulation M-A,
212,"",Scizor,quick-attack,machine,0,Regulation M-A,
212,"",Scizor,quick-guard,machine,0,Regulation M-A,
212,"",Scizor,rain-dance,machine,0,Regulation M-A,
212,"",Scizor,rest,machine,0,Regulation M-A,
212,"",Scizor,reversal,machine,0,Regulation M-A,
212,"",Scizor,roost,machine,0,Regulation M-A,
212,"",Scizor,round,machine,0,Regulation M-A,
212,"",Scizor,sandstorm,machine,0,Regulation M-A,
212,"",Scizor,scary-face,machine,0,Regulation M-A,
212,"",Scizor,skitter-smack,machine,0,Regulation M-A,
212,"",Scizor,sleep-talk,machine,0,Regulation M-A,
212,"",Scizor,snore,machine,0,Regulation M-A,
212,"",Scizor,steel-beam,machine,0,Regulation M-A,
212,"",Scizor,steel-wing,machine,0,Regulation M-A,
212,"",Scizor,struggle-bug,machine,0,Regulation M-A,
212,"",Scizor,substitute,machine,0,Regulation M-A,
212,"",Scizor,sunny-day,machine,0,Regulation M-A,
212,"",Scizor,superpower,machine,0,Regulation M-A,
212,"",Scizor,swords-dance,machine,0,Regulation M-A,
212,"",Scizor,tailwind,machine,0,Regulation M-A,
212,"",Scizor,thief,machine,0,Regulation M-A,
212,"",Scizor,trailblaze,machine,0,Regulation M-A,
212,"",Scizor,u-turn,machine,0,Regulation M-A,
212,"",Scizor,vacuum-wave,machine,0,Regulation M-A,
212,"",Scizor,x-scissor,machine,0,Regulation M-A,
214,"",Heracross,aerial-ace,machine,0,Regulation M-A,
214,"",Heracross,assurance,machine,0,Regulation M-A,
214,"",Heracross,body-slam,machine,0,Regulation M-A,
214,"",Heracross,brick-break,machine,0,Regulation M-A,
214,"",Heracross,brutal-swing,machine,0,Regulation M-A,
214,"",Heracross,bug-bite,machine,0,Regulation M-A,
214,"",Heracross,bug-buzz,machine,0,Regulation M-A,
214,"",Heracross,bulk-up,machine,0,Regulation M-A,
214,"",Heracross,bulldoze,machine,0,Regulation M-A,
214,"",Heracross,bullet-seed,machine,0,Regulation M-A,
214,"",Heracross,circle-throw,machine,0,Regulation M-A,
214,"",Heracross,close-combat,machine,0,Regulation M-A,
214,"",Heracross,coaching,machine,0,Regulation M-A,
214,"",Heracross,counter,machine,0,Regulation M-A,
214,"",Heracross,curse,machine,0,Regulation M-A,
214,"",Heracross,detect,machine,0,Regulation M-A,
214,"",Heracross,dig,machine,0,Regulation M-A,
214,"",Heracross,double-edge,machine,0,Regulation M-A,
214,"",Heracross,earthquake,machine,0,Regulation M-A,
214,"",Heracross,endeavor,machine,0,Regulation M-A,
214,"",Heracross,endure,machine,0,Regulation M-A,
214,"",Heracross,facade,machine,0,Regulation M-A,
214,"",Heracross,feint,machine,0,Regulation M-A,
214,"",Heracross,flail,machine,0,Regulation M-A,
214,"",Heracross,fling,machine,0,Regulation M-A,
214,"",Heracross,focus-blast,machine,0,Regulation M-A,
214,"",Heracross,focus-punch,machine,0,Regulation M-A,
214,"",Heracross,giga-impact,machine,0,Regulation M-A,
214,"",Heracross,helping-hand,machine,0,Regulation M-A,
214,"",Heracross,high-horsepower,machine,0,Regulation M-A,
214,"",Heracross,hyper-beam,machine,0,Regulation M-A,
214,"",Heracross,iron-defense,machine,0,Regulation M-A,
214,"",Heracross,knock-off,machine,0,Regulation M-A,
214,"",Heracross,low-kick,machine,0,Regulation M-A,
214,"",Heracross,lunge,machine,0,Regulation M-A,
214,"",Heracross,megahorn,machine,0,Regulation M-A,
214,"",Heracross,night-slash,machine,0,Regulation M-A,
214,"",Heracross,pin-missile,machine,0,Regulation M-A,
214,"",Heracross,pounce,machine,0,Regulation M-A,
214,"",Heracross,protect,machine,0,Regulation M-A,
214,"",Heracross,rain-dance,machine,0,Regulation M-A,
214,"",Heracross,rest,machine,0,Regulation M-A,
214,"",Heracross,reversal,machine,0,Regulation M-A,
214,"",Heracross,rock-blast,machine,0,Regulation M-A,
214,"",Heracross,rock-slide,machine,0,Regulation M-A,
214,"",Heracross,rock-tomb,machine,0,Regulation M-A,
214,"",Heracross,round,machine,0,Regulation M-A,
214,"",Heracross,seismic-toss,machine,0,Regulation M-A,
214,"",Heracross,shadow-claw,machine,0,Regulation M-A,
214,"",Heracross,skitter-smack,machine,0,Regulation M-A,
214,"",Heracross,sleep-talk,machine,0,Regulation M-A,
214,"",Heracross,smack-down,machine,0,Regulation M-A,
214,"",Heracross,smart-strike,machine,0,Regulation M-A,
214,"",Heracross,snore,machine,0,Regulation M-A,
214,"",Heracross,spikes,machine,0,Regulation M-A,
214,"",Heracross,stone-edge,machine,0,Regulation M-A,
214,"",Heracross,struggle-bug,machine,0,Regulation M-A,
214,"",Heracross,substitute,machine,0,Regulation M-A,
214,"",Heracross,sunny-day,machine,0,Regulation M-A,
214,"",Heracross,swords-dance,machine,0,Regulation M-A,
214,"",Heracross,thief,machine,0,Regulation M-A,
214,"",Heracross,thrash,machine,0,Regulation M-A,
214,"",Heracross,throat-chop,machine,0,Regulation M-A,
214,"",Heracross,trailblaze,machine,0,Regulation M-A,
214,"",Heracross,upper-hand,machine,0,Regulation M-A,
214,"",Heracross,vacuum-wave,machine,0,Regulation M-A,
227,"",Skarmory,aerial-ace,machine,0,Regulation M-A,
227,"",Skarmory,agility,machine,0,Regulation M-A,
227,"",Skarmory,air-cutter,machine,0,Regulation M-A,
227,"",Skarmory,air-slash,machine,0,Regulation M-A,
227,"",Skarmory,assurance,machine,0,Regulation M-A,
227,"",Skarmory,body-press,machine,0,Regulation M-A,
227,"",Skarmory,brave-bird,machine,0,Regulation M-A,
227,"",Skarmory,curse,machine,0,Regulation M-A,
227,"",Skarmory,dark-pulse,machine,0,Regulation M-A,
227,"",Skarmory,drill-peck,machine,0,Regulation M-A,
227,"",Skarmory,drill-run,machine,0,Regulation M-A,
227,"",Skarmory,dual-wingbeat,machine,0,Regulation M-A,
227,"",Skarmory,endure,machine,0,Regulation M-A,
227,"",Skarmory,facade,machine,0,Regulation M-A,
227,"",Skarmory,feint,machine,0,Regulation M-A,
227,"",Skarmory,flash-cannon,machine,0,Regulation M-A,
227,"",Skarmory,fly,machine,0,Regulation M-A,
227,"",Skarmory,giga-impact,machine,0,Regulation M-A,
227,"",Skarmory,hurricane,machine,0,Regulation M-A,
227,"",Skarmory,hyper-beam,machine,0,Regulation M-A,
227,"",Skarmory,icy-wind,machine,0,Regulation M-A,
227,"",Skarmory,iron-defense,machine,0,Regulation M-A,
227,"",Skarmory,iron-head,machine,0,Regulation M-A,
227,"",Skarmory,metal-sound,machine,0,Regulation M-A,
227,"",Skarmory,night-slash,machine,0,Regulation M-A,
227,"",Skarmory,payback,machine,0,Regulation M-A,
227,"",Skarmory,protect,machine,0,Regulation M-A,
227,"",Skarmory,rest,machine,0,Regulation M-A,
227,"",Skarmory,reversal,machine,0,Regulation M-A,
227,"",Skarmory,roar,machine,0,Regulation M-A,
227,"",Skarmory,rock-slide,machine,0,Regulation M-A,
227,"",Skarmory,rock-tomb,machine,0,Regulation M-A,
227,"",Skarmory,roost,machine,0,Regulation M-A,
227,"",Skarmory,round,machine,0,Regulation M-A,
227,"",Skarmory,sand-tomb,machine,0,Regulation M-A,
227,"",Skarmory,sandstorm,machine,0,Regulation M-A,
227,"",Skarmory,sky-attack,machine,0,Regulation M-A,
227,"",Skarmory,sleep-talk,machine,0,Regulation M-A,
227,"",Skarmory,snore,machine,0,Regulation M-A,
227,"",Skarmory,spikes,machine,0,Regulation M-A,
227,"",Skarmory,stealth-rock,machine,0,Regulation M-A,
227,"",Skarmory,steel-beam,machine,0,Regulation M-A,
227,"",Skarmory,steel-wing,machine,0,Regulation M-A,
227,"",Skarmory,substitute,machine,0,Regulation M-A,
227,"",Skarmory,sunny-day,machine,0,Regulation M-A,
227,"",Skarmory,swords-dance,machine,0,Regulation M-A,
227,"",Skarmory,tailwind,machine,0,Regulation M-A,
227,"",Skarmory,taunt,machine,0,Regulation M-A,
227,"",Skarmory,thief,machine,0,Regulation M-A,
227,"",Skarmory,whirlwind,machine,0,Regulation M-A,
227,"",Skarmory,x-scissor,machine,0,Regulation M-A,
229,"",Houndoom,beat-up,machine,0,Regulation M-A,
229,"",Houndoom,bite,machine,0,Regulation M-A,
229,"",Houndoom,body-slam,machine,0,Regulation M-A,
229,"",Houndoom,burning-jealousy,machine,0,Regulation M-A,
229,"",Houndoom,comeuppance,machine,0,Regulation M-A,
229,"",Houndoom,counter,machine,0,Regulation M-A,
229,"",Houndoom,crunch,machine,0,Regulation M-A,
229,"",Houndoom,dark-pulse,machine,0,Regulation M-A,
229,"",Houndoom,destiny-bond,machine,0,Regulation M-A,
229,"",Houndoom,double-edge,machine,0,Regulation M-A,
229,"",Houndoom,endeavor,machine,0,Regulation M-A,
229,"",Houndoom,endure,machine,0,Regulation M-A,
229,"",Houndoom,facade,machine,0,Regulation M-A,
229,"",Houndoom,feint,machine,0,Regulation M-A,
229,"",Houndoom,fire-blast,machine,0,Regulation M-A,
229,"",Houndoom,fire-fang,machine,0,Regulation M-A,
229,"",Houndoom,fire-spin,machine,0,Regulation M-A,
229,"",Houndoom,flame-charge,machine,0,Regulation M-A,
229,"",Houndoom,flamethrower,machine,0,Regulation M-A,
229,"",Houndoom,flare-blitz,machine,0,Regulation M-A,
229,"",Houndoom,foul-play,machine,0,Regulation M-A,
229,"",Houndoom,giga-impact,machine,0,Regulation M-A,
229,"",Houndoom,heat-wave,machine,0,Regulation M-A,
229,"",Houndoom,helping-hand,machine,0,Regulation M-A,
229,"",Houndoom,howl,machine,0,Regulation M-A,
229,"",Houndoom,hyper-beam,machine,0,Regulation M-A,
229,"",Houndoom,hyper-voice,machine,0,Regulation M-A,
229,"",Houndoom,inferno,machine,0,Regulation M-A,
229,"",Houndoom,iron-tail,machine,0,Regulation M-A,
229,"",Houndoom,lash-out,machine,0,Regulation M-A,
229,"",Houndoom,mud-shot,machine,0,Regulation M-A,
229,"",Houndoom,mud-slap,machine,0,Regulation M-A,
229,"",Houndoom,nasty-plot,machine,0,Regulation M-A,
229,"",Houndoom,overheat,machine,0,Regulation M-A,
229,"",Houndoom,pain-split,machine,0,Regulation M-A,
229,"",Houndoom,payback,machine,0,Regulation M-A,
229,"",Houndoom,protect,machine,0,Regulation M-A,
229,"",Houndoom,psychic-fangs,machine,0,Regulation M-A,
229,"",Houndoom,rain-dance,machine,0,Regulation M-A,
229,"",Houndoom,rest,machine,0,Regulation M-A,
229,"",Houndoom,reversal,machine,0,Regulation M-A,
229,"",Houndoom,roar,machine,0,Regulation M-A,
229,"",Houndoom,round,machine,0,Regulation M-A,
229,"",Houndoom,scary-face,machine,0,Regulation M-A,
229,"",Houndoom,scorching-sands,machine,0,Regulation M-A,
229,"",Houndoom,shadow-ball,machine,0,Regulation M-A,
229,"",Houndoom,sleep-talk,machine,0,Regulation M-A,
229,"",Houndoom,sludge-bomb,machine,0,Regulation M-A,
229,"",Houndoom,snarl,machine,0,Regulation M-A,
229,"",Houndoom,snore,machine,0,Regulation M-A,
229,"",Houndoom,solar-beam,machine,0,Regulation M-A,
229,"",Houndoom,spite,machine,0,Regulation M-A,
229,"",Houndoom,substitute,machine,0,Regulation M-A,
229,"",Houndoom,sucker-punch,machine,0,Regulation M-A,
229,"",Houndoom,sunny-day,machine,0,Regulation M-A,
229,"",Houndoom,super-fang,machine,0,Regulation M-A,
229,"",Houndoom,swagger,machine,0,Regulation M-A,
229,"",Houndoom,taunt,machine,0,Regulation M-A,
229,"",Houndoom,temper-flare,machine,0,Regulation M-A,
229,"",Houndoom,thief,machine,0,Regulation M-A,
229,"",Houndoom,throat-chop,machine,0,Regulation M-A,
229,"",Houndoom,thunder-fang,machine,0,Regulation M-A,
229,"",Houndoom,torment,machine,0,Regulation M-A,
229,"",Houndoom,toxic,machine,0,Regulation M-A,
229,"",Houndoom,trailblaze,machine,0,Regulation M-A,
229,"",Houndoom,uproar,machine,0,Regulation M-A,
229,"",Houndoom,will-o-wisp,machine,0,Regulation M-A,
248,"",Tyranitar,aerial-ace,machine,0,Regulation M-A,
248,"",Tyranitar,ancient-power,machine,0,Regulation M-A,
248,"",Tyranitar,assurance,machine,0,Regulation M-A,
248,"",Tyranitar,avalanche,machine,0,Regulation M-A,
248,"",Tyranitar,bite,machine,0,Regulation M-A,
248,"",Tyranitar,blizzard,machine,0,Regulation M-A,
248,"",Tyranitar,body-press,machine,0,Regulation M-A,
248,"",Tyranitar,body-slam,machine,0,Regulation M-A,
248,"",Tyranitar,breaking-swipe,machine,0,Regulation M-A,
248,"",Tyranitar,brick-break,machine,0,Regulation M-A,
248,"",Tyranitar,brutal-swing,machine,0,Regulation M-A,
248,"",Tyranitar,bulldoze,machine,0,Regulation M-A,
248,"",Tyranitar,crunch,machine,0,Regulation M-A,
248,"",Tyranitar,curse,machine,0,Regulation M-A,
248,"",Tyranitar,dark-pulse,machine,0,Regulation M-A,
248,"",Tyranitar,dig,machine,0,Regulation M-A,
248,"",Tyranitar,double-edge,machine,0,Regulation M-A,
248,"",Tyranitar,dragon-claw,machine,0,Regulation M-A,
248,"",Tyranitar,dragon-dance,machine,0,Regulation M-A,
248,"",Tyranitar,dragon-pulse,machine,0,Regulation M-A,
248,"",Tyranitar,dragon-tail,machine,0,Regulation M-A,
248,"",Tyranitar,earth-power,machine,0,Regulation M-A,
248,"",Tyranitar,earthquake,machine,0,Regulation M-A,
248,"",Tyranitar,endure,machine,0,Regulation M-A,
248,"",Tyranitar,facade,machine,0,Regulation M-A,
248,"",Tyranitar,fire-blast,machine,0,Regulation M-A,
248,"",Tyranitar,fire-fang,machine,0,Regulation M-A,
248,"",Tyranitar,fire-punch,machine,0,Regulation M-A,
248,"",Tyranitar,flamethrower,machine,0,Regulation M-A,
248,"",Tyranitar,fling,machine,0,Regulation M-A,
248,"",Tyranitar,focus-blast,machine,0,Regulation M-A,
248,"",Tyranitar,focus-energy,machine,0,Regulation M-A,
248,"",Tyranitar,focus-punch,machine,0,Regulation M-A,
248,"",Tyranitar,foul-play,machine,0,Regulation M-A,
248,"",Tyranitar,giga-impact,machine,0,Regulation M-A,
248,"",Tyranitar,hard-press,machine,0,Regulation M-A,
248,"",Tyranitar,heavy-slam,machine,0,Regulation M-A,
248,"",Tyranitar,helping-hand,machine,0,Regulation M-A,
248,"",Tyranitar,high-horsepower,machine,0,Regulation M-A,
248,"",Tyranitar,hydro-pump,machine,0,Regulation M-A,
248,"",Tyranitar,hyper-beam,machine,0,Regulation M-A,
248,"",Tyranitar,ice-beam,machine,0,Regulation M-A,
248,"",Tyranitar,ice-fang,machine,0,Regulation M-A,
248,"",Tyranitar,ice-punch,machine,0,Regulation M-A,
248,"",Tyranitar,icy-wind,machine,0,Regulation M-A,
248,"",Tyranitar,iron-defense,machine,0,Regulation M-A,
248,"",Tyranitar,iron-head,machine,0,Regulation M-A,
248,"",Tyranitar,iron-tail,machine,0,Regulation M-A,
248,"",Tyranitar,knock-off,machine,0,Regulation M-A,
248,"",Tyranitar,lash-out,machine,0,Regulation M-A,
248,"",Tyranitar,low-kick,machine,0,Regulation M-A,
248,"",Tyranitar,mega-kick,machine,0,Regulation M-A,
248,"",Tyranitar,mud-shot,machine,0,Regulation M-A,
248,"",Tyranitar,mud-slap,machine,0,Regulation M-A,
248,"",Tyranitar,muddy-water,machine,0,Regulation M-A,
248,"",Tyranitar,outrage,machine,0,Regulation M-A,
248,"",Tyranitar,payback,machine,0,Regulation M-A,
248,"",Tyranitar,power-gem,machine,0,Regulation M-A,
248,"",Tyranitar,protect,machine,0,Regulation M-A,
248,"",Tyranitar,rain-dance,machine,0,Regulation M-A,
248,"",Tyranitar,rest,machine,0,Regulation M-A,
248,"",Tyranitar,roar,machine,0,Regulation M-A,
248,"",Tyranitar,rock-blast,machine,0,Regulation M-A,
248,"",Tyranitar,rock-slide,machine,0,Regulation M-A,
248,"",Tyranitar,rock-tomb,machine,0,Regulation M-A,
248,"",Tyranitar,round,machine,0,Regulation M-A,
248,"",Tyranitar,sand-tomb,machine,0,Regulation M-A,
248,"",Tyranitar,sandstorm,machine,0,Regulation M-A,
248,"",Tyranitar,scary-face,machine,0,Regulation M-A,
248,"",Tyranitar,screech,machine,0,Regulation M-A,
248,"",Tyranitar,shadow-claw,machine,0,Regulation M-A,
248,"",Tyranitar,sleep-talk,machine,0,Regulation M-A,
248,"",Tyranitar,smack-down,machine,0,Regulation M-A,
248,"",Tyranitar,snarl,machine,0,Regulation M-A,
248,"",Tyranitar,snore,machine,0,Regulation M-A,
248,"",Tyranitar,spite,machine,0,Regulation M-A,
248,"",Tyranitar,stealth-rock,machine,0,Regulation M-A,
248,"",Tyranitar,stomping-tantrum,machine,0,Regulation M-A,
248,"",Tyranitar,stone-edge,machine,0,Regulation M-A,
248,"",Tyranitar,substitute,machine,0,Regulation M-A,
248,"",Tyranitar,sunny-day,machine,0,Regulation M-A,
248,"",Tyranitar,superpower,machine,0,Regulation M-A,
248,"",Tyranitar,surf,machine,0,Regulation M-A,
248,"",Tyranitar,swagger,machine,0,Regulation M-A,
248,"",Tyranitar,taunt,machine,0,Regulation M-A,
248,"",Tyranitar,thrash,machine,0,Regulation M-A,
248,"",Tyranitar,thunder,machine,0,Regulation M-A,
248,"",Tyranitar,thunder-fang,machine,0,Regulation M-A,
248,"",Tyranitar,thunder-punch,machine,0,Regulation M-A,
248,"",Tyranitar,thunder-wave,machine,0,Regulation M-A,
248,"",Tyranitar,thunderbolt,machine,0,Regulation M-A,
248,"",Tyranitar,uproar,machine,0,Regulation M-A,
254,"",Sceptile,acrobatics,machine,0,Regulation M-B,
254,"",Sceptile,aerial-ace,machine,0,Regulation M-B,
254,"",Sceptile,agility,machine,0,Regulation M-B,
254,"",Sceptile,assurance,machine,0,Regulation M-B,
254,"",Sceptile,body-slam,machine,0,Regulation M-B,
254,"",Sceptile,breaking-swipe,machine,0,Regulation M-B,
254,"",Sceptile,brick-break,machine,0,Regulation M-B,
254,"",Sceptile,brutal-swing,machine,0,Regulation M-B,
254,"",Sceptile,bulldoze,machine,0,Regulation M-B,
254,"",Sceptile,bullet-seed,machine,0,Regulation M-B,
254,"",Sceptile,cross-poison,machine,0,Regulation M-B,
254,"",Sceptile,crunch,machine,0,Regulation M-B,
254,"",Sceptile,detect,machine,0,Regulation M-B,
254,"",Sceptile,dig,machine,0,Regulation M-B,
254,"",Sceptile,double-edge,machine,0,Regulation M-B,
254,"",Sceptile,double-team,machine,0,Regulation M-B,
254,"",Sceptile,dragon-cheer,machine,0,Regulation M-B,
254,"",Sceptile,dragon-claw,machine,0,Regulation M-B,
254,"",Sceptile,dragon-dance,machine,0,Regulation M-B,
254,"",Sceptile,dragon-pulse,machine,0,Regulation M-B,
254,"",Sceptile,dragon-rush,machine,0,Regulation M-B,
254,"",Sceptile,dragon-tail,machine,0,Regulation M-B,
254,"",Sceptile,drain-punch,machine,0,Regulation M-B,
254,"",Sceptile,earth-power,machine,0,Regulation M-B,
254,"",Sceptile,earthquake,machine,0,Regulation M-B,
254,"",Sceptile,endeavor,machine,0,Regulation M-B,
254,"",Sceptile,endure,machine,0,Regulation M-B,
254,"",Sceptile,energy-ball,machine,0,Regulation M-B,
254,"",Sceptile,facade,machine,0,Regulation M-B,
254,"",Sceptile,fling,machine,0,Regulation M-B,
254,"",Sceptile,focus-blast,machine,0,Regulation M-B,
254,"",Sceptile,focus-punch,machine,0,Regulation M-B,
254,"",Sceptile,frenzy-plant,machine,0,Regulation M-B,
254,"",Sceptile,giga-drain,machine,0,Regulation M-B,
254,"",Sceptile,giga-impact,machine,0,Regulation M-B,
254,"",Sceptile,grass-knot,machine,0,Regulation M-B,
254,"",Sceptile,grassy-glide,machine,0,Regulation M-B,
254,"",Sceptile,grassy-terrain,machine,0,Regulation M-B,
254,"",Sceptile,helping-hand,machine,0,Regulation M-B,
254,"",Sceptile,hyper-beam,machine,0,Regulation M-B,
254,"",Sceptile,iron-tail,machine,0,Regulation M-B,
254,"",Sceptile,leaf-blade,machine,0,Regulation M-B,
254,"",Sceptile,leaf-storm,machine,0,Regulation M-B,
254,"",Sceptile,leech-seed,machine,0,Regulation M-B,
254,"",Sceptile,low-kick,machine,0,Regulation M-B,
254,"",Sceptile,low-sweep,machine,0,Regulation M-B,
254,"",Sceptile,mega-kick,machine,0,Regulation M-B,
254,"",Sceptile,night-slash,machine,0,Regulation M-B,
254,"",Sceptile,outrage,machine,0,Regulation M-B,
254,"",Sceptile,protect,machine,0,Regulation M-B,
254,"",Sceptile,quick-attack,machine,0,Regulation M-B,
254,"",Sceptile,quick-guard,machine,0,Regulation M-B,
254,"",Sceptile,rest,machine,0,Regulation M-B,
254,"",Sceptile,roar,machine,0,Regulation M-B,
254,"",Sceptile,rock-slide,machine,0,Regulation M-B,
254,"",Sceptile,rock-tomb,machine,0,Regulation M-B,
254,"",Sceptile,round,machine,0,Regulation M-B,
254,"",Sceptile,scale-shot,machine,0,Regulation M-B,
254,"",Sceptile,screech,machine,0,Regulation M-B,
254,"",Sceptile,seed-bomb,machine,0,Regulation M-B,
254,"",Sceptile,shed-tail,machine,0,Regulation M-B,
254,"",Sceptile,sleep-talk,machine,0,Regulation M-B,
254,"",Sceptile,snore,machine,0,Regulation M-B,
254,"",Sceptile,solar-beam,machine,0,Regulation M-B,
254,"",Sceptile,solar-blade,machine,0,Regulation M-B,
254,"",Sceptile,substitute,machine,0,Regulation M-B,
254,"",Sceptile,sunny-day,machine,0,Regulation M-B,
254,"",Sceptile,swords-dance,machine,0,Regulation M-B,
254,"",Sceptile,synthesis,machine,0,Regulation M-B,
254,"",Sceptile,thief,machine,0,Regulation M-B,
254,"",Sceptile,throat-chop,machine,0,Regulation M-B,
254,"",Sceptile,thunder-punch,machine,0,Regulation M-B,
254,"",Sceptile,trailblaze,machine,0,Regulation M-B,
254,"",Sceptile,upper-hand,machine,0,Regulation M-B,
254,"",Sceptile,vacuum-wave,machine,0,Regulation M-B,
254,"",Sceptile,worry-seed,machine,0,Regulation M-B,
254,"",Sceptile,x-scissor,machine,0,Regulation M-B,
257,"",Blaziken,acrobatics,machine,0,Regulation M-B,
257,"",Blaziken,aerial-ace,machine,0,Regulation M-B,
257,"",Blaziken,agility,machine,0,Regulation M-B,
257,"",Blaziken,assurance,machine,0,Regulation M-B,
257,"",Blaziken,aura-sphere,machine,0,Regulation M-B,
257,"",Blaziken,baton-pass,machine,0,Regulation M-B,
257,"",Blaziken,blast-burn,machine,0,Regulation M-B,
257,"",Blaziken,blaze-kick,machine,0,Regulation M-B,
257,"",Blaziken,body-slam,machine,0,Regulation M-B,
257,"",Blaziken,bounce,machine,0,Regulation M-B,
257,"",Blaziken,brave-bird,machine,0,Regulation M-B,
257,"",Blaziken,brick-break,machine,0,Regulation M-B,
257,"",Blaziken,bulk-up,machine,0,Regulation M-B,
257,"",Blaziken,bulldoze,machine,0,Regulation M-B,
257,"",Blaziken,close-combat,machine,0,Regulation M-B,
257,"",Blaziken,coaching,machine,0,Regulation M-B,
257,"",Blaziken,counter,machine,0,Regulation M-B,
257,"",Blaziken,crush-claw,machine,0,Regulation M-B,
257,"",Blaziken,curse,machine,0,Regulation M-B,
257,"",Blaziken,detect,machine,0,Regulation M-B,
257,"",Blaziken,dig,machine,0,Regulation M-B,
257,"",Blaziken,double-edge,machine,0,Regulation M-B,
257,"",Blaziken,earthquake,machine,0,Regulation M-B,
257,"",Blaziken,endure,machine,0,Regulation M-B,
257,"",Blaziken,facade,machine,0,Regulation M-B,
257,"",Blaziken,feather-dance,machine,0,Regulation M-B,
257,"",Blaziken,feint,machine,0,Regulation M-B,
257,"",Blaziken,fire-blast,machine,0,Regulation M-B,
257,"",Blaziken,fire-punch,machine,0,Regulation M-B,
257,"",Blaziken,fire-spin,machine,0,Regulation M-B,
257,"",Blaziken,flame-charge,machine,0,Regulation M-B,
257,"",Blaziken,flamethrower,machine,0,Regulation M-B,
257,"",Blaziken,flare-blitz,machine,0,Regulation M-B,
257,"",Blaziken,fling,machine,0,Regulation M-B,
257,"",Blaziken,focus-blast,machine,0,Regulation M-B,
257,"",Blaziken,focus-energy,machine,0,Regulation M-B,
257,"",Blaziken,focus-punch,machine,0,Regulation M-B,
257,"",Blaziken,giga-impact,machine,0,Regulation M-B,
257,"",Blaziken,heat-crash,machine,0,Regulation M-B,
257,"",Blaziken,heat-wave,machine,0,Regulation M-B,
257,"",Blaziken,helping-hand,machine,0,Regulation M-B,
257,"",Blaziken,high-jump-kick,machine,0,Regulation M-B,
257,"",Blaziken,hyper-beam,machine,0,Regulation M-B,
257,"",Blaziken,knock-off,machine,0,Regulation M-B,
257,"",Blaziken,last-resort,machine,0,Regulation M-B,
257,"",Blaziken,low-kick,machine,0,Regulation M-B,
257,"",Blaziken,low-sweep,machine,0,Regulation M-B,
257,"",Blaziken,mega-kick,machine,0,Regulation M-B,
257,"",Blaziken,mud-slap,machine,0,Regulation M-B,
257,"",Blaziken,night-slash,machine,0,Regulation M-B,
257,"",Blaziken,overheat,machine,0,Regulation M-B,
257,"",Blaziken,poison-jab,machine,0,Regulation M-B,
257,"",Blaziken,protect,machine,0,Regulation M-B,
257,"",Blaziken,quick-attack,machine,0,Regulation M-B,
257,"",Blaziken,rest,machine,0,Regulation M-B,
257,"",Blaziken,reversal,machine,0,Regulation M-B,
257,"",Blaziken,roar,machine,0,Regulation M-B,
257,"",Blaziken,rock-slide,machine,0,Regulation M-B,
257,"",Blaziken,rock-tomb,machine,0,Regulation M-B,
257,"",Blaziken,round,machine,0,Regulation M-B,
257,"",Blaziken,scorching-sands,machine,0,Regulation M-B,
257,"",Blaziken,shadow-claw,machine,0,Regulation M-B,
257,"",Blaziken,sleep-talk,machine,0,Regulation M-B,
257,"",Blaziken,snore,machine,0,Regulation M-B,
257,"",Blaziken,solar-beam,machine,0,Regulation M-B,
257,"",Blaziken,stone-edge,machine,0,Regulation M-B,
257,"",Blaziken,substitute,machine,0,Regulation M-B,
257,"",Blaziken,sunny-day,machine,0,Regulation M-B,
257,"",Blaziken,superpower,machine,0,Regulation M-B,
257,"",Blaziken,swords-dance,machine,0,Regulation M-B,
257,"",Blaziken,temper-flare,machine,0,Regulation M-B,
257,"",Blaziken,thief,machine,0,Regulation M-B,
257,"",Blaziken,thunder-punch,machine,0,Regulation M-B,
257,"",Blaziken,u-turn,machine,0,Regulation M-B,
257,"",Blaziken,upper-hand,machine,0,Regulation M-B,
257,"",Blaziken,uproar,machine,0,Regulation M-B,
257,"",Blaziken,vacuum-wave,machine,0,Regulation M-B,
257,"",Blaziken,will-o-wisp,machine,0,Regulation M-B,
260,"",Swampert,amnesia,machine,0,Regulation M-B,
260,"",Swampert,ancient-power,machine,0,Regulation M-B,
260,"",Swampert,aqua-ring,machine,0,Regulation M-B,
260,"",Swampert,avalanche,machine,0,Regulation M-B,
260,"",Swampert,bite,machine,0,Regulation M-B,
260,"",Swampert,blizzard,machine,0,Regulation M-B,
260,"",Swampert,body-press,machine,0,Regulation M-B,
260,"",Swampert,body-slam,machine,0,Regulation M-B,
260,"",Swampert,brick-break,machine,0,Regulation M-B,
260,"",Swampert,bulk-up,machine,0,Regulation M-B,
260,"",Swampert,bulldoze,machine,0,Regulation M-B,
260,"",Swampert,chilling-water,machine,0,Regulation M-B,
260,"",Swampert,counter,machine,0,Regulation M-B,
260,"",Swampert,curse,machine,0,Regulation M-B,
260,"",Swampert,dig,machine,0,Regulation M-B,
260,"",Swampert,dive,machine,0,Regulation M-B,
260,"",Swampert,double-edge,machine,0,Regulation M-B,
260,"",Swampert,earth-power,machine,0,Regulation M-B,
260,"",Swampert,earthquake,machine,0,Regulation M-B,
260,"",Swampert,endeavor,machine,0,Regulation M-B,
260,"",Swampert,endure,machine,0,Regulation M-B,
260,"",Swampert,facade,machine,0,Regulation M-B,
260,"",Swampert,fling,machine,0,Regulation M-B,
260,"",Swampert,flip-turn,machine,0,Regulation M-B,
260,"",Swampert,focus-blast,machine,0,Regulation M-B,
260,"",Swampert,focus-punch,machine,0,Regulation M-B,
260,"",Swampert,giga-impact,machine,0,Regulation M-B,
260,"",Swampert,hammer-arm,machine,0,Regulation M-B,
260,"",Swampert,hard-press,machine,0,Regulation M-B,
260,"",Swampert,helping-hand,machine,0,Regulation M-B,
260,"",Swampert,high-horsepower,machine,0,Regulation M-B,
260,"",Swampert,hydro-cannon,machine,0,Regulation M-B,
260,"",Swampert,hydro-pump,machine,0,Regulation M-B,
260,"",Swampert,hyper-beam,machine,0,Regulation M-B,
260,"",Swampert,ice-beam,machine,0,Regulation M-B,
260,"",Swampert,ice-punch,machine,0,Regulation M-B,
260,"",Swampert,icy-wind,machine,0,Regulation M-B,
260,"",Swampert,iron-tail,machine,0,Regulation M-B,
260,"",Swampert,knock-off,machine,0,Regulation M-B,
260,"",Swampert,liquidation,machine,0,Regulation M-B,
260,"",Swampert,low-kick,machine,0,Regulation M-B,
260,"",Swampert,mega-kick,machine,0,Regulation M-B,
260,"",Swampert,mirror-coat,machine,0,Regulation M-B,
260,"",Swampert,mud-shot,machine,0,Regulation M-B,
260,"",Swampert,mud-slap,machine,0,Regulation M-B,
260,"",Swampert,muddy-water,machine,0,Regulation M-B,
260,"",Swampert,outrage,machine,0,Regulation M-B,
260,"",Swampert,poison-jab,machine,0,Regulation M-B,
260,"",Swampert,protect,machine,0,Regulation M-B,
260,"",Swampert,rain-dance,machine,0,Regulation M-B,
260,"",Swampert,rest,machine,0,Regulation M-B,
260,"",Swampert,roar,machine,0,Regulation M-B,
260,"",Swampert,rock-slide,machine,0,Regulation M-B,
260,"",Swampert,rock-tomb,machine,0,Regulation M-B,
260,"",Swampert,round,machine,0,Regulation M-B,
260,"",Swampert,sand-tomb,machine,0,Regulation M-B,
260,"",Swampert,scary-face,machine,0,Regulation M-B,
260,"",Swampert,screech,machine,0,Regulation M-B,
260,"",Swampert,sleep-talk,machine,0,Regulation M-B,
260,"",Swampert,sludge-bomb,machine,0,Regulation M-B,
260,"",Swampert,sludge-wave,machine,0,Regulation M-B,
260,"",Swampert,smack-down,machine,0,Regulation M-B,
260,"",Swampert,snore,machine,0,Regulation M-B,
260,"",Swampert,stealth-rock,machine,0,Regulation M-B,
260,"",Swampert,stomping-tantrum,machine,0,Regulation M-B,
260,"",Swampert,stone-edge,machine,0,Regulation M-B,
260,"",Swampert,substitute,machine,0,Regulation M-B,
260,"",Swampert,superpower,machine,0,Regulation M-B,
260,"",Swampert,surf,machine,0,Regulation M-B,
260,"",Swampert,uproar,machine,0,Regulation M-B,
260,"",Swampert,water-pulse,machine,0,Regulation M-B,
260,"",Swampert,waterfall,machine,0,Regulation M-B,
260,"",Swampert,wave-crash,machine,0,Regulation M-B,
260,"",Swampert,weather-ball,machine,0,Regulation M-B,
260,"",Swampert,whirlpool,machine,0,Regulation M-B,
260,"",Swampert,wide-guard,machine,0,Regulation M-B,
260,"",Swampert,yawn,machine,0,Regulation M-B,
279,"",Pelipper,acrobatics,machine,0,Regulation M-A,
279,"",Pelipper,aerial-ace,machine,0,Regulation M-A,
279,"",Pelipper,agility,machine,0,Regulation M-A,
279,"",Pelipper,air-cutter,machine,0,Regulation M-A,
279,"",Pelipper,air-slash,machine,0,Regulation M-A,
279,"",Pelipper,aqua-ring,machine,0,Regulation M-A,
279,"",Pelipper,blizzard,machine,0,Regulation M-A,
279,"",Pelipper,body-slam,machine,0,Regulation M-A,
279,"",Pelipper,brave-bird,machine,0,Regulation M-A,
279,"",Pelipper,chilling-water,machine,0,Regulation M-A,
279,"",Pelipper,dual-wingbeat,machine,0,Regulation M-A,
279,"",Pelipper,endure,machine,0,Regulation M-A,
279,"",Pelipper,facade,machine,0,Regulation M-A,
279,"",Pelipper,feather-dance,machine,0,Regulation M-A,
279,"",Pelipper,fling,machine,0,Regulation M-A,
279,"",Pelipper,fly,machine,0,Regulation M-A,
279,"",Pelipper,giga-impact,machine,0,Regulation M-A,
279,"",Pelipper,gunk-shot,machine,0,Regulation M-A,
279,"",Pelipper,helping-hand,machine,0,Regulation M-A,
279,"",Pelipper,hurricane,machine,0,Regulation M-A,
279,"",Pelipper,hydro-pump,machine,0,Regulation M-A,
279,"",Pelipper,hyper-beam,machine,0,Regulation M-A,
279,"",Pelipper,ice-beam,machine,0,Regulation M-A,
279,"",Pelipper,icy-wind,machine,0,Regulation M-A,
279,"",Pelipper,knock-off,machine,0,Regulation M-A,
279,"",Pelipper,liquidation,machine,0,Regulation M-A,
279,"",Pelipper,muddy-water,machine,0,Regulation M-A,
279,"",Pelipper,protect,machine,0,Regulation M-A,
279,"",Pelipper,quick-attack,machine,0,Regulation M-A,
279,"",Pelipper,rain-dance,machine,0,Regulation M-A,
279,"",Pelipper,rest,machine,0,Regulation M-A,
279,"",Pelipper,roost,machine,0,Regulation M-A,
279,"",Pelipper,round,machine,0,Regulation M-A,
279,"",Pelipper,seed-bomb,machine,0,Regulation M-A,
279,"",Pelipper,sleep-talk,machine,0,Regulation M-A,
279,"",Pelipper,snore,machine,0,Regulation M-A,
279,"",Pelipper,snowscape,machine,0,Regulation M-A,
279,"",Pelipper,soak,machine,0,Regulation M-A,
279,"",Pelipper,spit-up,machine,0,Regulation M-A,
279,"",Pelipper,steel-wing,machine,0,Regulation M-A,
279,"",Pelipper,stockpile,machine,0,Regulation M-A,
279,"",Pelipper,substitute,machine,0,Regulation M-A,
279,"",Pelipper,surf,machine,0,Regulation M-A,
279,"",Pelipper,swallow,machine,0,Regulation M-A,
279,"",Pelipper,tailwind,machine,0,Regulation M-A,
279,"",Pelipper,thief,machine,0,Regulation M-A,
279,"",Pelipper,u-turn,machine,0,Regulation M-A,
279,"",Pelipper,uproar,machine,0,Regulation M-A,
279,"",Pelipper,water-pulse,machine,0,Regulation M-A,
279,"",Pelipper,waterfall,machine,0,Regulation M-A,
279,"",Pelipper,weather-ball,machine,0,Regulation M-A,
279,"",Pelipper,whirlpool,machine,0,Regulation M-A,
279,"",Pelipper,wide-guard,machine,0,Regulation M-A,
282,"",Gardevoir,alluring-voice,machine,0,Regulation M-A,
282,"",Gardevoir,aura-sphere,machine,0,Regulation M-A,
282,"",Gardevoir,body-slam,machine,0,Regulation M-A,
282,"",Gardevoir,calm-mind,machine,0,Regulation M-A,
282,"",Gardevoir,charge-beam,machine,0,Regulation M-A,
282,"",Gardevoir,charm,machine,0,Regulation M-A,
282,"",Gardevoir,confuse-ray,machine,0,Regulation M-A,
282,"",Gardevoir,dazzling-gleam,machine,0,Regulation M-A,
282,"",Gardevoir,destiny-bond,machine,0,Regulation M-A,
282,"",Gardevoir,disable,machine,0,Regulation M-A,
282,"",Gardevoir,double-team,machine,0,Regulation M-A,
282,"",Gardevoir,draining-kiss,machine,0,Regulation M-A,
282,"",Gardevoir,encore,machine,0,Regulation M-A,
282,"",Gardevoir,endure,machine,0,Regulation M-A,
282,"",Gardevoir,energy-ball,machine,0,Regulation M-A,
282,"",Gardevoir,expanding-force,machine,0,Regulation M-A,
282,"",Gardevoir,facade,machine,0,Regulation M-A,
282,"",Gardevoir,fire-punch,machine,0,Regulation M-A,
282,"",Gardevoir,fling,machine,0,Regulation M-A,
282,"",Gardevoir,focus-blast,machine,0,Regulation M-A,
282,"",Gardevoir,future-sight,machine,0,Regulation M-A,
282,"",Gardevoir,giga-impact,machine,0,Regulation M-A,
282,"",Gardevoir,grass-knot,machine,0,Regulation M-A,
282,"",Gardevoir,gravity,machine,0,Regulation M-A,
282,"",Gardevoir,guard-swap,machine,0,Regulation M-A,
282,"",Gardevoir,heal-pulse,machine,0,Regulation M-A,
282,"",Gardevoir,healing-wish,machine,0,Regulation M-A,
282,"",Gardevoir,helping-hand,machine,0,Regulation M-A,
282,"",Gardevoir,hyper-beam,machine,0,Regulation M-A,
282,"",Gardevoir,hyper-voice,machine,0,Regulation M-A,
282,"",Gardevoir,hypnosis,machine,0,Regulation M-A,
282,"",Gardevoir,ice-punch,machine,0,Regulation M-A,
282,"",Gardevoir,icy-wind,machine,0,Regulation M-A,
282,"",Gardevoir,imprison,machine,0,Regulation M-A,
282,"",Gardevoir,knock-off,machine,0,Regulation M-A,
282,"",Gardevoir,life-dew,machine,0,Regulation M-A,
282,"",Gardevoir,light-screen,machine,0,Regulation M-A,
282,"",Gardevoir,magic-room,machine,0,Regulation M-A,
282,"",Gardevoir,mean-look,machine,0,Regulation M-A,
282,"",Gardevoir,memento,machine,0,Regulation M-A,
282,"",Gardevoir,misty-explosion,machine,0,Regulation M-A,
282,"",Gardevoir,misty-terrain,machine,0,Regulation M-A,
282,"",Gardevoir,moonblast,machine,0,Regulation M-A,
282,"",Gardevoir,mystical-fire,machine,0,Regulation M-A,
282,"",Gardevoir,night-shade,machine,0,Regulation M-A,
282,"",Gardevoir,pain-split,machine,0,Regulation M-A,
282,"",Gardevoir,power-swap,machine,0,Regulation M-A,
282,"",Gardevoir,protect,machine,0,Regulation M-A,
282,"",Gardevoir,psych-up,machine,0,Regulation M-A,
282,"",Gardevoir,psychic,machine,0,Regulation M-A,
282,"",Gardevoir,psychic-noise,machine,0,Regulation M-A,
282,"",Gardevoir,psychic-terrain,machine,0,Regulation M-A,
282,"",Gardevoir,psyshock,machine,0,Regulation M-A,
282,"",Gardevoir,rain-dance,machine,0,Regulation M-A,
282,"",Gardevoir,reflect,machine,0,Regulation M-A,
282,"",Gardevoir,rest,machine,0,Regulation M-A,
282,"",Gardevoir,round,machine,0,Regulation M-A,
282,"",Gardevoir,safeguard,machine,0,Regulation M-A,
282,"",Gardevoir,shadow-ball,machine,0,Regulation M-A,
282,"",Gardevoir,shadow-sneak,machine,0,Regulation M-A,
282,"",Gardevoir,skill-swap,machine,0,Regulation M-A,
282,"",Gardevoir,sleep-talk,machine,0,Regulation M-A,
282,"",Gardevoir,snore,machine,0,Regulation M-A,
282,"",Gardevoir,stored-power,machine,0,Regulation M-A,
282,"",Gardevoir,substitute,machine,0,Regulation M-A,
282,"",Gardevoir,sunny-day,machine,0,Regulation M-A,
282,"",Gardevoir,swagger,machine,0,Regulation M-A,
282,"",Gardevoir,taunt,machine,0,Regulation M-A,
282,"",Gardevoir,thief,machine,0,Regulation M-A,
282,"",Gardevoir,thunder-punch,machine,0,Regulation M-A,
282,"",Gardevoir,thunder-wave,machine,0,Regulation M-A,
282,"",Gardevoir,thunderbolt,machine,0,Regulation M-A,
282,"",Gardevoir,trick,machine,0,Regulation M-A,
282,"",Gardevoir,trick-room,machine,0,Regulation M-A,
282,"",Gardevoir,triple-axel,machine,0,Regulation M-A,
282,"",Gardevoir,vacuum-wave,machine,0,Regulation M-A,
282,"",Gardevoir,will-o-wisp,machine,0,Regulation M-A,
282,"",Gardevoir,wish,machine,0,Regulation M-A,
282,"",Gardevoir,wonder-room,machine,0,Regulation M-A,
282,"",Gardevoir,zen-headbutt,machine,0,Regulation M-A,
302,"",Sableye,aerial-ace,machine,0,Regulation M-A,
302,"",Sableye,body-slam,machine,0,Regulation M-A,
302,"",Sableye,brick-break,machine,0,Regulation M-A,
302,"",Sableye,bulk-up,machine,0,Regulation M-A,
302,"",Sableye,calm-mind,machine,0,Regulation M-A,
302,"",Sableye,confuse-ray,machine,0,Regulation M-A,
302,"",Sableye,dark-pulse,machine,0,Regulation M-A,
302,"",Sableye,dazzling-gleam,machine,0,Regulation M-A,
302,"",Sableye,detect,machine,0,Regulation M-A,
302,"",Sableye,dig,machine,0,Regulation M-A,
302,"",Sableye,disable,machine,0,Regulation M-A,
302,"",Sableye,drain-punch,machine,0,Regulation M-A,
302,"",Sableye,encore,machine,0,Regulation M-A,
302,"",Sableye,endure,machine,0,Regulation M-A,
302,"",Sableye,energy-ball,machine,0,Regulation M-A,
302,"",Sableye,facade,machine,0,Regulation M-A,
302,"",Sableye,fake-out,machine,0,Regulation M-A,
302,"",Sableye,feint,machine,0,Regulation M-A,
302,"",Sableye,fire-punch,machine,0,Regulation M-A,
302,"",Sableye,flatter,machine,0,Regulation M-A,
302,"",Sableye,fling,machine,0,Regulation M-A,
302,"",Sableye,focus-punch,machine,0,Regulation M-A,
302,"",Sableye,foul-play,machine,0,Regulation M-A,
302,"",Sableye,giga-drain,machine,0,Regulation M-A,
302,"",Sableye,giga-impact,machine,0,Regulation M-A,
302,"",Sableye,gravity,machine,0,Regulation M-A,
302,"",Sableye,gyro-ball,machine,0,Regulation M-A,
302,"",Sableye,helping-hand,machine,0,Regulation M-A,
302,"",Sableye,hex,machine,0,Regulation M-A,
302,"",Sableye,hyper-beam,machine,0,Regulation M-A,
302,"",Sableye,ice-punch,machine,0,Regulation M-A,
302,"",Sableye,icy-wind,machine,0,Regulation M-A,
302,"",Sableye,imprison,machine,0,Regulation M-A,
302,"",Sableye,knock-off,machine,0,Regulation M-A,
302,"",Sableye,lash-out,machine,0,Regulation M-A,
302,"",Sableye,light-screen,machine,0,Regulation M-A,
302,"",Sableye,low-kick,machine,0,Regulation M-A,
302,"",Sableye,low-sweep,machine,0,Regulation M-A,
302,"",Sableye,mean-look,machine,0,Regulation M-A,
302,"",Sableye,mega-kick,machine,0,Regulation M-A,
302,"",Sableye,metal-burst,machine,0,Regulation M-A,
302,"",Sableye,mud-shot,machine,0,Regulation M-A,
302,"",Sableye,mud-slap,machine,0,Regulation M-A,
302,"",Sableye,nasty-plot,machine,0,Regulation M-A,
302,"",Sableye,night-shade,machine,0,Regulation M-A,
302,"",Sableye,night-slash,machine,0,Regulation M-A,
302,"",Sableye,pain-split,machine,0,Regulation M-A,
302,"",Sableye,payback,machine,0,Regulation M-A,
302,"",Sableye,phantom-force,machine,0,Regulation M-A,
302,"",Sableye,poison-jab,machine,0,Regulation M-A,
302,"",Sableye,poltergeist,machine,0,Regulation M-A,
302,"",Sableye,power-gem,machine,0,Regulation M-A,
302,"",Sableye,protect,machine,0,Regulation M-A,
302,"",Sableye,psych-up,machine,0,Regulation M-A,
302,"",Sableye,psychic,machine,0,Regulation M-A,
302,"",Sableye,quash,machine,0,Regulation M-A,
302,"",Sableye,rain-dance,machine,0,Regulation M-A,
302,"",Sableye,recover,machine,0,Regulation M-A,
302,"",Sableye,reflect,machine,0,Regulation M-A,
302,"",Sableye,rest,machine,0,Regulation M-A,
302,"",Sableye,rock-tomb,machine,0,Regulation M-A,
302,"",Sableye,round,machine,0,Regulation M-A,
302,"",Sableye,safeguard,machine,0,Regulation M-A,
302,"",Sableye,shadow-ball,machine,0,Regulation M-A,
302,"",Sableye,shadow-claw,machine,0,Regulation M-A,
302,"",Sableye,shadow-punch,machine,0,Regulation M-A,
302,"",Sableye,shadow-sneak,machine,0,Regulation M-A,
302,"",Sableye,skill-swap,machine,0,Regulation M-A,
302,"",Sableye,skitter-smack,machine,0,Regulation M-A,
302,"",Sableye,sleep-talk,machine,0,Regulation M-A,
302,"",Sableye,snarl,machine,0,Regulation M-A,
302,"",Sableye,snore,machine,0,Regulation M-A,
302,"",Sableye,spite,machine,0,Regulation M-A,
302,"",Sableye,substitute,machine,0,Regulation M-A,
302,"",Sableye,sucker-punch,machine,0,Regulation M-A,
302,"",Sableye,sunny-day,machine,0,Regulation M-A,
302,"",Sableye,swagger,machine,0,Regulation M-A,
302,"",Sableye,taunt,machine,0,Regulation M-A,
302,"",Sableye,thief,machine,0,Regulation M-A,
302,"",Sableye,throat-chop,machine,0,Regulation M-A,
302,"",Sableye,thunder-punch,machine,0,Regulation M-A,
302,"",Sableye,thunder-wave,machine,0,Regulation M-A,
302,"",Sableye,torment,machine,0,Regulation M-A,
302,"",Sableye,trick,machine,0,Regulation M-A,
302,"",Sableye,will-o-wisp,machine,0,Regulation M-A,
302,"",Sableye,wonder-room,machine,0,Regulation M-A,
302,"",Sableye,x-scissor,machine,0,Regulation M-A,
302,"",Sableye,zen-headbutt,machine,0,Regulation M-A,
303,"",Mawile,ancient-power,machine,0,Regulation M-B,
303,"",Mawile,assurance,machine,0,Regulation M-B,
303,"",Mawile,attract,machine,0,Regulation M-B,
303,"",Mawile,baton-pass,machine,0,Regulation M-B,
303,"",Mawile,bite,machine,0,Regulation M-B,
303,"",Mawile,body-slam,machine,0,Regulation M-B,
303,"",Mawile,brick-break,machine,0,Regulation M-B,
303,"",Mawile,brutal-swing,machine,0,Regulation M-B,
303,"",Mawile,charm,machine,0,Regulation M-B,
303,"",Mawile,crunch,machine,0,Regulation M-B,
303,"",Mawile,dark-pulse,machine,0,Regulation M-B,
303,"",Mawile,double-edge,machine,0,Regulation M-B,
303,"",Mawile,draining-kiss,machine,0,Regulation M-B,
303,"",Mawile,dynamic-punch,machine,0,Regulation M-B,
303,"",Mawile,endure,machine,0,Regulation M-B,
303,"",Mawile,facade,machine,0,Regulation M-B,
303,"",Mawile,fake-tears,machine,0,Regulation M-B,
303,"",Mawile,fire-blast,machine,0,Regulation M-B,
303,"",Mawile,fire-fang,machine,0,Regulation M-B,
303,"",Mawile,flamethrower,machine,0,Regulation M-B,
303,"",Mawile,flash-cannon,machine,0,Regulation M-B,
303,"",Mawile,fling,machine,0,Regulation M-B,
303,"",Mawile,focus-blast,machine,0,Regulation M-B,
303,"",Mawile,foul-play,machine,0,Regulation M-B,
303,"",Mawile,giga-impact,machine,0,Regulation M-B,
303,"",Mawile,grass-knot,machine,0,Regulation M-B,
303,"",Mawile,guard-swap,machine,0,Regulation M-B,
303,"",Mawile,helping-hand,machine,0,Regulation M-B,
303,"",Mawile,hyper-beam,machine,0,Regulation M-B,
303,"",Mawile,ice-beam,machine,0,Regulation M-B,
303,"",Mawile,ice-fang,machine,0,Regulation M-B,
303,"",Mawile,ice-punch,machine,0,Regulation M-B,
303,"",Mawile,icy-wind,machine,0,Regulation M-B,
303,"",Mawile,iron-defense,machine,0,Regulation M-B,
303,"",Mawile,iron-head,machine,0,Regulation M-B,
303,"",Mawile,knock-off,machine,0,Regulation M-B,
303,"",Mawile,mega-kick,machine,0,Regulation M-B,
303,"",Mawile,misty-terrain,machine,0,Regulation M-B,
303,"",Mawile,payback,machine,0,Regulation M-B,
303,"",Mawile,play-rough,machine,0,Regulation M-B,
303,"",Mawile,poison-fang,machine,0,Regulation M-B,
303,"",Mawile,protect,machine,0,Regulation M-B,
303,"",Mawile,psychic-fangs,machine,0,Regulation M-B,
303,"",Mawile,rain-dance,machine,0,Regulation M-B,
303,"",Mawile,rest,machine,0,Regulation M-B,
303,"",Mawile,rock-slide,machine,0,Regulation M-B,
303,"",Mawile,rock-tomb,machine,0,Regulation M-B,
303,"",Mawile,round,machine,0,Regulation M-B,
303,"",Mawile,sandstorm,machine,0,Regulation M-B,
303,"",Mawile,seismic-toss,machine,0,Regulation M-B,
303,"",Mawile,shadow-ball,machine,0,Regulation M-B,
303,"",Mawile,sleep-talk,machine,0,Regulation M-B,
303,"",Mawile,sludge-bomb,machine,0,Regulation M-B,
303,"",Mawile,snore,machine,0,Regulation M-B,
303,"",Mawile,solar-beam,machine,0,Regulation M-B,
303,"",Mawile,spit-up,machine,0,Regulation M-B,
303,"",Mawile,stealth-rock,machine,0,Regulation M-B,
303,"",Mawile,steel-beam,machine,0,Regulation M-B,
303,"",Mawile,stockpile,machine,0,Regulation M-B,
303,"",Mawile,stone-edge,machine,0,Regulation M-B,
303,"",Mawile,substitute,machine,0,Regulation M-B,
303,"",Mawile,sucker-punch,machine,0,Regulation M-B,
303,"",Mawile,sunny-day,machine,0,Regulation M-B,
303,"",Mawile,swagger,machine,0,Regulation M-B,
303,"",Mawile,swallow,machine,0,Regulation M-B,
303,"",Mawile,sweet-scent,machine,0,Regulation M-B,
303,"",Mawile,swords-dance,machine,0,Regulation M-B,
303,"",Mawile,taunt,machine,0,Regulation M-B,
303,"",Mawile,thunder-fang,machine,0,Regulation M-B,
303,"",Mawile,thunder-punch,machine,0,Regulation M-B,
303,"",Mawile,tickle,machine,0,Regulation M-B,
306,"",Aggron,ancient-power,machine,0,Regulation M-A,
306,"",Aggron,attract,machine,0,Regulation M-A,
306,"",Aggron,avalanche,machine,0,Regulation M-A,
306,"",Aggron,blizzard,machine,0,Regulation M-A,
306,"",Aggron,body-press,machine,0,Regulation M-A,
306,"",Aggron,body-slam,machine,0,Regulation M-A,
306,"",Aggron,brick-break,machine,0,Regulation M-A,
306,"",Aggron,brutal-swing,machine,0,Regulation M-A,
306,"",Aggron,bulldoze,machine,0,Regulation M-A,
306,"",Aggron,crunch,machine,0,Regulation M-A,
306,"",Aggron,curse,machine,0,Regulation M-A,
306,"",Aggron,dark-pulse,machine,0,Regulation M-A,
306,"",Aggron,dig,machine,0,Regulation M-A,
306,"",Aggron,double-edge,machine,0,Regulation M-A,
306,"",Aggron,dragon-claw,machine,0,Regulation M-A,
306,"",Aggron,dragon-pulse,machine,0,Regulation M-A,
306,"",Aggron,dragon-rush,machine,0,Regulation M-A,
306,"",Aggron,earth-power,machine,0,Regulation M-A,
306,"",Aggron,earthquake,machine,0,Regulation M-A,
306,"",Aggron,endeavor,machine,0,Regulation M-A,
306,"",Aggron,endure,machine,0,Regulation M-A,
306,"",Aggron,facade,machine,0,Regulation M-A,
306,"",Aggron,fire-blast,machine,0,Regulation M-A,
306,"",Aggron,fire-punch,machine,0,Regulation M-A,
306,"",Aggron,flamethrower,machine,0,Regulation M-A,
306,"",Aggron,flash-cannon,machine,0,Regulation M-A,
306,"",Aggron,fling,machine,0,Regulation M-A,
306,"",Aggron,focus-blast,machine,0,Regulation M-A,
306,"",Aggron,giga-impact,machine,0,Regulation M-A,
306,"",Aggron,head-smash,machine,0,Regulation M-A,
306,"",Aggron,heavy-slam,machine,0,Regulation M-A,
306,"",Aggron,high-horsepower,machine,0,Regulation M-A,
306,"",Aggron,hydro-pump,machine,0,Regulation M-A,
306,"",Aggron,hyper-beam,machine,0,Regulation M-A,
306,"",Aggron,ice-beam,machine,0,Regulation M-A,
306,"",Aggron,ice-punch,machine,0,Regulation M-A,
306,"",Aggron,icy-wind,machine,0,Regulation M-A,
306,"",Aggron,iron-defense,machine,0,Regulation M-A,
306,"",Aggron,iron-head,machine,0,Regulation M-A,
306,"",Aggron,iron-tail,machine,0,Regulation M-A,
306,"",Aggron,low-kick,machine,0,Regulation M-A,
306,"",Aggron,mega-kick,machine,0,Regulation M-A,
306,"",Aggron,metal-burst,machine,0,Regulation M-A,
306,"",Aggron,metal-sound,machine,0,Regulation M-A,
306,"",Aggron,meteor-beam,machine,0,Regulation M-A,
306,"",Aggron,mud-slap,machine,0,Regulation M-A,
306,"",Aggron,outrage,machine,0,Regulation M-A,
306,"",Aggron,payback,machine,0,Regulation M-A,
306,"",Aggron,protect,machine,0,Regulation M-A,
306,"",Aggron,rain-dance,machine,0,Regulation M-A,
306,"",Aggron,rest,machine,0,Regulation M-A,
306,"",Aggron,reversal,machine,0,Regulation M-A,
306,"",Aggron,roar,machine,0,Regulation M-A,
306,"",Aggron,rock-blast,machine,0,Regulation M-A,
306,"",Aggron,rock-slide,machine,0,Regulation M-A,
306,"",Aggron,rock-tomb,machine,0,Regulation M-A,
306,"",Aggron,round,machine,0,Regulation M-A,
306,"",Aggron,sand-tomb,machine,0,Regulation M-A,
306,"",Aggron,sandstorm,machine,0,Regulation M-A,
306,"",Aggron,scary-face,machine,0,Regulation M-A,
306,"",Aggron,screech,machine,0,Regulation M-A,
306,"",Aggron,shadow-claw,machine,0,Regulation M-A,
306,"",Aggron,sleep-talk,machine,0,Regulation M-A,
306,"",Aggron,smart-strike,machine,0,Regulation M-A,
306,"",Aggron,snore,machine,0,Regulation M-A,
306,"",Aggron,solar-beam,machine,0,Regulation M-A,
306,"",Aggron,stealth-rock,machine,0,Regulation M-A,
306,"",Aggron,steel-beam,machine,0,Regulation M-A,
306,"",Aggron,steel-roller,machine,0,Regulation M-A,
306,"",Aggron,stomping-tantrum,machine,0,Regulation M-A,
306,"",Aggron,stone-edge,machine,0,Regulation M-A,
306,"",Aggron,substitute,machine,0,Regulation M-A,
306,"",Aggron,sunny-day,machine,0,Regulation M-A,
306,"",Aggron,superpower,machine,0,Regulation M-A,
306,"",Aggron,surf,machine,0,Regulation M-A,
306,"",Aggron,swagger,machine,0,Regulation M-A,
306,"",Aggron,taunt,machine,0,Regulation M-A,
306,"",Aggron,thunder,machine,0,Regulation M-A,
306,"",Aggron,thunder-punch,machine,0,Regulation M-A,
306,"",Aggron,thunder-wave,machine,0,Regulation M-A,
306,"",Aggron,thunderbolt,machine,0,Regulation M-A,
306,"",Aggron,uproar,machine,0,Regulation M-A,
306,"",Aggron,whirlpool,machine,0,Regulation M-A,
308,"",Medicham,acupressure,machine,0,Regulation M-A,
308,"",Medicham,aerial-ace,machine,0,Regulation M-A,
308,"",Medicham,agility,machine,0,Regulation M-A,
308,"",Medicham,aura-sphere,machine,0,Regulation M-A,
308,"",Medicham,axe-kick,machine,0,Regulation M-A,
308,"",Medicham,baton-pass,machine,0,Regulation M-A,
308,"",Medicham,blaze-kick,machine,0,Regulation M-A,
308,"",Medicham,body-slam,machine,0,Regulation M-A,
308,"",Medicham,brick-break,machine,0,Regulation M-A,
308,"",Medicham,bulk-up,machine,0,Regulation M-A,
308,"",Medicham,bullet-punch,machine,0,Regulation M-A,
308,"",Medicham,calm-mind,machine,0,Regulation M-A,
308,"",Medicham,close-combat,machine,0,Regulation M-A,
308,"",Medicham,coaching,machine,0,Regulation M-A,
308,"",Medicham,counter,machine,0,Regulation M-A,
308,"",Medicham,detect,machine,0,Regulation M-A,
308,"",Medicham,drain-punch,machine,0,Regulation M-A,
308,"",Medicham,dynamic-punch,machine,0,Regulation M-A,
308,"",Medicham,endure,machine,0,Regulation M-A,
308,"",Medicham,energy-ball,machine,0,Regulation M-A,
308,"",Medicham,expanding-force,machine,0,Regulation M-A,
308,"",Medicham,facade,machine,0,Regulation M-A,
308,"",Medicham,fake-out,machine,0,Regulation M-A,
308,"",Medicham,feint,machine,0,Regulation M-A,
308,"",Medicham,fire-punch,machine,0,Regulation M-A,
308,"",Medicham,fling,machine,0,Regulation M-A,
308,"",Medicham,focus-blast,machine,0,Regulation M-A,
308,"",Medicham,focus-punch,machine,0,Regulation M-A,
308,"",Medicham,giga-impact,machine,0,Regulation M-A,
308,"",Medicham,grass-knot,machine,0,Regulation M-A,
308,"",Medicham,gravity,machine,0,Regulation M-A,
308,"",Medicham,guard-swap,machine,0,Regulation M-A,
308,"",Medicham,helping-hand,machine,0,Regulation M-A,
308,"",Medicham,high-jump-kick,machine,0,Regulation M-A,
308,"",Medicham,hyper-beam,machine,0,Regulation M-A,
308,"",Medicham,ice-punch,machine,0,Regulation M-A,
308,"",Medicham,imprison,machine,0,Regulation M-A,
308,"",Medicham,light-screen,machine,0,Regulation M-A,
308,"",Medicham,low-kick,machine,0,Regulation M-A,
308,"",Medicham,low-sweep,machine,0,Regulation M-A,
308,"",Medicham,mega-kick,machine,0,Regulation M-A,
308,"",Medicham,night-shade,machine,0,Regulation M-A,
308,"",Medicham,pain-split,machine,0,Regulation M-A,
308,"",Medicham,poison-jab,machine,0,Regulation M-A,
308,"",Medicham,power-swap,machine,0,Regulation M-A,
308,"",Medicham,power-trick,machine,0,Regulation M-A,
308,"",Medicham,protect,machine,0,Regulation M-A,
308,"",Medicham,psych-up,machine,0,Regulation M-A,
308,"",Medicham,psychic,machine,0,Regulation M-A,
308,"",Medicham,psychic-terrain,machine,0,Regulation M-A,
308,"",Medicham,psycho-cut,machine,0,Regulation M-A,
308,"",Medicham,psyshock,machine,0,Regulation M-A,
308,"",Medicham,quick-guard,machine,0,Regulation M-A,
308,"",Medicham,rain-dance,machine,0,Regulation M-A,
308,"",Medicham,recover,machine,0,Regulation M-A,
308,"",Medicham,reflect,machine,0,Regulation M-A,
308,"",Medicham,rest,machine,0,Regulation M-A,
308,"",Medicham,reversal,machine,0,Regulation M-A,
308,"",Medicham,rock-slide,machine,0,Regulation M-A,
308,"",Medicham,rock-tomb,machine,0,Regulation M-A,
308,"",Medicham,round,machine,0,Regulation M-A,
308,"",Medicham,shadow-ball,machine,0,Regulation M-A,
308,"",Medicham,skill-swap,machine,0,Regulation M-A,
308,"",Medicham,sleep-talk,machine,0,Regulation M-A,
308,"",Medicham,snore,machine,0,Regulation M-A,
308,"",Medicham,stored-power,machine,0,Regulation M-A,
308,"",Medicham,substitute,machine,0,Regulation M-A,
308,"",Medicham,sunny-day,machine,0,Regulation M-A,
308,"",Medicham,taunt,machine,0,Regulation M-A,
308,"",Medicham,thief,machine,0,Regulation M-A,
308,"",Medicham,thunder-punch,machine,0,Regulation M-A,
308,"",Medicham,trailblaze,machine,0,Regulation M-A,
308,"",Medicham,trick,machine,0,Regulation M-A,
308,"",Medicham,trick-room,machine,0,Regulation M-A,
308,"",Medicham,upper-hand,machine,0,Regulation M-A,
308,"",Medicham,vacuum-wave,machine,0,Regulation M-A,
308,"",Medicham,zen-headbutt,machine,0,Regulation M-A,
310,"",Manectric,agility,machine,0,Regulation M-A,
310,"",Manectric,attract,machine,0,Regulation M-A,
310,"",Manectric,bite,machine,0,Regulation M-A,
310,"",Manectric,body-slam,machine,0,Regulation M-A,
310,"",Manectric,charge,machine,0,Regulation M-A,
310,"",Manectric,charge-beam,machine,0,Regulation M-A,
310,"",Manectric,crunch,machine,0,Regulation M-A,
310,"",Manectric,curse,machine,0,Regulation M-A,
310,"",Manectric,discharge,machine,0,Regulation M-A,
310,"",Manectric,eerie-impulse,machine,0,Regulation M-A,
310,"",Manectric,electric-terrain,machine,0,Regulation M-A,
310,"",Manectric,electro-ball,machine,0,Regulation M-A,
310,"",Manectric,endure,machine,0,Regulation M-A,
310,"",Manectric,facade,machine,0,Regulation M-A,
310,"",Manectric,fire-fang,machine,0,Regulation M-A,
310,"",Manectric,flamethrower,machine,0,Regulation M-A,
310,"",Manectric,giga-impact,machine,0,Regulation M-A,
310,"",Manectric,howl,machine,0,Regulation M-A,
310,"",Manectric,hyper-beam,machine,0,Regulation M-A,
310,"",Manectric,hyper-voice,machine,0,Regulation M-A,
310,"",Manectric,ice-fang,machine,0,Regulation M-A,
310,"",Manectric,iron-tail,machine,0,Regulation M-A,
310,"",Manectric,light-screen,machine,0,Regulation M-A,
310,"",Manectric,overheat,machine,0,Regulation M-A,
310,"",Manectric,pounce,machine,0,Regulation M-A,
310,"",Manectric,protect,machine,0,Regulation M-A,
310,"",Manectric,psychic-fangs,machine,0,Regulation M-A,
310,"",Manectric,quick-attack,machine,0,Regulation M-A,
310,"",Manectric,rain-dance,machine,0,Regulation M-A,
310,"",Manectric,rest,machine,0,Regulation M-A,
310,"",Manectric,rising-voltage,machine,0,Regulation M-A,
310,"",Manectric,roar,machine,0,Regulation M-A,
310,"",Manectric,round,machine,0,Regulation M-A,
310,"",Manectric,scary-face,machine,0,Regulation M-A,
310,"",Manectric,sleep-talk,machine,0,Regulation M-A,
310,"",Manectric,snarl,machine,0,Regulation M-A,
310,"",Manectric,snore,machine,0,Regulation M-A,
310,"",Manectric,substitute,machine,0,Regulation M-A,
310,"",Manectric,supercell-slam,machine,0,Regulation M-A,
310,"",Manectric,switcheroo,machine,0,Regulation M-A,
310,"",Manectric,thief,machine,0,Regulation M-A,
310,"",Manectric,thunder,machine,0,Regulation M-A,
310,"",Manectric,thunder-fang,machine,0,Regulation M-A,
310,"",Manectric,thunder-wave,machine,0,Regulation M-A,
310,"",Manectric,thunderbolt,machine,0,Regulation M-A,
310,"",Manectric,trailblaze,machine,0,Regulation M-A,
310,"",Manectric,uproar,machine,0,Regulation M-A,
310,"",Manectric,volt-switch,machine,0,Regulation M-A,
310,"",Manectric,wild-charge,machine,0,Regulation M-A,
319,"",Sharpedo,agility,machine,0,Regulation M-A,
319,"",Sharpedo,ancient-power,machine,0,Regulation M-A,
319,"",Sharpedo,aqua-jet,machine,0,Regulation M-A,
319,"",Sharpedo,assurance,machine,0,Regulation M-A,
319,"",Sharpedo,attract,machine,0,Regulation M-A,
319,"",Sharpedo,avalanche,machine,0,Regulation M-A,
319,"",Sharpedo,bite,machine,0,Regulation M-A,
319,"",Sharpedo,blizzard,machine,0,Regulation M-A,
319,"",Sharpedo,bounce,machine,0,Regulation M-A,
319,"",Sharpedo,bulldoze,machine,0,Regulation M-A,
319,"",Sharpedo,chilling-water,machine,0,Regulation M-A,
319,"",Sharpedo,close-combat,machine,0,Regulation M-A,
319,"",Sharpedo,crunch,machine,0,Regulation M-A,
319,"",Sharpedo,dark-pulse,machine,0,Regulation M-A,
319,"",Sharpedo,destiny-bond,machine,0,Regulation M-A,
319,"",Sharpedo,dive,machine,0,Regulation M-A,
319,"",Sharpedo,double-edge,machine,0,Regulation M-A,
319,"",Sharpedo,earthquake,machine,0,Regulation M-A,
319,"",Sharpedo,endure,machine,0,Regulation M-A,
319,"",Sharpedo,facade,machine,0,Regulation M-A,
319,"",Sharpedo,flip-turn,machine,0,Regulation M-A,
319,"",Sharpedo,focus-energy,machine,0,Regulation M-A,
319,"",Sharpedo,giga-impact,machine,0,Regulation M-A,
319,"",Sharpedo,hydro-pump,machine,0,Regulation M-A,
319,"",Sharpedo,hyper-beam,machine,0,Regulation M-A,
319,"",Sharpedo,ice-beam,machine,0,Regulation M-A,
319,"",Sharpedo,ice-fang,machine,0,Regulation M-A,
319,"",Sharpedo,icy-wind,machine,0,Regulation M-A,
319,"",Sharpedo,liquidation,machine,0,Regulation M-A,
319,"",Sharpedo,night-slash,machine,0,Regulation M-A,
319,"",Sharpedo,payback,machine,0,Regulation M-A,
319,"",Sharpedo,poison-fang,machine,0,Regulation M-A,
319,"",Sharpedo,poison-jab,machine,0,Regulation M-A,
319,"",Sharpedo,protect,machine,0,Regulation M-A,
319,"",Sharpedo,psychic-fangs,machine,0,Regulation M-A,
319,"",Sharpedo,rain-dance,machine,0,Regulation M-A,
319,"",Sharpedo,rest,machine,0,Regulation M-A,
319,"",Sharpedo,rock-tomb,machine,0,Regulation M-A,
319,"",Sharpedo,round,machine,0,Regulation M-A,
319,"",Sharpedo,scald,machine,0,Regulation M-A,
319,"",Sharpedo,scale-shot,machine,0,Regulation M-A,
319,"",Sharpedo,scary-face,machine,0,Regulation M-A,
319,"",Sharpedo,screech,machine,0,Regulation M-A,
319,"",Sharpedo,sleep-talk,machine,0,Regulation M-A,
319,"",Sharpedo,snarl,machine,0,Regulation M-A,
319,"",Sharpedo,snore,machine,0,Regulation M-A,
319,"",Sharpedo,substitute,machine,0,Regulation M-A,
319,"",Sharpedo,surf,machine,0,Regulation M-A,
319,"",Sharpedo,swagger,machine,0,Regulation M-A,
319,"",Sharpedo,taunt,machine,0,Regulation M-A,
319,"",Sharpedo,thief,machine,0,Regulation M-A,
319,"",Sharpedo,thrash,machine,0,Regulation M-A,
319,"",Sharpedo,uproar,machine,0,Regulation M-A,
319,"",Sharpedo,water-pulse,machine,0,Regulation M-A,
319,"",Sharpedo,waterfall,machine,0,Regulation M-A,
319,"",Sharpedo,whirlpool,machine,0,Regulation M-A,
319,"",Sharpedo,zen-headbutt,machine,0,Regulation M-A,
323,"",Camerupt,amnesia,machine,0,Regulation M-A,
323,"",Camerupt,ancient-power,machine,0,Regulation M-A,
323,"",Camerupt,body-press,machine,0,Regulation M-A,
323,"",Camerupt,body-slam,machine,0,Regulation M-A,
323,"",Camerupt,bulldoze,machine,0,Regulation M-A,
323,"",Camerupt,burning-jealousy,machine,0,Regulation M-A,
323,"",Camerupt,charm,machine,0,Regulation M-A,
323,"",Camerupt,curse,machine,0,Regulation M-A,
323,"",Camerupt,dig,machine,0,Regulation M-A,
323,"",Camerupt,double-edge,machine,0,Regulation M-A,
323,"",Camerupt,earth-power,machine,0,Regulation M-A,
323,"",Camerupt,earthquake,machine,0,Regulation M-A,
323,"",Camerupt,endeavor,machine,0,Regulation M-A,
323,"",Camerupt,endure,machine,0,Regulation M-A,
323,"",Camerupt,eruption,machine,0,Regulation M-A,
323,"",Camerupt,facade,machine,0,Regulation M-A,
323,"",Camerupt,fire-blast,machine,0,Regulation M-A,
323,"",Camerupt,fire-spin,machine,0,Regulation M-A,
323,"",Camerupt,fissure,machine,0,Regulation M-A,
323,"",Camerupt,flame-charge,machine,0,Regulation M-A,
323,"",Camerupt,flamethrower,machine,0,Regulation M-A,
323,"",Camerupt,flare-blitz,machine,0,Regulation M-A,
323,"",Camerupt,flash-cannon,machine,0,Regulation M-A,
323,"",Camerupt,focus-energy,machine,0,Regulation M-A,
323,"",Camerupt,giga-impact,machine,0,Regulation M-A,
323,"",Camerupt,growth,machine,0,Regulation M-A,
323,"",Camerupt,heat-crash,machine,0,Regulation M-A,
323,"",Camerupt,heat-wave,machine,0,Regulation M-A,
323,"",Camerupt,heavy-slam,machine,0,Regulation M-A,
323,"",Camerupt,helping-hand,machine,0,Regulation M-A,
323,"",Camerupt,high-horsepower,machine,0,Regulation M-A,
323,"",Camerupt,howl,machine,0,Regulation M-A,
323,"",Camerupt,hyper-beam,machine,0,Regulation M-A,
323,"",Camerupt,iron-head,machine,0,Regulation M-A,
323,"",Camerupt,lash-out,machine,0,Regulation M-A,
323,"",Camerupt,lava-plume,machine,0,Regulation M-A,
323,"",Camerupt,mud-shot,machine,0,Regulation M-A,
323,"",Camerupt,mud-slap,machine,0,Regulation M-A,
323,"",Camerupt,overheat,machine,0,Regulation M-A,
323,"",Camerupt,protect,machine,0,Regulation M-A,
323,"",Camerupt,rain-dance,machine,0,Regulation M-A,
323,"",Camerupt,rest,machine,0,Regulation M-A,
323,"",Camerupt,roar,machine,0,Regulation M-A,
323,"",Camerupt,rock-slide,machine,0,Regulation M-A,
323,"",Camerupt,rock-tomb,machine,0,Regulation M-A,
323,"",Camerupt,round,machine,0,Regulation M-A,
323,"",Camerupt,sandstorm,machine,0,Regulation M-A,
323,"",Camerupt,scary-face,machine,0,Regulation M-A,
323,"",Camerupt,scorching-sands,machine,0,Regulation M-A,
323,"",Camerupt,self-destruct,machine,0,Regulation M-A,
323,"",Camerupt,sleep-talk,machine,0,Regulation M-A,
323,"",Camerupt,smack-down,machine,0,Regulation M-A,
323,"",Camerupt,snore,machine,0,Regulation M-A,
323,"",Camerupt,solar-beam,machine,0,Regulation M-A,
323,"",Camerupt,spit-up,machine,0,Regulation M-A,
323,"",Camerupt,stealth-rock,machine,0,Regulation M-A,
323,"",Camerupt,stockpile,machine,0,Regulation M-A,
323,"",Camerupt,stomping-tantrum,machine,0,Regulation M-A,
323,"",Camerupt,stone-edge,machine,0,Regulation M-A,
323,"",Camerupt,substitute,machine,0,Regulation M-A,
323,"",Camerupt,sunny-day,machine,0,Regulation M-A,
323,"",Camerupt,swallow,machine,0,Regulation M-A,
323,"",Camerupt,temper-flare,machine,0,Regulation M-A,
323,"",Camerupt,trailblaze,machine,0,Regulation M-A,
323,"",Camerupt,will-o-wisp,machine,0,Regulation M-A,
323,"",Camerupt,yawn,machine,0,Regulation M-A,
323,"",Camerupt,zen-headbutt,machine,0,Regulation M-A,
324,"",Torkoal,amnesia,machine,0,Regulation M-A,
324,"",Torkoal,ancient-power,machine,0,Regulation M-A,
324,"",Torkoal,body-press,machine,0,Regulation M-A,
324,"",Torkoal,body-slam,machine,0,Regulation M-A,
324,"",Torkoal,bulldoze,machine,0,Regulation M-A,
324,"",Torkoal,burning-jealousy,machine,0,Regulation M-A,
324,"",Torkoal,clear-smog,machine,0,Regulation M-A,
324,"",Torkoal,curse,machine,0,Regulation M-A,
324,"",Torkoal,double-edge,machine,0,Regulation M-A,
324,"",Torkoal,earth-power,machine,0,Regulation M-A,
324,"",Torkoal,earthquake,machine,0,Regulation M-A,
324,"",Torkoal,endure,machine,0,Regulation M-A,
324,"",Torkoal,eruption,machine,0,Regulation M-A,
324,"",Torkoal,facade,machine,0,Regulation M-A,
324,"",Torkoal,fire-blast,machine,0,Regulation M-A,
324,"",Torkoal,fire-spin,machine,0,Regulation M-A,
324,"",Torkoal,fissure,machine,0,Regulation M-A,
324,"",Torkoal,flail,machine,0,Regulation M-A,
324,"",Torkoal,flame-charge,machine,0,Regulation M-A,
324,"",Torkoal,flamethrower,machine,0,Regulation M-A,
324,"",Torkoal,flare-blitz,machine,0,Regulation M-A,
324,"",Torkoal,giga-impact,machine,0,Regulation M-A,
324,"",Torkoal,gyro-ball,machine,0,Regulation M-A,
324,"",Torkoal,heat-crash,machine,0,Regulation M-A,
324,"",Torkoal,heat-wave,machine,0,Regulation M-A,
324,"",Torkoal,heavy-slam,machine,0,Regulation M-A,
324,"",Torkoal,helping-hand,machine,0,Regulation M-A,
324,"",Torkoal,hyper-beam,machine,0,Regulation M-A,
324,"",Torkoal,inferno,machine,0,Regulation M-A,
324,"",Torkoal,iron-defense,machine,0,Regulation M-A,
324,"",Torkoal,lava-plume,machine,0,Regulation M-A,
324,"",Torkoal,overheat,machine,0,Regulation M-A,
324,"",Torkoal,protect,machine,0,Regulation M-A,
324,"",Torkoal,rapid-spin,machine,0,Regulation M-A,
324,"",Torkoal,rest,machine,0,Regulation M-A,
324,"",Torkoal,rock-slide,machine,0,Regulation M-A,
324,"",Torkoal,rock-tomb,machine,0,Regulation M-A,
324,"",Torkoal,round,machine,0,Regulation M-A,
324,"",Torkoal,sandstorm,machine,0,Regulation M-A,
324,"",Torkoal,scorching-sands,machine,0,Regulation M-A,
324,"",Torkoal,self-destruct,machine,0,Regulation M-A,
324,"",Torkoal,shell-smash,machine,0,Regulation M-A,
324,"",Torkoal,sleep-talk,machine,0,Regulation M-A,
324,"",Torkoal,sludge-bomb,machine,0,Regulation M-A,
324,"",Torkoal,snore,machine,0,Regulation M-A,
324,"",Torkoal,solar-beam,machine,0,Regulation M-A,
324,"",Torkoal,stealth-rock,machine,0,Regulation M-A,
324,"",Torkoal,stomping-tantrum,machine,0,Regulation M-A,
324,"",Torkoal,stone-edge,machine,0,Regulation M-A,
324,"",Torkoal,substitute,machine,0,Regulation M-A,
324,"",Torkoal,sunny-day,machine,0,Regulation M-A,
324,"",Torkoal,superpower,machine,0,Regulation M-A,
324,"",Torkoal,temper-flare,machine,0,Regulation M-A,
324,"",Torkoal,weather-ball,machine,0,Regulation M-A,
324,"",Torkoal,will-o-wisp,machine,0,Regulation M-A,
324,"",Torkoal,yawn,machine,0,Regulation M-A,
324,"",Torkoal,zen-headbutt,machine,0,Regulation M-A,
334,"",Altaria,acrobatics,machine,0,Regulation M-A,
334,"",Altaria,aerial-ace,machine,0,Regulation M-A,
334,"",Altaria,agility,machine,0,Regulation M-A,
334,"",Altaria,alluring-voice,machine,0,Regulation M-A,
334,"",Altaria,body-slam,machine,0,Regulation M-A,
334,"",Altaria,brave-bird,machine,0,Regulation M-A,
334,"",Altaria,breaking-swipe,machine,0,Regulation M-A,
334,"",Altaria,bulldoze,machine,0,Regulation M-A,
334,"",Altaria,cotton-guard,machine,0,Regulation M-A,
334,"",Altaria,dazzling-gleam,machine,0,Regulation M-A,
334,"",Altaria,defog,machine,0,Regulation M-A,
334,"",Altaria,double-edge,machine,0,Regulation M-A,
334,"",Altaria,draco-meteor,machine,0,Regulation M-A,
334,"",Altaria,dragon-cheer,machine,0,Regulation M-A,
334,"",Altaria,dragon-claw,machine,0,Regulation M-A,
334,"",Altaria,dragon-dance,machine,0,Regulation M-A,
334,"",Altaria,dragon-pulse,machine,0,Regulation M-A,
334,"",Altaria,dragon-rush,machine,0,Regulation M-A,
334,"",Altaria,dual-wingbeat,machine,0,Regulation M-A,
334,"",Altaria,earthquake,machine,0,Regulation M-A,
334,"",Altaria,endeavor,machine,0,Regulation M-A,
334,"",Altaria,endure,machine,0,Regulation M-A,
334,"",Altaria,facade,machine,0,Regulation M-A,
334,"",Altaria,feather-dance,machine,0,Regulation M-A,
334,"",Altaria,fire-blast,machine,0,Regulation M-A,
334,"",Altaria,fire-spin,machine,0,Regulation M-A,
334,"",Altaria,flamethrower,machine,0,Regulation M-A,
334,"",Altaria,fly,machine,0,Regulation M-A,
334,"",Altaria,giga-impact,machine,0,Regulation M-A,
334,"",Altaria,haze,machine,0,Regulation M-A,
334,"",Altaria,heat-wave,machine,0,Regulation M-A,
334,"",Altaria,helping-hand,machine,0,Regulation M-A,
334,"",Altaria,hurricane,machine,0,Regulation M-A,
334,"",Altaria,hyper-beam,machine,0,Regulation M-A,
334,"",Altaria,hyper-voice,machine,0,Regulation M-A,
334,"",Altaria,ice-beam,machine,0,Regulation M-A,
334,"",Altaria,moonblast,machine,0,Regulation M-A,
334,"",Altaria,outrage,machine,0,Regulation M-A,
334,"",Altaria,perish-song,machine,0,Regulation M-A,
334,"",Altaria,play-rough,machine,0,Regulation M-A,
334,"",Altaria,pluck,machine,0,Regulation M-A,
334,"",Altaria,power-swap,machine,0,Regulation M-A,
334,"",Altaria,protect,machine,0,Regulation M-A,
334,"",Altaria,rain-dance,machine,0,Regulation M-A,
334,"",Altaria,rest,machine,0,Regulation M-A,
334,"",Altaria,roar,machine,0,Regulation M-A,
334,"",Altaria,roost,machine,0,Regulation M-A,
334,"",Altaria,round,machine,0,Regulation M-A,
334,"",Altaria,safeguard,machine,0,Regulation M-A,
334,"",Altaria,sing,machine,0,Regulation M-A,
334,"",Altaria,sky-attack,machine,0,Regulation M-A,
334,"",Altaria,sleep-talk,machine,0,Regulation M-A,
334,"",Altaria,snore,machine,0,Regulation M-A,
334,"",Altaria,snowscape,machine,0,Regulation M-A,
334,"",Altaria,solar-beam,machine,0,Regulation M-A,
334,"",Altaria,steel-wing,machine,0,Regulation M-A,
334,"",Altaria,substitute,machine,0,Regulation M-A,
334,"",Altaria,sunny-day,machine,0,Regulation M-A,
334,"",Altaria,tailwind,machine,0,Regulation M-A,
334,"",Altaria,thief,machine,0,Regulation M-A,
334,"",Altaria,trailblaze,machine,0,Regulation M-A,
334,"",Altaria,uproar,machine,0,Regulation M-A,
334,"",Altaria,weather-ball,machine,0,Regulation M-A,
334,"",Altaria,will-o-wisp,machine,0,Regulation M-A,
334,"",Altaria,wonder-room,machine,0,Regulation M-A,
350,"",Milotic,alluring-voice,machine,0,Regulation M-A,
350,"",Milotic,aqua-ring,machine,0,Regulation M-A,
350,"",Milotic,aqua-tail,machine,0,Regulation M-A,
350,"",Milotic,attract,machine,0,Regulation M-A,
350,"",Milotic,avalanche,machine,0,Regulation M-A,
350,"",Milotic,blizzard,machine,0,Regulation M-A,
350,"",Milotic,body-slam,machine,0,Regulation M-A,
350,"",Milotic,breaking-swipe,machine,0,Regulation M-A,
350,"",Milotic,brutal-swing,machine,0,Regulation M-A,
350,"",Milotic,bulldoze,machine,0,Regulation M-A,
350,"",Milotic,chilling-water,machine,0,Regulation M-A,
350,"",Milotic,coil,machine,0,Regulation M-A,
350,"",Milotic,confuse-ray,machine,0,Regulation M-A,
350,"",Milotic,dive,machine,0,Regulation M-A,
350,"",Milotic,double-edge,machine,0,Regulation M-A,
350,"",Milotic,dragon-cheer,machine,0,Regulation M-A,
350,"",Milotic,dragon-dance,machine,0,Regulation M-A,
350,"",Milotic,dragon-pulse,machine,0,Regulation M-A,
350,"",Milotic,dragon-tail,machine,0,Regulation M-A,
350,"",Milotic,draining-kiss,machine,0,Regulation M-A,
350,"",Milotic,endure,machine,0,Regulation M-A,
350,"",Milotic,facade,machine,0,Regulation M-A,
350,"",Milotic,flail,machine,0,Regulation M-A,
350,"",Milotic,flip-turn,machine,0,Regulation M-A,
350,"",Milotic,giga-impact,machine,0,Regulation M-A,
350,"",Milotic,haze,machine,0,Regulation M-A,
350,"",Milotic,helping-hand,machine,0,Regulation M-A,
350,"",Milotic,hydro-pump,machine,0,Regulation M-A,
350,"",Milotic,hyper-beam,machine,0,Regulation M-A,
350,"",Milotic,hypnosis,machine,0,Regulation M-A,
350,"",Milotic,ice-beam,machine,0,Regulation M-A,
350,"",Milotic,icy-wind,machine,0,Regulation M-A,
350,"",Milotic,imprison,machine,0,Regulation M-A,
350,"",Milotic,iron-head,machine,0,Regulation M-A,
350,"",Milotic,iron-tail,machine,0,Regulation M-A,
350,"",Milotic,life-dew,machine,0,Regulation M-A,
350,"",Milotic,light-screen,machine,0,Regulation M-A,
350,"",Milotic,mirror-coat,machine,0,Regulation M-A,
350,"",Milotic,mud-shot,machine,0,Regulation M-A,
350,"",Milotic,muddy-water,machine,0,Regulation M-A,
350,"",Milotic,protect,machine,0,Regulation M-A,
350,"",Milotic,psych-up,machine,0,Regulation M-A,
350,"",Milotic,rain-dance,machine,0,Regulation M-A,
350,"",Milotic,recover,machine,0,Regulation M-A,
350,"",Milotic,rest,machine,0,Regulation M-A,
350,"",Milotic,round,machine,0,Regulation M-A,
350,"",Milotic,safeguard,machine,0,Regulation M-A,
350,"",Milotic,scald,machine,0,Regulation M-A,
350,"",Milotic,scale-shot,machine,0,Regulation M-A,
350,"",Milotic,skitter-smack,machine,0,Regulation M-A,
350,"",Milotic,sleep-talk,machine,0,Regulation M-A,
350,"",Milotic,snore,machine,0,Regulation M-A,
350,"",Milotic,substitute,machine,0,Regulation M-A,
350,"",Milotic,surf,machine,0,Regulation M-A,
350,"",Milotic,tickle,machine,0,Regulation M-A,
350,"",Milotic,triple-axel,machine,0,Regulation M-A,
350,"",Milotic,water-pulse,machine,0,Regulation M-A,
350,"",Milotic,waterfall,machine,0,Regulation M-A,
350,"",Milotic,weather-ball,machine,0,Regulation M-A,
350,"",Milotic,whirlpool,machine,0,Regulation M-A,
350,"",Milotic,wrap,machine,0,Regulation M-A,
351,"",Castform,amnesia,machine,0,Regulation M-A,
351,"",Castform,attract,machine,0,Regulation M-A,
351,"",Castform,avalanche,machine,0,Regulation M-A,
351,"",Castform,blizzard,machine,0,Regulation M-A,
351,"",Castform,body-slam,machine,0,Regulation M-A,
351,"",Castform,chilling-water,machine,0,Regulation M-A,
351,"",Castform,cosmic-power,machine,0,Regulation M-A,
351,"",Castform,endure,machine,0,Regulation M-A,
351,"",Castform,energy-ball,machine,0,Regulation M-A,
351,"",Castform,facade,machine,0,Regulation M-A,
351,"",Castform,fire-blast,machine,0,Regulation M-A,
351,"",Castform,flamethrower,machine,0,Regulation M-A,
351,"",Castform,future-sight,machine,0,Regulation M-A,
351,"",Castform,guard-swap,machine,0,Regulation M-A,
351,"",Castform,hex,machine,0,Regulation M-A,
351,"",Castform,hurricane,machine,0,Regulation M-A,
351,"",Castform,hydro-pump,machine,0,Regulation M-A,
351,"",Castform,ice-beam,machine,0,Regulation M-A,
351,"",Castform,icy-wind,machine,0,Regulation M-A,
351,"",Castform,protect,machine,0,Regulation M-A,
351,"",Castform,rain-dance,machine,0,Regulation M-A,
351,"",Castform,rest,machine,0,Regulation M-A,
351,"",Castform,round,machine,0,Regulation M-A,
351,"",Castform,sandstorm,machine,0,Regulation M-A,
351,"",Castform,scald,machine,0,Regulation M-A,
351,"",Castform,shadow-ball,machine,0,Regulation M-A,
351,"",Castform,sleep-talk,machine,0,Regulation M-A,
351,"",Castform,snore,machine,0,Regulation M-A,
351,"",Castform,snowscape,machine,0,Regulation M-A,
351,"",Castform,solar-beam,machine,0,Regulation M-A,
351,"",Castform,substitute,machine,0,Regulation M-A,
351,"",Castform,sunny-day,machine,0,Regulation M-A,
351,"",Castform,thief,machine,0,Regulation M-A,
351,"",Castform,thunder,machine,0,Regulation M-A,
351,"",Castform,thunder-wave,machine,0,Regulation M-A,
351,"",Castform,thunderbolt,machine,0,Regulation M-A,
351,"",Castform,weather-ball,machine,0,Regulation M-A,
354,"",Banette,burning-jealousy,machine,0,Regulation M-A,
354,"",Banette,calm-mind,machine,0,Regulation M-A,
354,"",Banette,charge-beam,machine,0,Regulation M-A,
354,"",Banette,confuse-ray,machine,0,Regulation M-A,
354,"",Banette,curse,machine,0,Regulation M-A,
354,"",Banette,dark-pulse,machine,0,Regulation M-A,
354,"",Banette,dazzling-gleam,machine,0,Regulation M-A,
354,"",Banette,destiny-bond,machine,0,Regulation M-A,
354,"",Banette,disable,machine,0,Regulation M-A,
354,"",Banette,encore,machine,0,Regulation M-A,
354,"",Banette,endure,machine,0,Regulation M-A,
354,"",Banette,facade,machine,0,Regulation M-A,
354,"",Banette,fling,machine,0,Regulation M-A,
354,"",Banette,foul-play,machine,0,Regulation M-A,
354,"",Banette,giga-impact,machine,0,Regulation M-A,
354,"",Banette,gunk-shot,machine,0,Regulation M-A,
354,"",Banette,helping-hand,machine,0,Regulation M-A,
354,"",Banette,hex,machine,0,Regulation M-A,
354,"",Banette,hyper-beam,machine,0,Regulation M-A,
354,"",Banette,icy-wind,machine,0,Regulation M-A,
354,"",Banette,imprison,machine,0,Regulation M-A,
354,"",Banette,knock-off,machine,0,Regulation M-A,
354,"",Banette,lash-out,machine,0,Regulation M-A,
354,"",Banette,magic-room,machine,0,Regulation M-A,
354,"",Banette,nasty-plot,machine,0,Regulation M-A,
354,"",Banette,night-shade,machine,0,Regulation M-A,
354,"",Banette,pain-split,machine,0,Regulation M-A,
354,"",Banette,payback,machine,0,Regulation M-A,
354,"",Banette,phantom-force,machine,0,Regulation M-A,
354,"",Banette,poltergeist,machine,0,Regulation M-A,
354,"",Banette,pounce,machine,0,Regulation M-A,
354,"",Banette,protect,machine,0,Regulation M-A,
354,"",Banette,psych-up,machine,0,Regulation M-A,
354,"",Banette,psychic,machine,0,Regulation M-A,
354,"",Banette,rain-dance,machine,0,Regulation M-A,
354,"",Banette,rest,machine,0,Regulation M-A,
354,"",Banette,role-play,machine,0,Regulation M-A,
354,"",Banette,round,machine,0,Regulation M-A,
354,"",Banette,scary-face,machine,0,Regulation M-A,
354,"",Banette,screech,machine,0,Regulation M-A,
354,"",Banette,shadow-ball,machine,0,Regulation M-A,
354,"",Banette,shadow-claw,machine,0,Regulation M-A,
354,"",Banette,shadow-punch,machine,0,Regulation M-A,
354,"",Banette,shadow-sneak,machine,0,Regulation M-A,
354,"",Banette,skill-swap,machine,0,Regulation M-A,
354,"",Banette,skitter-smack,machine,0,Regulation M-A,
354,"",Banette,sleep-talk,machine,0,Regulation M-A,
354,"",Banette,snore,machine,0,Regulation M-A,
354,"",Banette,spite,machine,0,Regulation M-A,
354,"",Banette,substitute,machine,0,Regulation M-A,
354,"",Banette,sucker-punch,machine,0,Regulation M-A,
354,"",Banette,sunny-day,machine,0,Regulation M-A,
354,"",Banette,swagger,machine,0,Regulation M-A,
354,"",Banette,swords-dance,machine,0,Regulation M-A,
354,"",Banette,taunt,machine,0,Regulation M-A,
354,"",Banette,thief,machine,0,Regulation M-A,
354,"",Banette,throat-chop,machine,0,Regulation M-A,
354,"",Banette,thunder,machine,0,Regulation M-A,
354,"",Banette,thunder-wave,machine,0,Regulation M-A,
354,"",Banette,thunderbolt,machine,0,Regulation M-A,
354,"",Banette,torment,machine,0,Regulation M-A,
354,"",Banette,trailblaze,machine,0,Regulation M-A,
354,"",Banette,trick,machine,0,Regulation M-A,
354,"",Banette,trick-room,machine,0,Regulation M-A,
354,"",Banette,will-o-wisp,machine,0,Regulation M-A,
354,"",Banette,zen-headbutt,machine,0,Regulation M-A,
358,"",Chimecho,ally-switch,machine,0,Regulation M-A,
358,"",Chimecho,baton-pass,machine,0,Regulation M-A,
358,"",Chimecho,boomburst,machine,0,Regulation M-A,
358,"",Chimecho,calm-mind,machine,0,Regulation M-A,
358,"",Chimecho,charge-beam,machine,0,Regulation M-A,
358,"",Chimecho,charm,machine,0,Regulation M-A,
358,"",Chimecho,cosmic-power,machine,0,Regulation M-A,
358,"",Chimecho,curse,machine,0,Regulation M-A,
358,"",Chimecho,dazzling-gleam,machine,0,Regulation M-A,
358,"",Chimecho,disable,machine,0,Regulation M-A,
358,"",Chimecho,double-edge,machine,0,Regulation M-A,
358,"",Chimecho,draining-kiss,machine,0,Regulation M-A,
358,"",Chimecho,encore,machine,0,Regulation M-A,
358,"",Chimecho,endure,machine,0,Regulation M-A,
358,"",Chimecho,energy-ball,machine,0,Regulation M-A,
358,"",Chimecho,expanding-force,machine,0,Regulation M-A,
358,"",Chimecho,extrasensory,machine,0,Regulation M-A,
358,"",Chimecho,facade,machine,0,Regulation M-A,
358,"",Chimecho,fake-tears,machine,0,Regulation M-A,
358,"",Chimecho,flash-cannon,machine,0,Regulation M-A,
358,"",Chimecho,future-sight,machine,0,Regulation M-A,
358,"",Chimecho,grass-knot,machine,0,Regulation M-A,
358,"",Chimecho,gravity,machine,0,Regulation M-A,
358,"",Chimecho,heal-bell,machine,0,Regulation M-A,
358,"",Chimecho,heal-pulse,machine,0,Regulation M-A,
358,"",Chimecho,healing-wish,machine,0,Regulation M-A,
358,"",Chimecho,helping-hand,machine,0,Regulation M-A,
358,"",Chimecho,hyper-voice,machine,0,Regulation M-A,
358,"",Chimecho,hypnosis,machine,0,Regulation M-A,
358,"",Chimecho,icy-wind,machine,0,Regulation M-A,
358,"",Chimecho,imprison,machine,0,Regulation M-A,
358,"",Chimecho,knock-off,machine,0,Regulation M-A,
358,"",Chimecho,light-screen,machine,0,Regulation M-A,
358,"",Chimecho,metal-sound,machine,0,Regulation M-A,
358,"",Chimecho,protect,machine,0,Regulation M-A,
358,"",Chimecho,psych-up,machine,0,Regulation M-A,
358,"",Chimecho,psychic,machine,0,Regulation M-A,
358,"",Chimecho,psychic-noise,machine,0,Regulation M-A,
358,"",Chimecho,psyshock,machine,0,Regulation M-A,
358,"",Chimecho,rain-dance,machine,0,Regulation M-A,
358,"",Chimecho,recover,machine,0,Regulation M-A,
358,"",Chimecho,recycle,machine,0,Regulation M-A,
358,"",Chimecho,reflect,machine,0,Regulation M-A,
358,"",Chimecho,rest,machine,0,Regulation M-A,
358,"",Chimecho,round,machine,0,Regulation M-A,
358,"",Chimecho,safeguard,machine,0,Regulation M-A,
358,"",Chimecho,screech,machine,0,Regulation M-A,
358,"",Chimecho,self-destruct,machine,0,Regulation M-A,
358,"",Chimecho,shadow-ball,machine,0,Regulation M-A,
358,"",Chimecho,skill-swap,machine,0,Regulation M-A,
358,"",Chimecho,sleep-talk,machine,0,Regulation M-A,
358,"",Chimecho,snarl,machine,0,Regulation M-A,
358,"",Chimecho,snore,machine,0,Regulation M-A,
358,"",Chimecho,stored-power,machine,0,Regulation M-A,
358,"",Chimecho,substitute,machine,0,Regulation M-A,
358,"",Chimecho,sunny-day,machine,0,Regulation M-A,
358,"",Chimecho,taunt,machine,0,Regulation M-A,
358,"",Chimecho,thunder-wave,machine,0,Regulation M-A,
358,"",Chimecho,trick,machine,0,Regulation M-A,
358,"",Chimecho,trick-room,machine,0,Regulation M-A,
358,"",Chimecho,uproar,machine,0,Regulation M-A,
358,"",Chimecho,wish,machine,0,Regulation M-A,
358,"",Chimecho,wrap,machine,0,Regulation M-A,
358,"",Chimecho,yawn,machine,0,Regulation M-A,
358,"",Chimecho,zen-headbutt,machine,0,Regulation M-A,
359,"",Absol,aerial-ace,machine,0,Regulation M-A,
359,"",Absol,air-slash,machine,0,Regulation M-A,
359,"",Absol,assurance,machine,0,Regulation M-A,
359,"",Absol,attract,machine,0,Regulation M-A,
359,"",Absol,baton-pass,machine,0,Regulation M-A,
359,"",Absol,bite,machine,0,Regulation M-A,
359,"",Absol,blizzard,machine,0,Regulation M-A,
359,"",Absol,body-slam,machine,0,Regulation M-A,
359,"",Absol,bounce,machine,0,Regulation M-A,
359,"",Absol,brutal-swing,machine,0,Regulation M-A,
359,"",Absol,calm-mind,machine,0,Regulation M-A,
359,"",Absol,close-combat,machine,0,Regulation M-A,
359,"",Absol,confuse-ray,machine,0,Regulation M-A,
359,"",Absol,curse,machine,0,Regulation M-A,
359,"",Absol,dark-pulse,machine,0,Regulation M-A,
359,"",Absol,detect,machine,0,Regulation M-A,
359,"",Absol,double-edge,machine,0,Regulation M-A,
359,"",Absol,double-team,machine,0,Regulation M-A,
359,"",Absol,endure,machine,0,Regulation M-A,
359,"",Absol,facade,machine,0,Regulation M-A,
359,"",Absol,feint,machine,0,Regulation M-A,
359,"",Absol,fire-blast,machine,0,Regulation M-A,
359,"",Absol,flamethrower,machine,0,Regulation M-A,
359,"",Absol,focus-energy,machine,0,Regulation M-A,
359,"",Absol,foul-play,machine,0,Regulation M-A,
359,"",Absol,future-sight,machine,0,Regulation M-A,
359,"",Absol,giga-impact,machine,0,Regulation M-A,
359,"",Absol,hex,machine,0,Regulation M-A,
359,"",Absol,hyper-beam,machine,0,Regulation M-A,
359,"",Absol,ice-beam,machine,0,Regulation M-A,
359,"",Absol,icy-wind,machine,0,Regulation M-A,
359,"",Absol,iron-tail,machine,0,Regulation M-A,
359,"",Absol,knock-off,machine,0,Regulation M-A,
359,"",Absol,mean-look,machine,0,Regulation M-A,
359,"",Absol,megahorn,machine,0,Regulation M-A,
359,"",Absol,night-slash,machine,0,Regulation M-A,
359,"",Absol,payback,machine,0,Regulation M-A,
359,"",Absol,perish-song,machine,0,Regulation M-A,
359,"",Absol,phantom-force,machine,0,Regulation M-A,
359,"",Absol,play-rough,machine,0,Regulation M-A,
359,"",Absol,protect,machine,0,Regulation M-A,
359,"",Absol,psycho-cut,machine,0,Regulation M-A,
359,"",Absol,quick-attack,machine,0,Regulation M-A,
359,"",Absol,rain-dance,machine,0,Regulation M-A,
359,"",Absol,rest,machine,0,Regulation M-A,
359,"",Absol,rock-slide,machine,0,Regulation M-A,
359,"",Absol,rock-tomb,machine,0,Regulation M-A,
359,"",Absol,round,machine,0,Regulation M-A,
359,"",Absol,sandstorm,machine,0,Regulation M-A,
359,"",Absol,shadow-ball,machine,0,Regulation M-A,
359,"",Absol,shadow-claw,machine,0,Regulation M-A,
359,"",Absol,shadow-sneak,machine,0,Regulation M-A,
359,"",Absol,sleep-talk,machine,0,Regulation M-A,
359,"",Absol,snarl,machine,0,Regulation M-A,
359,"",Absol,snore,machine,0,Regulation M-A,
359,"",Absol,stone-edge,machine,0,Regulation M-A,
359,"",Absol,substitute,machine,0,Regulation M-A,
359,"",Absol,sucker-punch,machine,0,Regulation M-A,
359,"",Absol,sunny-day,machine,0,Regulation M-A,
359,"",Absol,superpower,machine,0,Regulation M-A,
359,"",Absol,swords-dance,machine,0,Regulation M-A,
359,"",Absol,taunt,machine,0,Regulation M-A,
359,"",Absol,thief,machine,0,Regulation M-A,
359,"",Absol,throat-chop,machine,0,Regulation M-A,
359,"",Absol,thunder,machine,0,Regulation M-A,
359,"",Absol,thunder-wave,machine,0,Regulation M-A,
359,"",Absol,thunderbolt,machine,0,Regulation M-A,
359,"",Absol,trailblaze,machine,0,Regulation M-A,
359,"",Absol,will-o-wisp,machine,0,Regulation M-A,
359,"",Absol,x-scissor,machine,0,Regulation M-A,
359,"",Absol,zen-headbutt,machine,0,Regulation M-A,
362,"",Glalie,avalanche,machine,0,Regulation M-A,
362,"",Glalie,bite,machine,0,Regulation M-A,
362,"",Glalie,blizzard,machine,0,Regulation M-A,
362,"",Glalie,block,machine,0,Regulation M-A,
362,"",Glalie,body-slam,machine,0,Regulation M-A,
362,"",Glalie,bulldoze,machine,0,Regulation M-A,
362,"",Glalie,chilling-water,machine,0,Regulation M-A,
362,"",Glalie,crunch,machine,0,Regulation M-A,
362,"",Glalie,dark-pulse,machine,0,Regulation M-A,
362,"",Glalie,disable,machine,0,Regulation M-A,
362,"",Glalie,double-team,machine,0,Regulation M-A,
362,"",Glalie,earthquake,machine,0,Regulation M-A,
362,"",Glalie,endure,machine,0,Regulation M-A,
362,"",Glalie,explosion,machine,0,Regulation M-A,
362,"",Glalie,facade,machine,0,Regulation M-A,
362,"",Glalie,fake-tears,machine,0,Regulation M-A,
362,"",Glalie,foul-play,machine,0,Regulation M-A,
362,"",Glalie,freeze-dry,machine,0,Regulation M-A,
362,"",Glalie,frost-breath,machine,0,Regulation M-A,
362,"",Glalie,giga-impact,machine,0,Regulation M-A,
362,"",Glalie,gyro-ball,machine,0,Regulation M-A,
362,"",Glalie,helping-hand,machine,0,Regulation M-A,
362,"",Glalie,hex,machine,0,Regulation M-A,
362,"",Glalie,hyper-beam,machine,0,Regulation M-A,
362,"",Glalie,ice-beam,machine,0,Regulation M-A,
362,"",Glalie,ice-fang,machine,0,Regulation M-A,
362,"",Glalie,ice-shard,machine,0,Regulation M-A,
362,"",Glalie,ice-spinner,machine,0,Regulation M-A,
362,"",Glalie,icicle-crash,machine,0,Regulation M-A,
362,"",Glalie,icicle-spear,machine,0,Regulation M-A,
362,"",Glalie,icy-wind,machine,0,Regulation M-A,
362,"",Glalie,iron-head,machine,0,Regulation M-A,
362,"",Glalie,light-screen,machine,0,Regulation M-A,
362,"",Glalie,payback,machine,0,Regulation M-A,
362,"",Glalie,protect,machine,0,Regulation M-A,
362,"",Glalie,rain-dance,machine,0,Regulation M-A,
362,"",Glalie,rest,machine,0,Regulation M-A,
362,"",Glalie,round,machine,0,Regulation M-A,
362,"",Glalie,scary-face,machine,0,Regulation M-A,
362,"",Glalie,self-destruct,machine,0,Regulation M-A,
362,"",Glalie,shadow-ball,machine,0,Regulation M-A,
362,"",Glalie,sheer-cold,machine,0,Regulation M-A,
362,"",Glalie,sleep-talk,machine,0,Regulation M-A,
362,"",Glalie,snore,machine,0,Regulation M-A,
362,"",Glalie,snowscape,machine,0,Regulation M-A,
362,"",Glalie,spikes,machine,0,Regulation M-A,
362,"",Glalie,spite,machine,0,Regulation M-A,
362,"",Glalie,steel-roller,machine,0,Regulation M-A,
362,"",Glalie,substitute,machine,0,Regulation M-A,
362,"",Glalie,switcheroo,machine,0,Regulation M-A,
362,"",Glalie,taunt,machine,0,Regulation M-A,
362,"",Glalie,trailblaze,machine,0,Regulation M-A,
362,"",Glalie,water-pulse,machine,0,Regulation M-A,
362,"",Glalie,weather-ball,machine,0,Regulation M-A,
376,"",Metagross,aerial-ace,machine,0,Regulation M-B,
376,"",Metagross,agility,machine,0,Regulation M-B,
376,"",Metagross,body-press,machine,0,Regulation M-B,
376,"",Metagross,body-slam,machine,0,Regulation M-B,
376,"",Metagross,brick-break,machine,0,Regulation M-B,
376,"",Metagross,brutal-swing,machine,0,Regulation M-B,
376,"",Metagross,bulldoze,machine,0,Regulation M-B,
376,"",Metagross,bullet-punch,machine,0,Regulation M-B,
376,"",Metagross,cosmic-power,machine,0,Regulation M-B,
376,"",Metagross,double-edge,machine,0,Regulation M-B,
376,"",Metagross,earthquake,machine,0,Regulation M-B,
376,"",Metagross,endure,machine,0,Regulation M-B,
376,"",Metagross,expanding-force,machine,0,Regulation M-B,
376,"",Metagross,explosion,machine,0,Regulation M-B,
376,"",Metagross,facade,machine,0,Regulation M-B,
376,"",Metagross,flash-cannon,machine,0,Regulation M-B,
376,"",Metagross,focus-punch,machine,0,Regulation M-B,
376,"",Metagross,future-sight,machine,0,Regulation M-B,
376,"",Metagross,giga-impact,machine,0,Regulation M-B,
376,"",Metagross,grass-knot,machine,0,Regulation M-B,
376,"",Metagross,gravity,machine,0,Regulation M-B,
376,"",Metagross,gyro-ball,machine,0,Regulation M-B,
376,"",Metagross,hammer-arm,machine,0,Regulation M-B,
376,"",Metagross,hard-press,machine,0,Regulation M-B,
376,"",Metagross,hyper-beam,machine,0,Regulation M-B,
376,"",Metagross,ice-punch,machine,0,Regulation M-B,
376,"",Metagross,icy-wind,machine,0,Regulation M-B,
376,"",Metagross,iron-defense,machine,0,Regulation M-B,
376,"",Metagross,iron-head,machine,0,Regulation M-B,
376,"",Metagross,light-screen,machine,0,Regulation M-B,
376,"",Metagross,magnet-rise,machine,0,Regulation M-B,
376,"",Metagross,meteor-beam,machine,0,Regulation M-B,
376,"",Metagross,meteor-mash,machine,0,Regulation M-B,
376,"",Metagross,mud-slap,machine,0,Regulation M-B,
376,"",Metagross,protect,machine,0,Regulation M-B,
376,"",Metagross,psych-up,machine,0,Regulation M-B,
376,"",Metagross,psychic,machine,0,Regulation M-B,
376,"",Metagross,psychic-fangs,machine,0,Regulation M-B,
376,"",Metagross,psychic-noise,machine,0,Regulation M-B,
376,"",Metagross,psycho-cut,machine,0,Regulation M-B,
376,"",Metagross,psyshock,machine,0,Regulation M-B,
376,"",Metagross,rain-dance,machine,0,Regulation M-B,
376,"",Metagross,reflect,machine,0,Regulation M-B,
376,"",Metagross,rest,machine,0,Regulation M-B,
376,"",Metagross,rock-slide,machine,0,Regulation M-B,
376,"",Metagross,rock-tomb,machine,0,Regulation M-B,
376,"",Metagross,round,machine,0,Regulation M-B,
376,"",Metagross,sandstorm,machine,0,Regulation M-B,
376,"",Metagross,scary-face,machine,0,Regulation M-B,
376,"",Metagross,self-destruct,machine,0,Regulation M-B,
376,"",Metagross,shadow-ball,machine,0,Regulation M-B,
376,"",Metagross,shadow-claw,machine,0,Regulation M-B,
376,"",Metagross,shadow-punch,machine,0,Regulation M-B,
376,"",Metagross,sleep-talk,machine,0,Regulation M-B,
376,"",Metagross,sludge-bomb,machine,0,Regulation M-B,
376,"",Metagross,snore,machine,0,Regulation M-B,
376,"",Metagross,stealth-rock,machine,0,Regulation M-B,
376,"",Metagross,steel-beam,machine,0,Regulation M-B,
376,"",Metagross,steel-roller,machine,0,Regulation M-B,
376,"",Metagross,stomping-tantrum,machine,0,Regulation M-B,
376,"",Metagross,stone-edge,machine,0,Regulation M-B,
376,"",Metagross,substitute,machine,0,Regulation M-B,
376,"",Metagross,sunny-day,machine,0,Regulation M-B,
376,"",Metagross,swagger,machine,0,Regulation M-B,
376,"",Metagross,thunder-punch,machine,0,Regulation M-B,
376,"",Metagross,trailblaze,machine,0,Regulation M-B,
376,"",Metagross,trick,machine,0,Regulation M-B,
376,"",Metagross,zen-headbutt,machine,0,Regulation M-B,
389,"",Torterra,amnesia,machine,0,Regulation M-A,
389,"",Torterra,attract,machine,0,Regulation M-A,
389,"",Torterra,bite,machine,0,Regulation M-A,
389,"",Torterra,body-press,machine,0,Regulation M-A,
389,"",Torterra,body-slam,machine,0,Regulation M-A,
389,"",Torterra,bulldoze,machine,0,Regulation M-A,
389,"",Torterra,bullet-seed,machine,0,Regulation M-A,
389,"",Torterra,crunch,machine,0,Regulation M-A,
389,"",Torterra,curse,machine,0,Regulation M-A,
389,"",Torterra,double-edge,machine,0,Regulation M-A,
389,"",Torterra,earth-power,machine,0,Regulation M-A,
389,"",Torterra,earthquake,machine,0,Regulation M-A,
389,"",Torterra,endure,machine,0,Regulation M-A,
389,"",Torterra,energy-ball,machine,0,Regulation M-A,
389,"",Torterra,facade,machine,0,Regulation M-A,
389,"",Torterra,frenzy-plant,machine,0,Regulation M-A,
389,"",Torterra,giga-drain,machine,0,Regulation M-A,
389,"",Torterra,giga-impact,machine,0,Regulation M-A,
389,"",Torterra,grass-knot,machine,0,Regulation M-A,
389,"",Torterra,grassy-glide,machine,0,Regulation M-A,
389,"",Torterra,grassy-terrain,machine,0,Regulation M-A,
389,"",Torterra,growth,machine,0,Regulation M-A,
389,"",Torterra,hard-press,machine,0,Regulation M-A,
389,"",Torterra,headlong-rush,machine,0,Regulation M-A,
389,"",Torterra,heavy-slam,machine,0,Regulation M-A,
389,"",Torterra,high-horsepower,machine,0,Regulation M-A,
389,"",Torterra,hyper-beam,machine,0,Regulation M-A,
389,"",Torterra,hyper-voice,machine,0,Regulation M-A,
389,"",Torterra,iron-defense,machine,0,Regulation M-A,
389,"",Torterra,iron-head,machine,0,Regulation M-A,
389,"",Torterra,leaf-storm,machine,0,Regulation M-A,
389,"",Torterra,leech-seed,machine,0,Regulation M-A,
389,"",Torterra,light-screen,machine,0,Regulation M-A,
389,"",Torterra,mud-shot,machine,0,Regulation M-A,
389,"",Torterra,mud-slap,machine,0,Regulation M-A,
389,"",Torterra,outrage,machine,0,Regulation M-A,
389,"",Torterra,protect,machine,0,Regulation M-A,
389,"",Torterra,reflect,machine,0,Regulation M-A,
389,"",Torterra,rest,machine,0,Regulation M-A,
389,"",Torterra,roar,machine,0,Regulation M-A,
389,"",Torterra,rock-blast,machine,0,Regulation M-A,
389,"",Torterra,rock-slide,machine,0,Regulation M-A,
389,"",Torterra,rock-tomb,machine,0,Regulation M-A,
389,"",Torterra,round,machine,0,Regulation M-A,
389,"",Torterra,sand-tomb,machine,0,Regulation M-A,
389,"",Torterra,sandstorm,machine,0,Regulation M-A,
389,"",Torterra,scary-face,machine,0,Regulation M-A,
389,"",Torterra,scorching-sands,machine,0,Regulation M-A,
389,"",Torterra,seed-bomb,machine,0,Regulation M-A,
389,"",Torterra,shell-smash,machine,0,Regulation M-A,
389,"",Torterra,sleep-talk,machine,0,Regulation M-A,
389,"",Torterra,smack-down,machine,0,Regulation M-A,
389,"",Torterra,snore,machine,0,Regulation M-A,
389,"",Torterra,solar-beam,machine,0,Regulation M-A,
389,"",Torterra,spit-up,machine,0,Regulation M-A,
389,"",Torterra,stealth-rock,machine,0,Regulation M-A,
389,"",Torterra,stockpile,machine,0,Regulation M-A,
389,"",Torterra,stomping-tantrum,machine,0,Regulation M-A,
389,"",Torterra,stone-edge,machine,0,Regulation M-A,
389,"",Torterra,substitute,machine,0,Regulation M-A,
389,"",Torterra,sunny-day,machine,0,Regulation M-A,
389,"",Torterra,superpower,machine,0,Regulation M-A,
389,"",Torterra,swallow,machine,0,Regulation M-A,
389,"",Torterra,swords-dance,machine,0,Regulation M-A,
389,"",Torterra,synthesis,machine,0,Regulation M-A,
389,"",Torterra,thrash,machine,0,Regulation M-A,
389,"",Torterra,tickle,machine,0,Regulation M-A,
389,"",Torterra,trailblaze,machine,0,Regulation M-A,
389,"",Torterra,wide-guard,machine,0,Regulation M-A,
389,"",Torterra,wood-hammer,machine,0,Regulation M-A,
389,"",Torterra,worry-seed,machine,0,Regulation M-A,
389,"",Torterra,zen-headbutt,machine,0,Regulation M-A,
392,"",Infernape,acrobatics,machine,0,Regulation M-A,
392,"",Infernape,aerial-ace,machine,0,Regulation M-A,
392,"",Infernape,agility,machine,0,Regulation M-A,
392,"",Infernape,attract,machine,0,Regulation M-A,
392,"",Infernape,aura-sphere,machine,0,Regulation M-A,
392,"",Infernape,blast-burn,machine,0,Regulation M-A,
392,"",Infernape,blaze-kick,machine,0,Regulation M-A,
392,"",Infernape,body-slam,machine,0,Regulation M-A,
392,"",Infernape,brick-break,machine,0,Regulation M-A,
392,"",Infernape,bulk-up,machine,0,Regulation M-A,
392,"",Infernape,bulldoze,machine,0,Regulation M-A,
392,"",Infernape,burning-jealousy,machine,0,Regulation M-A,
392,"",Infernape,calm-mind,machine,0,Regulation M-A,
392,"",Infernape,close-combat,machine,0,Regulation M-A,
392,"",Infernape,coaching,machine,0,Regulation M-A,
392,"",Infernape,counter,machine,0,Regulation M-A,
392,"",Infernape,dig,machine,0,Regulation M-A,
392,"",Infernape,double-edge,machine,0,Regulation M-A,
392,"",Infernape,drain-punch,machine,0,Regulation M-A,
392,"",Infernape,earthquake,machine,0,Regulation M-A,
392,"",Infernape,encore,machine,0,Regulation M-A,
392,"",Infernape,endeavor,machine,0,Regulation M-A,
392,"",Infernape,endure,machine,0,Regulation M-A,
392,"",Infernape,facade,machine,0,Regulation M-A,
392,"",Infernape,fake-out,machine,0,Regulation M-A,
392,"",Infernape,fake-tears,machine,0,Regulation M-A,
392,"",Infernape,feint,machine,0,Regulation M-A,
392,"",Infernape,fire-blast,machine,0,Regulation M-A,
392,"",Infernape,fire-punch,machine,0,Regulation M-A,
392,"",Infernape,fire-spin,machine,0,Regulation M-A,
392,"",Infernape,flame-charge,machine,0,Regulation M-A,
392,"",Infernape,flamethrower,machine,0,Regulation M-A,
392,"",Infernape,flare-blitz,machine,0,Regulation M-A,
392,"",Infernape,fling,machine,0,Regulation M-A,
392,"",Infernape,focus-blast,machine,0,Regulation M-A,
392,"",Infernape,focus-energy,machine,0,Regulation M-A,
392,"",Infernape,focus-punch,machine,0,Regulation M-A,
392,"",Infernape,giga-impact,machine,0,Regulation M-A,
392,"",Infernape,grass-knot,machine,0,Regulation M-A,
392,"",Infernape,gunk-shot,machine,0,Regulation M-A,
392,"",Infernape,heat-wave,machine,0,Regulation M-A,
392,"",Infernape,helping-hand,machine,0,Regulation M-A,
392,"",Infernape,hyper-beam,machine,0,Regulation M-A,
392,"",Infernape,iron-tail,machine,0,Regulation M-A,
392,"",Infernape,knock-off,machine,0,Regulation M-A,
392,"",Infernape,lash-out,machine,0,Regulation M-A,
392,"",Infernape,low-kick,machine,0,Regulation M-A,
392,"",Infernape,low-sweep,machine,0,Regulation M-A,
392,"",Infernape,mach-punch,machine,0,Regulation M-A,
392,"",Infernape,mud-slap,machine,0,Regulation M-A,
392,"",Infernape,nasty-plot,machine,0,Regulation M-A,
392,"",Infernape,overheat,machine,0,Regulation M-A,
392,"",Infernape,poison-jab,machine,0,Regulation M-A,
392,"",Infernape,protect,machine,0,Regulation M-A,
392,"",Infernape,psych-up,machine,0,Regulation M-A,
392,"",Infernape,raging-fury,machine,0,Regulation M-A,
392,"",Infernape,rest,machine,0,Regulation M-A,
392,"",Infernape,reversal,machine,0,Regulation M-A,
392,"",Infernape,roar,machine,0,Regulation M-A,
392,"",Infernape,rock-slide,machine,0,Regulation M-A,
392,"",Infernape,rock-tomb,machine,0,Regulation M-A,
392,"",Infernape,round,machine,0,Regulation M-A,
392,"",Infernape,scary-face,machine,0,Regulation M-A,
392,"",Infernape,scorching-sands,machine,0,Regulation M-A,
392,"",Infernape,shadow-claw,machine,0,Regulation M-A,
392,"",Infernape,slack-off,machine,0,Regulation M-A,
392,"",Infernape,sleep-talk,machine,0,Regulation M-A,
392,"",Infernape,smack-down,machine,0,Regulation M-A,
392,"",Infernape,snore,machine,0,Regulation M-A,
392,"",Infernape,solar-beam,machine,0,Regulation M-A,
392,"",Infernape,stealth-rock,machine,0,Regulation M-A,
392,"",Infernape,stone-edge,machine,0,Regulation M-A,
392,"",Infernape,substitute,machine,0,Regulation M-A,
392,"",Infernape,sunny-day,machine,0,Regulation M-A,
392,"",Infernape,switcheroo,machine,0,Regulation M-A,
392,"",Infernape,swords-dance,machine,0,Regulation M-A,
392,"",Infernape,taunt,machine,0,Regulation M-A,
392,"",Infernape,temper-flare,machine,0,Regulation M-A,
392,"",Infernape,thief,machine,0,Regulation M-A,
392,"",Infernape,throat-chop,machine,0,Regulation M-A,
392,"",Infernape,thunder-punch,machine,0,Regulation M-A,
392,"",Infernape,torment,machine,0,Regulation M-A,
392,"",Infernape,u-turn,machine,0,Regulation M-A,
392,"",Infernape,upper-hand,machine,0,Regulation M-A,
392,"",Infernape,uproar,machine,0,Regulation M-A,
392,"",Infernape,vacuum-wave,machine,0,Regulation M-A,
392,"",Infernape,will-o-wisp,machine,0,Regulation M-A,
392,"",Infernape,zen-headbutt,machine,0,Regulation M-A,
395,"",Empoleon,aerial-ace,machine,0,Regulation M-A,
395,"",Empoleon,agility,machine,0,Regulation M-A,
395,"",Empoleon,air-cutter,machine,0,Regulation M-A,
395,"",Empoleon,air-slash,machine,0,Regulation M-A,
395,"",Empoleon,aqua-jet,machine,0,Regulation M-A,
395,"",Empoleon,aqua-ring,machine,0,Regulation M-A,
395,"",Empoleon,attract,machine,0,Regulation M-A,
395,"",Empoleon,avalanche,machine,0,Regulation M-A,
395,"",Empoleon,blizzard,machine,0,Regulation M-A,
395,"",Empoleon,body-slam,machine,0,Regulation M-A,
395,"",Empoleon,brick-break,machine,0,Regulation M-A,
395,"",Empoleon,bulldoze,machine,0,Regulation M-A,
395,"",Empoleon,charm,machine,0,Regulation M-A,
395,"",Empoleon,chilling-water,machine,0,Regulation M-A,
395,"",Empoleon,dig,machine,0,Regulation M-A,
395,"",Empoleon,dive,machine,0,Regulation M-A,
395,"",Empoleon,double-edge,machine,0,Regulation M-A,
395,"",Empoleon,drill-peck,machine,0,Regulation M-A,
395,"",Empoleon,dual-wingbeat,machine,0,Regulation M-A,
395,"",Empoleon,earthquake,machine,0,Regulation M-A,
395,"",Empoleon,endure,machine,0,Regulation M-A,
395,"",Empoleon,facade,machine,0,Regulation M-A,
395,"",Empoleon,feather-dance,machine,0,Regulation M-A,
395,"",Empoleon,flash-cannon,machine,0,Regulation M-A,
395,"",Empoleon,fling,machine,0,Regulation M-A,
395,"",Empoleon,flip-turn,machine,0,Regulation M-A,
395,"",Empoleon,giga-impact,machine,0,Regulation M-A,
395,"",Empoleon,grass-knot,machine,0,Regulation M-A,
395,"",Empoleon,haze,machine,0,Regulation M-A,
395,"",Empoleon,helping-hand,machine,0,Regulation M-A,
395,"",Empoleon,hydro-cannon,machine,0,Regulation M-A,
395,"",Empoleon,hydro-pump,machine,0,Regulation M-A,
395,"",Empoleon,hyper-beam,machine,0,Regulation M-A,
395,"",Empoleon,ice-beam,machine,0,Regulation M-A,
395,"",Empoleon,ice-spinner,machine,0,Regulation M-A,
395,"",Empoleon,icy-wind,machine,0,Regulation M-A,
395,"",Empoleon,iron-defense,machine,0,Regulation M-A,
395,"",Empoleon,knock-off,machine,0,Regulation M-A,
395,"",Empoleon,lash-out,machine,0,Regulation M-A,
395,"",Empoleon,liquidation,machine,0,Regulation M-A,
395,"",Empoleon,metal-sound,machine,0,Regulation M-A,
395,"",Empoleon,mud-slap,machine,0,Regulation M-A,
395,"",Empoleon,power-trip,machine,0,Regulation M-A,
395,"",Empoleon,protect,machine,0,Regulation M-A,
395,"",Empoleon,psych-up,machine,0,Regulation M-A,
395,"",Empoleon,rain-dance,machine,0,Regulation M-A,
395,"",Empoleon,rest,machine,0,Regulation M-A,
395,"",Empoleon,roar,machine,0,Regulation M-A,
395,"",Empoleon,rock-slide,machine,0,Regulation M-A,
395,"",Empoleon,rock-tomb,machine,0,Regulation M-A,
395,"",Empoleon,roost,machine,0,Regulation M-A,
395,"",Empoleon,round,machine,0,Regulation M-A,
395,"",Empoleon,scary-face,machine,0,Regulation M-A,
395,"",Empoleon,shadow-claw,machine,0,Regulation M-A,
395,"",Empoleon,sleep-talk,machine,0,Regulation M-A,
395,"",Empoleon,snore,machine,0,Regulation M-A,
395,"",Empoleon,snowscape,machine,0,Regulation M-A,
395,"",Empoleon,stealth-rock,machine,0,Regulation M-A,
395,"",Empoleon,steel-beam,machine,0,Regulation M-A,
395,"",Empoleon,steel-wing,machine,0,Regulation M-A,
395,"",Empoleon,substitute,machine,0,Regulation M-A,
395,"",Empoleon,surf,machine,0,Regulation M-A,
395,"",Empoleon,swagger,machine,0,Regulation M-A,
395,"",Empoleon,swords-dance,machine,0,Regulation M-A,
395,"",Empoleon,throat-chop,machine,0,Regulation M-A,
395,"",Empoleon,triple-axel,machine,0,Regulation M-A,
395,"",Empoleon,uproar,machine,0,Regulation M-A,
395,"",Empoleon,vacuum-wave,machine,0,Regulation M-A,
395,"",Empoleon,water-pulse,machine,0,Regulation M-A,
395,"",Empoleon,waterfall,machine,0,Regulation M-A,
395,"",Empoleon,wave-crash,machine,0,Regulation M-A,
395,"",Empoleon,weather-ball,machine,0,Regulation M-A,
395,"",Empoleon,whirlpool,machine,0,Regulation M-A,
395,"",Empoleon,yawn,machine,0,Regulation M-A,
398,"",Staraptor,acrobatics,machine,0,Regulation M-B,
398,"",Staraptor,aerial-ace,machine,0,Regulation M-B,
398,"",Staraptor,agility,machine,0,Regulation M-B,
398,"",Staraptor,air-cutter,machine,0,Regulation M-B,
398,"",Staraptor,air-slash,machine,0,Regulation M-B,
398,"",Staraptor,blaze-kick,machine,0,Regulation M-B,
398,"",Staraptor,brave-bird,machine,0,Regulation M-B,
398,"",Staraptor,brick-break,machine,0,Regulation M-B,
398,"",Staraptor,bulk-up,machine,0,Regulation M-B,
398,"",Staraptor,close-combat,machine,0,Regulation M-B,
398,"",Staraptor,double-edge,machine,0,Regulation M-B,
398,"",Staraptor,double-team,machine,0,Regulation M-B,
398,"",Staraptor,dual-wingbeat,machine,0,Regulation M-B,
398,"",Staraptor,endeavor,machine,0,Regulation M-B,
398,"",Staraptor,endure,machine,0,Regulation M-B,
398,"",Staraptor,facade,machine,0,Regulation M-B,
398,"",Staraptor,feather-dance,machine,0,Regulation M-B,
398,"",Staraptor,final-gambit,machine,0,Regulation M-B,
398,"",Staraptor,fly,machine,0,Regulation M-B,
398,"",Staraptor,focus-blast,machine,0,Regulation M-B,
398,"",Staraptor,giga-impact,machine,0,Regulation M-B,
398,"",Staraptor,heat-wave,machine,0,Regulation M-B,
398,"",Staraptor,helping-hand,machine,0,Regulation M-B,
398,"",Staraptor,hurricane,machine,0,Regulation M-B,
398,"",Staraptor,hyper-beam,machine,0,Regulation M-B,
398,"",Staraptor,protect,machine,0,Regulation M-B,
398,"",Staraptor,quick-attack,machine,0,Regulation M-B,
398,"",Staraptor,rain-dance,machine,0,Regulation M-B,
398,"",Staraptor,rest,machine,0,Regulation M-B,
398,"",Staraptor,roost,machine,0,Regulation M-B,
398,"",Staraptor,round,machine,0,Regulation M-B,
398,"",Staraptor,sky-attack,machine,0,Regulation M-B,
398,"",Staraptor,sleep-talk,machine,0,Regulation M-B,
398,"",Staraptor,snore,machine,0,Regulation M-B,
398,"",Staraptor,steel-wing,machine,0,Regulation M-B,
398,"",Staraptor,substitute,machine,0,Regulation M-B,
398,"",Staraptor,sunny-day,machine,0,Regulation M-B,
398,"",Staraptor,swagger,machine,0,Regulation M-B,
398,"",Staraptor,tailwind,machine,0,Regulation M-B,
398,"",Staraptor,thief,machine,0,Regulation M-B,
398,"",Staraptor,u-turn,machine,0,Regulation M-B,
398,"",Staraptor,uproar,machine,0,Regulation M-B,
398,"",Staraptor,whirlwind,machine,0,Regulation M-B,
405,"",Luxray,agility,machine,0,Regulation M-A,
405,"",Luxray,baby-doll-eyes,machine,0,Regulation M-A,
405,"",Luxray,bite,machine,0,Regulation M-A,
405,"",Luxray,body-slam,machine,0,Regulation M-A,
405,"",Luxray,charge,machine,0,Regulation M-A,
405,"",Luxray,charge-beam,machine,0,Regulation M-A,
405,"",Luxray,confuse-ray,machine,0,Regulation M-A,
405,"",Luxray,crunch,machine,0,Regulation M-A,
405,"",Luxray,discharge,machine,0,Regulation M-A,
405,"",Luxray,double-edge,machine,0,Regulation M-A,
405,"",Luxray,eerie-impulse,machine,0,Regulation M-A,
405,"",Luxray,electric-terrain,machine,0,Regulation M-A,
405,"",Luxray,electro-ball,machine,0,Regulation M-A,
405,"",Luxray,electroweb,machine,0,Regulation M-A,
405,"",Luxray,endure,machine,0,Regulation M-A,
405,"",Luxray,facade,machine,0,Regulation M-A,
405,"",Luxray,fake-tears,machine,0,Regulation M-A,
405,"",Luxray,fire-fang,machine,0,Regulation M-A,
405,"",Luxray,giga-impact,machine,0,Regulation M-A,
405,"",Luxray,helping-hand,machine,0,Regulation M-A,
405,"",Luxray,howl,machine,0,Regulation M-A,
405,"",Luxray,hyper-beam,machine,0,Regulation M-A,
405,"",Luxray,ice-fang,machine,0,Regulation M-A,
405,"",Luxray,iron-tail,machine,0,Regulation M-A,
405,"",Luxray,light-screen,machine,0,Regulation M-A,
405,"",Luxray,night-slash,machine,0,Regulation M-A,
405,"",Luxray,play-rough,machine,0,Regulation M-A,
405,"",Luxray,protect,machine,0,Regulation M-A,
405,"",Luxray,psychic-fangs,machine,0,Regulation M-A,
405,"",Luxray,quick-attack,machine,0,Regulation M-A,
405,"",Luxray,rain-dance,machine,0,Regulation M-A,
405,"",Luxray,rest,machine,0,Regulation M-A,
405,"",Luxray,rising-voltage,machine,0,Regulation M-A,
405,"",Luxray,roar,machine,0,Regulation M-A,
405,"",Luxray,round,machine,0,Regulation M-A,
405,"",Luxray,scary-face,machine,0,Regulation M-A,
405,"",Luxray,sleep-talk,machine,0,Regulation M-A,
405,"",Luxray,snarl,machine,0,Regulation M-A,
405,"",Luxray,snore,machine,0,Regulation M-A,
405,"",Luxray,substitute,machine,0,Regulation M-A,
405,"",Luxray,sunny-day,machine,0,Regulation M-A,
405,"",Luxray,supercell-slam,machine,0,Regulation M-A,
405,"",Luxray,superpower,machine,0,Regulation M-A,
405,"",Luxray,swagger,machine,0,Regulation M-A,
405,"",Luxray,thief,machine,0,Regulation M-A,
405,"",Luxray,throat-chop,machine,0,Regulation M-A,
405,"",Luxray,thunder,machine,0,Regulation M-A,
405,"",Luxray,thunder-fang,machine,0,Regulation M-A,
405,"",Luxray,thunder-wave,machine,0,Regulation M-A,
405,"",Luxray,thunderbolt,machine,0,Regulation M-A,
405,"",Luxray,trailblaze,machine,0,Regulation M-A,
405,"",Luxray,volt-switch,machine,0,Regulation M-A,
405,"",Luxray,wild-charge,machine,0,Regulation M-A,
407,"",Roserade,attract,machine,0,Regulation M-A,
407,"",Roserade,body-slam,machine,0,Regulation M-A,
407,"",Roserade,bullet-seed,machine,0,Regulation M-A,
407,"",Roserade,charm,machine,0,Regulation M-A,
407,"",Roserade,cotton-spore,machine,0,Regulation M-A,
407,"",Roserade,dazzling-gleam,machine,0,Regulation M-A,
407,"",Roserade,endure,machine,0,Regulation M-A,
407,"",Roserade,energy-ball,machine,0,Regulation M-A,
407,"",Roserade,extrasensory,machine,0,Regulation M-A,
407,"",Roserade,facade,machine,0,Regulation M-A,
407,"",Roserade,giga-drain,machine,0,Regulation M-A,
407,"",Roserade,giga-impact,machine,0,Regulation M-A,
407,"",Roserade,grass-knot,machine,0,Regulation M-A,
407,"",Roserade,grassy-glide,machine,0,Regulation M-A,
407,"",Roserade,grassy-terrain,machine,0,Regulation M-A,
407,"",Roserade,growth,machine,0,Regulation M-A,
407,"",Roserade,hyper-beam,machine,0,Regulation M-A,
407,"",Roserade,ingrain,machine,0,Regulation M-A,
407,"",Roserade,leaf-storm,machine,0,Regulation M-A,
407,"",Roserade,leech-seed,machine,0,Regulation M-A,
407,"",Roserade,life-dew,machine,0,Regulation M-A,
407,"",Roserade,petal-blizzard,machine,0,Regulation M-A,
407,"",Roserade,petal-dance,machine,0,Regulation M-A,
407,"",Roserade,pin-missile,machine,0,Regulation M-A,
407,"",Roserade,poison-jab,machine,0,Regulation M-A,
407,"",Roserade,power-whip,machine,0,Regulation M-A,
407,"",Roserade,protect,machine,0,Regulation M-A,
407,"",Roserade,rain-dance,machine,0,Regulation M-A,
407,"",Roserade,rest,machine,0,Regulation M-A,
407,"",Roserade,round,machine,0,Regulation M-A,
407,"",Roserade,seed-bomb,machine,0,Regulation M-A,
407,"",Roserade,shadow-ball,machine,0,Regulation M-A,
407,"",Roserade,sleep-powder,machine,0,Regulation M-A,
407,"",Roserade,sleep-talk,machine,0,Regulation M-A,
407,"",Roserade,sludge-bomb,machine,0,Regulation M-A,
407,"",Roserade,snore,machine,0,Regulation M-A,
407,"",Roserade,solar-beam,machine,0,Regulation M-A,
407,"",Roserade,spikes,machine,0,Regulation M-A,
407,"",Roserade,stun-spore,machine,0,Regulation M-A,
407,"",Roserade,substitute,machine,0,Regulation M-A,
407,"",Roserade,sunny-day,machine,0,Regulation M-A,
407,"",Roserade,sweet-scent,machine,0,Regulation M-A,
407,"",Roserade,swords-dance,machine,0,Regulation M-A,
407,"",Roserade,synthesis,machine,0,Regulation M-A,
407,"",Roserade,toxic,machine,0,Regulation M-A,
407,"",Roserade,toxic-spikes,machine,0,Regulation M-A,
407,"",Roserade,trailblaze,machine,0,Regulation M-A,
407,"",Roserade,uproar,machine,0,Regulation M-A,
407,"",Roserade,venoshock,machine,0,Regulation M-A,
407,"",Roserade,weather-ball,machine,0,Regulation M-A,
407,"",Roserade,worry-seed,machine,0,Regulation M-A,
409,"",Rampardos,ancient-power,machine,0,Regulation M-A,
409,"",Rampardos,assurance,machine,0,Regulation M-A,
409,"",Rampardos,attract,machine,0,Regulation M-A,
409,"",Rampardos,avalanche,machine,0,Regulation M-A,
409,"",Rampardos,blizzard,machine,0,Regulation M-A,
409,"",Rampardos,body-press,machine,0,Regulation M-A,
409,"",Rampardos,body-slam,machine,0,Regulation M-A,
409,"",Rampardos,breaking-swipe,machine,0,Regulation M-A,
409,"",Rampardos,brick-break,machine,0,Regulation M-A,
409,"",Rampardos,bulldoze,machine,0,Regulation M-A,
409,"",Rampardos,crunch,machine,0,Regulation M-A,
409,"",Rampardos,curse,machine,0,Regulation M-A,
409,"",Rampardos,dig,machine,0,Regulation M-A,
409,"",Rampardos,double-edge,machine,0,Regulation M-A,
409,"",Rampardos,dragon-cheer,machine,0,Regulation M-A,
409,"",Rampardos,dragon-claw,machine,0,Regulation M-A,
409,"",Rampardos,dragon-pulse,machine,0,Regulation M-A,
409,"",Rampardos,dragon-tail,machine,0,Regulation M-A,
409,"",Rampardos,earth-power,machine,0,Regulation M-A,
409,"",Rampardos,earthquake,machine,0,Regulation M-A,
409,"",Rampardos,endeavor,machine,0,Regulation M-A,
409,"",Rampardos,endure,machine,0,Regulation M-A,
409,"",Rampardos,facade,machine,0,Regulation M-A,
409,"",Rampardos,fire-blast,machine,0,Regulation M-A,
409,"",Rampardos,fire-punch,machine,0,Regulation M-A,
409,"",Rampardos,flamethrower,machine,0,Regulation M-A,
409,"",Rampardos,fling,machine,0,Regulation M-A,
409,"",Rampardos,focus-blast,machine,0,Regulation M-A,
409,"",Rampardos,focus-energy,machine,0,Regulation M-A,
409,"",Rampardos,focus-punch,machine,0,Regulation M-A,
409,"",Rampardos,giga-impact,machine,0,Regulation M-A,
409,"",Rampardos,hammer-arm,machine,0,Regulation M-A,
409,"",Rampardos,head-smash,machine,0,Regulation M-A,
409,"",Rampardos,heavy-slam,machine,0,Regulation M-A,
409,"",Rampardos,hyper-beam,machine,0,Regulation M-A,
409,"",Rampardos,ice-beam,machine,0,Regulation M-A,
409,"",Rampardos,iron-head,machine,0,Regulation M-A,
409,"",Rampardos,iron-tail,machine,0,Regulation M-A,
409,"",Rampardos,meteor-beam,machine,0,Regulation M-A,
409,"",Rampardos,mud-slap,machine,0,Regulation M-A,
409,"",Rampardos,outrage,machine,0,Regulation M-A,
409,"",Rampardos,payback,machine,0,Regulation M-A,
409,"",Rampardos,protect,machine,0,Regulation M-A,
409,"",Rampardos,rain-dance,machine,0,Regulation M-A,
409,"",Rampardos,rest,machine,0,Regulation M-A,
409,"",Rampardos,roar,machine,0,Regulation M-A,
409,"",Rampardos,rock-blast,machine,0,Regulation M-A,
409,"",Rampardos,rock-slide,machine,0,Regulation M-A,
409,"",Rampardos,rock-tomb,machine,0,Regulation M-A,
409,"",Rampardos,round,machine,0,Regulation M-A,
409,"",Rampardos,sandstorm,machine,0,Regulation M-A,
409,"",Rampardos,scary-face,machine,0,Regulation M-A,
409,"",Rampardos,screech,machine,0,Regulation M-A,
409,"",Rampardos,sleep-talk,machine,0,Regulation M-A,
409,"",Rampardos,smack-down,machine,0,Regulation M-A,
409,"",Rampardos,snore,machine,0,Regulation M-A,
409,"",Rampardos,stealth-rock,machine,0,Regulation M-A,
409,"",Rampardos,stomping-tantrum,machine,0,Regulation M-A,
409,"",Rampardos,stone-edge,machine,0,Regulation M-A,
409,"",Rampardos,substitute,machine,0,Regulation M-A,
409,"",Rampardos,sunny-day,machine,0,Regulation M-A,
409,"",Rampardos,supercell-slam,machine,0,Regulation M-A,
409,"",Rampardos,superpower,machine,0,Regulation M-A,
409,"",Rampardos,surf,machine,0,Regulation M-A,
409,"",Rampardos,swords-dance,machine,0,Regulation M-A,
409,"",Rampardos,thief,machine,0,Regulation M-A,
409,"",Rampardos,thrash,machine,0,Regulation M-A,
409,"",Rampardos,thunder,machine,0,Regulation M-A,
409,"",Rampardos,thunder-punch,machine,0,Regulation M-A,
409,"",Rampardos,thunderbolt,machine,0,Regulation M-A,
409,"",Rampardos,trailblaze,machine,0,Regulation M-A,
409,"",Rampardos,uproar,machine,0,Regulation M-A,
409,"",Rampardos,whirlwind,machine,0,Regulation M-A,
409,"",Rampardos,zen-headbutt,machine,0,Regulation M-A,
411,"",Bastiodon,ancient-power,machine,0,Regulation M-A,
411,"",Bastiodon,attract,machine,0,Regulation M-A,
411,"",Bastiodon,avalanche,machine,0,Regulation M-A,
411,"",Bastiodon,blizzard,machine,0,Regulation M-A,
411,"",Bastiodon,block,machine,0,Regulation M-A,
411,"",Bastiodon,body-press,machine,0,Regulation M-A,
411,"",Bastiodon,body-slam,machine,0,Regulation M-A,
411,"",Bastiodon,bulldoze,machine,0,Regulation M-A,
411,"",Bastiodon,counter,machine,0,Regulation M-A,
411,"",Bastiodon,curse,machine,0,Regulation M-A,
411,"",Bastiodon,dig,machine,0,Regulation M-A,
411,"",Bastiodon,double-edge,machine,0,Regulation M-A,
411,"",Bastiodon,earth-power,machine,0,Regulation M-A,
411,"",Bastiodon,earthquake,machine,0,Regulation M-A,
411,"",Bastiodon,endure,machine,0,Regulation M-A,
411,"",Bastiodon,facade,machine,0,Regulation M-A,
411,"",Bastiodon,fire-blast,machine,0,Regulation M-A,
411,"",Bastiodon,fissure,machine,0,Regulation M-A,
411,"",Bastiodon,flamethrower,machine,0,Regulation M-A,
411,"",Bastiodon,flash-cannon,machine,0,Regulation M-A,
411,"",Bastiodon,focus-energy,machine,0,Regulation M-A,
411,"",Bastiodon,foul-play,machine,0,Regulation M-A,
411,"",Bastiodon,giga-impact,machine,0,Regulation M-A,
411,"",Bastiodon,guard-split,machine,0,Regulation M-A,
411,"",Bastiodon,hard-press,machine,0,Regulation M-A,
411,"",Bastiodon,heavy-slam,machine,0,Regulation M-A,
411,"",Bastiodon,hyper-beam,machine,0,Regulation M-A,
411,"",Bastiodon,ice-beam,machine,0,Regulation M-A,
411,"",Bastiodon,iron-defense,machine,0,Regulation M-A,
411,"",Bastiodon,iron-head,machine,0,Regulation M-A,
411,"",Bastiodon,iron-tail,machine,0,Regulation M-A,
411,"",Bastiodon,metal-burst,machine,0,Regulation M-A,
411,"",Bastiodon,metal-sound,machine,0,Regulation M-A,
411,"",Bastiodon,meteor-beam,machine,0,Regulation M-A,
411,"",Bastiodon,mud-slap,machine,0,Regulation M-A,
411,"",Bastiodon,outrage,machine,0,Regulation M-A,
411,"",Bastiodon,power-gem,machine,0,Regulation M-A,
411,"",Bastiodon,protect,machine,0,Regulation M-A,
411,"",Bastiodon,rain-dance,machine,0,Regulation M-A,
411,"",Bastiodon,reflect,machine,0,Regulation M-A,
411,"",Bastiodon,rest,machine,0,Regulation M-A,
411,"",Bastiodon,reversal,machine,0,Regulation M-A,
411,"",Bastiodon,roar,machine,0,Regulation M-A,
411,"",Bastiodon,rock-blast,machine,0,Regulation M-A,
411,"",Bastiodon,rock-slide,machine,0,Regulation M-A,
411,"",Bastiodon,rock-tomb,machine,0,Regulation M-A,
411,"",Bastiodon,round,machine,0,Regulation M-A,
411,"",Bastiodon,sand-tomb,machine,0,Regulation M-A,
411,"",Bastiodon,sandstorm,machine,0,Regulation M-A,
411,"",Bastiodon,scary-face,machine,0,Regulation M-A,
411,"",Bastiodon,scorching-sands,machine,0,Regulation M-A,
411,"",Bastiodon,screech,machine,0,Regulation M-A,
411,"",Bastiodon,sleep-talk,machine,0,Regulation M-A,
411,"",Bastiodon,smack-down,machine,0,Regulation M-A,
411,"",Bastiodon,snore,machine,0,Regulation M-A,
411,"",Bastiodon,stealth-rock,machine,0,Regulation M-A,
411,"",Bastiodon,steel-beam,machine,0,Regulation M-A,
411,"",Bastiodon,steel-roller,machine,0,Regulation M-A,
411,"",Bastiodon,stomping-tantrum,machine,0,Regulation M-A,
411,"",Bastiodon,stone-edge,machine,0,Regulation M-A,
411,"",Bastiodon,substitute,machine,0,Regulation M-A,
411,"",Bastiodon,sunny-day,machine,0,Regulation M-A,
411,"",Bastiodon,swagger,machine,0,Regulation M-A,
411,"",Bastiodon,taunt,machine,0,Regulation M-A,
411,"",Bastiodon,thunder,machine,0,Regulation M-A,
411,"",Bastiodon,thunderbolt,machine,0,Regulation M-A,
411,"",Bastiodon,trailblaze,machine,0,Regulation M-A,
411,"",Bastiodon,wide-guard,machine,0,Regulation M-A,
428,"",Lopunny,acrobatics,machine,0,Regulation M-A,
428,"",Lopunny,after-you,machine,0,Regulation M-A,
428,"",Lopunny,agility,machine,0,Regulation M-A,
428,"",Lopunny,assurance,machine,0,Regulation M-A,
428,"",Lopunny,attract,machine,0,Regulation M-A,
428,"",Lopunny,aura-sphere,machine,0,Regulation M-A,
428,"",Lopunny,baby-doll-eyes,machine,0,Regulation M-A,
428,"",Lopunny,baton-pass,machine,0,Regulation M-A,
428,"",Lopunny,blizzard,machine,0,Regulation M-A,
428,"",Lopunny,bounce,machine,0,Regulation M-A,
428,"",Lopunny,brutal-swing,machine,0,Regulation M-A,
428,"",Lopunny,charm,machine,0,Regulation M-A,
428,"",Lopunny,circle-throw,machine,0,Regulation M-A,
428,"",Lopunny,close-combat,machine,0,Regulation M-A,
428,"",Lopunny,copycat,machine,0,Regulation M-A,
428,"",Lopunny,cosmic-power,machine,0,Regulation M-A,
428,"",Lopunny,cotton-guard,machine,0,Regulation M-A,
428,"",Lopunny,dig,machine,0,Regulation M-A,
428,"",Lopunny,double-hit,machine,0,Regulation M-A,
428,"",Lopunny,drain-punch,machine,0,Regulation M-A,
428,"",Lopunny,draining-kiss,machine,0,Regulation M-A,
428,"",Lopunny,dynamic-punch,machine,0,Regulation M-A,
428,"",Lopunny,encore,machine,0,Regulation M-A,
428,"",Lopunny,endure,machine,0,Regulation M-A,
428,"",Lopunny,entrainment,machine,0,Regulation M-A,
428,"",Lopunny,facade,machine,0,Regulation M-A,
428,"",Lopunny,fake-out,machine,0,Regulation M-A,
428,"",Lopunny,fake-tears,machine,0,Regulation M-A,
428,"",Lopunny,fire-punch,machine,0,Regulation M-A,
428,"",Lopunny,flail,machine,0,Regulation M-A,
428,"",Lopunny,flatter,machine,0,Regulation M-A,
428,"",Lopunny,fling,machine,0,Regulation M-A,
428,"",Lopunny,focus-blast,machine,0,Regulation M-A,
428,"",Lopunny,focus-punch,machine,0,Regulation M-A,
428,"",Lopunny,giga-impact,machine,0,Regulation M-A,
428,"",Lopunny,grass-knot,machine,0,Regulation M-A,
428,"",Lopunny,healing-wish,machine,0,Regulation M-A,
428,"",Lopunny,helping-hand,machine,0,Regulation M-A,
428,"",Lopunny,high-jump-kick,machine,0,Regulation M-A,
428,"",Lopunny,hyper-beam,machine,0,Regulation M-A,
428,"",Lopunny,hyper-voice,machine,0,Regulation M-A,
428,"",Lopunny,ice-beam,machine,0,Regulation M-A,
428,"",Lopunny,ice-punch,machine,0,Regulation M-A,
428,"",Lopunny,iron-tail,machine,0,Regulation M-A,
428,"",Lopunny,low-kick,machine,0,Regulation M-A,
428,"",Lopunny,low-sweep,machine,0,Regulation M-A,
428,"",Lopunny,mach-punch,machine,0,Regulation M-A,
428,"",Lopunny,mega-kick,machine,0,Regulation M-A,
428,"",Lopunny,mirror-coat,machine,0,Regulation M-A,
428,"",Lopunny,payback,machine,0,Regulation M-A,
428,"",Lopunny,play-rough,machine,0,Regulation M-A,
428,"",Lopunny,pounce,machine,0,Regulation M-A,
428,"",Lopunny,protect,machine,0,Regulation M-A,
428,"",Lopunny,quick-attack,machine,0,Regulation M-A,
428,"",Lopunny,rain-dance,machine,0,Regulation M-A,
428,"",Lopunny,rest,machine,0,Regulation M-A,
428,"",Lopunny,reversal,machine,0,Regulation M-A,
428,"",Lopunny,round,machine,0,Regulation M-A,
428,"",Lopunny,shadow-ball,machine,0,Regulation M-A,
428,"",Lopunny,sleep-talk,machine,0,Regulation M-A,
428,"",Lopunny,snore,machine,0,Regulation M-A,
428,"",Lopunny,solar-beam,machine,0,Regulation M-A,
428,"",Lopunny,substitute,machine,0,Regulation M-A,
428,"",Lopunny,sunny-day,machine,0,Regulation M-A,
428,"",Lopunny,sweet-kiss,machine,0,Regulation M-A,
428,"",Lopunny,switcheroo,machine,0,Regulation M-A,
428,"",Lopunny,swords-dance,machine,0,Regulation M-A,
428,"",Lopunny,teeter-dance,machine,0,Regulation M-A,
428,"",Lopunny,thunder,machine,0,Regulation M-A,
428,"",Lopunny,thunder-punch,machine,0,Regulation M-A,
428,"",Lopunny,thunder-wave,machine,0,Regulation M-A,
428,"",Lopunny,thunderbolt,machine,0,Regulation M-A,
428,"",Lopunny,trailblaze,machine,0,Regulation M-A,
428,"",Lopunny,triple-axel,machine,0,Regulation M-A,
428,"",Lopunny,u-turn,machine,0,Regulation M-A,
428,"",Lopunny,uproar,machine,0,Regulation M-A,
442,"",Spiritomb,ally-switch,machine,0,Regulation M-A,
442,"",Spiritomb,body-slam,machine,0,Regulation M-A,
442,"",Spiritomb,burning-jealousy,machine,0,Regulation M-A,
442,"",Spiritomb,calm-mind,machine,0,Regulation M-A,
442,"",Spiritomb,confuse-ray,machine,0,Regulation M-A,
442,"",Spiritomb,curse,machine,0,Regulation M-A,
442,"",Spiritomb,dark-pulse,machine,0,Regulation M-A,
442,"",Spiritomb,destiny-bond,machine,0,Regulation M-A,
442,"",Spiritomb,disable,machine,0,Regulation M-A,
442,"",Spiritomb,endure,machine,0,Regulation M-A,
442,"",Spiritomb,facade,machine,0,Regulation M-A,
442,"",Spiritomb,foul-play,machine,0,Regulation M-A,
442,"",Spiritomb,giga-impact,machine,0,Regulation M-A,
442,"",Spiritomb,helping-hand,machine,0,Regulation M-A,
442,"",Spiritomb,hex,machine,0,Regulation M-A,
442,"",Spiritomb,hyper-beam,machine,0,Regulation M-A,
442,"",Spiritomb,hypnosis,machine,0,Regulation M-A,
442,"",Spiritomb,icy-wind,machine,0,Regulation M-A,
442,"",Spiritomb,imprison,machine,0,Regulation M-A,
442,"",Spiritomb,lash-out,machine,0,Regulation M-A,
442,"",Spiritomb,memento,machine,0,Regulation M-A,
442,"",Spiritomb,nasty-plot,machine,0,Regulation M-A,
442,"",Spiritomb,night-shade,machine,0,Regulation M-A,
442,"",Spiritomb,pain-split,machine,0,Regulation M-A,
442,"",Spiritomb,payback,machine,0,Regulation M-A,
442,"",Spiritomb,phantom-force,machine,0,Regulation M-A,
442,"",Spiritomb,poltergeist,machine,0,Regulation M-A,
442,"",Spiritomb,protect,machine,0,Regulation M-A,
442,"",Spiritomb,psychic,machine,0,Regulation M-A,
442,"",Spiritomb,psyshock,machine,0,Regulation M-A,
442,"",Spiritomb,rain-dance,machine,0,Regulation M-A,
442,"",Spiritomb,rest,machine,0,Regulation M-A,
442,"",Spiritomb,rock-tomb,machine,0,Regulation M-A,
442,"",Spiritomb,round,machine,0,Regulation M-A,
442,"",Spiritomb,scary-face,machine,0,Regulation M-A,
442,"",Spiritomb,shadow-ball,machine,0,Regulation M-A,
442,"",Spiritomb,shadow-sneak,machine,0,Regulation M-A,
442,"",Spiritomb,skill-swap,machine,0,Regulation M-A,
442,"",Spiritomb,sleep-talk,machine,0,Regulation M-A,
442,"",Spiritomb,snarl,machine,0,Regulation M-A,
442,"",Spiritomb,snore,machine,0,Regulation M-A,
442,"",Spiritomb,spite,machine,0,Regulation M-A,
442,"",Spiritomb,stored-power,machine,0,Regulation M-A,
442,"",Spiritomb,substitute,machine,0,Regulation M-A,
442,"",Spiritomb,sucker-punch,machine,0,Regulation M-A,
442,"",Spiritomb,sunny-day,machine,0,Regulation M-A,
442,"",Spiritomb,taunt,machine,0,Regulation M-A,
442,"",Spiritomb,thief,machine,0,Regulation M-A,
442,"",Spiritomb,toxic,machine,0,Regulation M-A,
442,"",Spiritomb,trick,machine,0,Regulation M-A,
442,"",Spiritomb,trick-room,machine,0,Regulation M-A,
442,"",Spiritomb,uproar,machine,0,Regulation M-A,
442,"",Spiritomb,will-o-wisp,machine,0,Regulation M-A,
442,"",Spiritomb,wonder-room,machine,0,Regulation M-A,
445,"",Garchomp,aerial-ace,machine,0,Regulation M-A,
445,"",Garchomp,bite,machine,0,Regulation M-A,
445,"",Garchomp,body-slam,machine,0,Regulation M-A,
445,"",Garchomp,breaking-swipe,machine,0,Regulation M-A,
445,"",Garchomp,brick-break,machine,0,Regulation M-A,
445,"",Garchomp,brutal-swing,machine,0,Regulation M-A,
445,"",Garchomp,bulldoze,machine,0,Regulation M-A,
445,"",Garchomp,crunch,machine,0,Regulation M-A,
445,"",Garchomp,dig,machine,0,Regulation M-A,
445,"",Garchomp,double-edge,machine,0,Regulation M-A,
445,"",Garchomp,draco-meteor,machine,0,Regulation M-A,
445,"",Garchomp,dragon-cheer,machine,0,Regulation M-A,
445,"",Garchomp,dragon-claw,machine,0,Regulation M-A,
445,"",Garchomp,dragon-pulse,machine,0,Regulation M-A,
445,"",Garchomp,dragon-rush,machine,0,Regulation M-A,
445,"",Garchomp,dragon-tail,machine,0,Regulation M-A,
445,"",Garchomp,earth-power,machine,0,Regulation M-A,
445,"",Garchomp,earthquake,machine,0,Regulation M-A,
445,"",Garchomp,endure,machine,0,Regulation M-A,
445,"",Garchomp,facade,machine,0,Regulation M-A,
445,"",Garchomp,fire-blast,machine,0,Regulation M-A,
445,"",Garchomp,fire-fang,machine,0,Regulation M-A,
445,"",Garchomp,flamethrower,machine,0,Regulation M-A,
445,"",Garchomp,fling,machine,0,Regulation M-A,
445,"",Garchomp,giga-impact,machine,0,Regulation M-A,
445,"",Garchomp,helping-hand,machine,0,Regulation M-A,
445,"",Garchomp,hyper-beam,machine,0,Regulation M-A,
445,"",Garchomp,iron-head,machine,0,Regulation M-A,
445,"",Garchomp,iron-tail,machine,0,Regulation M-A,
445,"",Garchomp,liquidation,machine,0,Regulation M-A,
445,"",Garchomp,mud-shot,machine,0,Regulation M-A,
445,"",Garchomp,outrage,machine,0,Regulation M-A,
445,"",Garchomp,poison-jab,machine,0,Regulation M-A,
445,"",Garchomp,power-gem,machine,0,Regulation M-A,
445,"",Garchomp,protect,machine,0,Regulation M-A,
445,"",Garchomp,rain-dance,machine,0,Regulation M-A,
445,"",Garchomp,rest,machine,0,Regulation M-A,
445,"",Garchomp,rock-slide,machine,0,Regulation M-A,
445,"",Garchomp,rock-tomb,machine,0,Regulation M-A,
445,"",Garchomp,round,machine,0,Regulation M-A,
445,"",Garchomp,sand-tomb,machine,0,Regulation M-A,
445,"",Garchomp,sandstorm,machine,0,Regulation M-A,
445,"",Garchomp,scale-shot,machine,0,Regulation M-A,
445,"",Garchomp,scary-face,machine,0,Regulation M-A,
445,"",Garchomp,scorching-sands,machine,0,Regulation M-A,
445,"",Garchomp,shadow-claw,machine,0,Regulation M-A,
445,"",Garchomp,sleep-talk,machine,0,Regulation M-A,
445,"",Garchomp,snore,machine,0,Regulation M-A,
445,"",Garchomp,spikes,machine,0,Regulation M-A,
445,"",Garchomp,stealth-rock,machine,0,Regulation M-A,
445,"",Garchomp,stomping-tantrum,machine,0,Regulation M-A,
445,"",Garchomp,stone-edge,machine,0,Regulation M-A,
445,"",Garchomp,substitute,machine,0,Regulation M-A,
445,"",Garchomp,sunny-day,machine,0,Regulation M-A,
445,"",Garchomp,surf,machine,0,Regulation M-A,
445,"",Garchomp,swords-dance,machine,0,Regulation M-A,
445,"",Garchomp,thrash,machine,0,Regulation M-A,
445,"",Garchomp,thunder-fang,machine,0,Regulation M-A,
448,"",Lucario,aerial-ace,machine,0,Regulation M-A,
448,"",Lucario,agility,machine,0,Regulation M-A,
448,"",Lucario,aura-sphere,machine,0,Regulation M-A,
448,"",Lucario,bite,machine,0,Regulation M-A,
448,"",Lucario,blaze-kick,machine,0,Regulation M-A,
448,"",Lucario,body-slam,machine,0,Regulation M-A,
448,"",Lucario,bone-rush,machine,0,Regulation M-A,
448,"",Lucario,brick-break,machine,0,Regulation M-A,
448,"",Lucario,bulk-up,machine,0,Regulation M-A,
448,"",Lucario,bulldoze,machine,0,Regulation M-A,
448,"",Lucario,bullet-punch,machine,0,Regulation M-A,
448,"",Lucario,calm-mind,machine,0,Regulation M-A,
448,"",Lucario,circle-throw,machine,0,Regulation M-A,
448,"",Lucario,close-combat,machine,0,Regulation M-A,
448,"",Lucario,coaching,machine,0,Regulation M-A,
448,"",Lucario,copycat,machine,0,Regulation M-A,
448,"",Lucario,counter,machine,0,Regulation M-A,
448,"",Lucario,cross-chop,machine,0,Regulation M-A,
448,"",Lucario,crunch,machine,0,Regulation M-A,
448,"",Lucario,dark-pulse,machine,0,Regulation M-A,
448,"",Lucario,detect,machine,0,Regulation M-A,
448,"",Lucario,dig,machine,0,Regulation M-A,
448,"",Lucario,dragon-pulse,machine,0,Regulation M-A,
448,"",Lucario,drain-punch,machine,0,Regulation M-A,
448,"",Lucario,earthquake,machine,0,Regulation M-A,
448,"",Lucario,endure,machine,0,Regulation M-A,
448,"",Lucario,extreme-speed,machine,0,Regulation M-A,
448,"",Lucario,facade,machine,0,Regulation M-A,
448,"",Lucario,feint,machine,0,Regulation M-A,
448,"",Lucario,final-gambit,machine,0,Regulation M-A,
448,"",Lucario,flash-cannon,machine,0,Regulation M-A,
448,"",Lucario,fling,machine,0,Regulation M-A,
448,"",Lucario,focus-blast,machine,0,Regulation M-A,
448,"",Lucario,focus-energy,machine,0,Regulation M-A,
448,"",Lucario,focus-punch,machine,0,Regulation M-A,
448,"",Lucario,giga-impact,machine,0,Regulation M-A,
448,"",Lucario,heal-pulse,machine,0,Regulation M-A,
448,"",Lucario,helping-hand,machine,0,Regulation M-A,
448,"",Lucario,high-jump-kick,machine,0,Regulation M-A,
448,"",Lucario,howl,machine,0,Regulation M-A,
448,"",Lucario,hyper-beam,machine,0,Regulation M-A,
448,"",Lucario,ice-punch,machine,0,Regulation M-A,
448,"",Lucario,iron-defense,machine,0,Regulation M-A,
448,"",Lucario,iron-tail,machine,0,Regulation M-A,
448,"",Lucario,life-dew,machine,0,Regulation M-A,
448,"",Lucario,low-kick,machine,0,Regulation M-A,
448,"",Lucario,low-sweep,machine,0,Regulation M-A,
448,"",Lucario,mega-kick,machine,0,Regulation M-A,
448,"",Lucario,metal-sound,machine,0,Regulation M-A,
448,"",Lucario,meteor-mash,machine,0,Regulation M-A,
448,"",Lucario,nasty-plot,machine,0,Regulation M-A,
448,"",Lucario,payback,machine,0,Regulation M-A,
448,"",Lucario,poison-jab,machine,0,Regulation M-A,
448,"",Lucario,protect,machine,0,Regulation M-A,
448,"",Lucario,psych-up,machine,0,Regulation M-A,
448,"",Lucario,psychic,machine,0,Regulation M-A,
448,"",Lucario,quick-attack,machine,0,Regulation M-A,
448,"",Lucario,quick-guard,machine,0,Regulation M-A,
448,"",Lucario,rain-dance,machine,0,Regulation M-A,
448,"",Lucario,rest,machine,0,Regulation M-A,
448,"",Lucario,reversal,machine,0,Regulation M-A,
448,"",Lucario,roar,machine,0,Regulation M-A,
448,"",Lucario,rock-slide,machine,0,Regulation M-A,
448,"",Lucario,rock-tomb,machine,0,Regulation M-A,
448,"",Lucario,round,machine,0,Regulation M-A,
448,"",Lucario,scary-face,machine,0,Regulation M-A,
448,"",Lucario,screech,machine,0,Regulation M-A,
448,"",Lucario,shadow-ball,machine,0,Regulation M-A,
448,"",Lucario,shadow-claw,machine,0,Regulation M-A,
448,"",Lucario,sleep-talk,machine,0,Regulation M-A,
448,"",Lucario,snore,machine,0,Regulation M-A,
448,"",Lucario,steel-beam,machine,0,Regulation M-A,
448,"",Lucario,stone-edge,machine,0,Regulation M-A,
448,"",Lucario,substitute,machine,0,Regulation M-A,
448,"",Lucario,sunny-day,machine,0,Regulation M-A,
448,"",Lucario,swords-dance,machine,0,Regulation M-A,
448,"",Lucario,terrain-pulse,machine,0,Regulation M-A,
448,"",Lucario,thunder-punch,machine,0,Regulation M-A,
448,"",Lucario,trailblaze,machine,0,Regulation M-A,
448,"",Lucario,upper-hand,machine,0,Regulation M-A,
448,"",Lucario,vacuum-wave,machine,0,Regulation M-A,
448,"",Lucario,water-pulse,machine,0,Regulation M-A,
448,"",Lucario,zen-headbutt,machine,0,Regulation M-A,
450,"",Hippowdon,amnesia,machine,0,Regulation M-A,
450,"",Hippowdon,bite,machine,0,Regulation M-A,
450,"",Hippowdon,body-press,machine,0,Regulation M-A,
450,"",Hippowdon,body-slam,machine,0,Regulation M-A,
450,"",Hippowdon,bulldoze,machine,0,Regulation M-A,
450,"",Hippowdon,crunch,machine,0,Regulation M-A,
450,"",Hippowdon,curse,machine,0,Regulation M-A,
450,"",Hippowdon,dig,machine,0,Regulation M-A,
450,"",Hippowdon,double-edge,machine,0,Regulation M-A,
450,"",Hippowdon,earth-power,machine,0,Regulation M-A,
450,"",Hippowdon,earthquake,machine,0,Regulation M-A,
450,"",Hippowdon,endure,machine,0,Regulation M-A,
450,"",Hippowdon,facade,machine,0,Regulation M-A,
450,"",Hippowdon,fire-fang,machine,0,Regulation M-A,
450,"",Hippowdon,fissure,machine,0,Regulation M-A,
450,"",Hippowdon,giga-impact,machine,0,Regulation M-A,
450,"",Hippowdon,hard-press,machine,0,Regulation M-A,
450,"",Hippowdon,heavy-slam,machine,0,Regulation M-A,
450,"",Hippowdon,helping-hand,machine,0,Regulation M-A,
450,"",Hippowdon,high-horsepower,machine,0,Regulation M-A,
450,"",Hippowdon,hyper-beam,machine,0,Regulation M-A,
450,"",Hippowdon,hyper-voice,machine,0,Regulation M-A,
450,"",Hippowdon,ice-fang,machine,0,Regulation M-A,
450,"",Hippowdon,iron-head,machine,0,Regulation M-A,
450,"",Hippowdon,mud-shot,machine,0,Regulation M-A,
450,"",Hippowdon,mud-slap,machine,0,Regulation M-A,
450,"",Hippowdon,muddy-water,machine,0,Regulation M-A,
450,"",Hippowdon,protect,machine,0,Regulation M-A,
450,"",Hippowdon,rest,machine,0,Regulation M-A,
450,"",Hippowdon,roar,machine,0,Regulation M-A,
450,"",Hippowdon,rock-slide,machine,0,Regulation M-A,
450,"",Hippowdon,rock-tomb,machine,0,Regulation M-A,
450,"",Hippowdon,round,machine,0,Regulation M-A,
450,"",Hippowdon,sand-tomb,machine,0,Regulation M-A,
450,"",Hippowdon,sandstorm,machine,0,Regulation M-A,
450,"",Hippowdon,scorching-sands,machine,0,Regulation M-A,
450,"",Hippowdon,slack-off,machine,0,Regulation M-A,
450,"",Hippowdon,sleep-talk,machine,0,Regulation M-A,
450,"",Hippowdon,snore,machine,0,Regulation M-A,
450,"",Hippowdon,spit-up,machine,0,Regulation M-A,
450,"",Hippowdon,stealth-rock,machine,0,Regulation M-A,
450,"",Hippowdon,stockpile,machine,0,Regulation M-A,
450,"",Hippowdon,stomping-tantrum,machine,0,Regulation M-A,
450,"",Hippowdon,stone-edge,machine,0,Regulation M-A,
450,"",Hippowdon,substitute,machine,0,Regulation M-A,
450,"",Hippowdon,sunny-day,machine,0,Regulation M-A,
450,"",Hippowdon,superpower,machine,0,Regulation M-A,
450,"",Hippowdon,swallow,machine,0,Regulation M-A,
450,"",Hippowdon,thunder-fang,machine,0,Regulation M-A,
450,"",Hippowdon,whirlwind,machine,0,Regulation M-A,
450,"",Hippowdon,yawn,machine,0,Regulation M-A,
454,"",Toxicroak,acid-spray,machine,0,Regulation M-A,
454,"",Toxicroak,aerial-ace,machine,0,Regulation M-A,
454,"",Toxicroak,assurance,machine,0,Regulation M-A,
454,"",Toxicroak,baton-pass,machine,0,Regulation M-A,
454,"",Toxicroak,belch,machine,0,Regulation M-A,
454,"",Toxicroak,bounce,machine,0,Regulation M-A,
454,"",Toxicroak,brick-break,machine,0,Regulation M-A,
454,"",Toxicroak,bulk-up,machine,0,Regulation M-A,
454,"",Toxicroak,bulldoze,machine,0,Regulation M-A,
454,"",Toxicroak,bullet-punch,machine,0,Regulation M-A,
454,"",Toxicroak,chilling-water,machine,0,Regulation M-A,
454,"",Toxicroak,close-combat,machine,0,Regulation M-A,
454,"",Toxicroak,coaching,machine,0,Regulation M-A,
454,"",Toxicroak,corrosive-gas,machine,0,Regulation M-A,
454,"",Toxicroak,counter,machine,0,Regulation M-A,
454,"",Toxicroak,cross-chop,machine,0,Regulation M-A,
454,"",Toxicroak,cross-poison,machine,0,Regulation M-A,
454,"",Toxicroak,dark-pulse,machine,0,Regulation M-A,
454,"",Toxicroak,dig,machine,0,Regulation M-A,
454,"",Toxicroak,drain-punch,machine,0,Regulation M-A,
454,"",Toxicroak,dynamic-punch,machine,0,Regulation M-A,
454,"",Toxicroak,earthquake,machine,0,Regulation M-A,
454,"",Toxicroak,encore,machine,0,Regulation M-A,
454,"",Toxicroak,endure,machine,0,Regulation M-A,
454,"",Toxicroak,facade,machine,0,Regulation M-A,
454,"",Toxicroak,fake-out,machine,0,Regulation M-A,
454,"",Toxicroak,feint,machine,0,Regulation M-A,
454,"",Toxicroak,flatter,machine,0,Regulation M-A,
454,"",Toxicroak,fling,machine,0,Regulation M-A,
454,"",Toxicroak,focus-blast,machine,0,Regulation M-A,
454,"",Toxicroak,focus-punch,machine,0,Regulation M-A,
454,"",Toxicroak,foul-play,machine,0,Regulation M-A,
454,"",Toxicroak,giga-impact,machine,0,Regulation M-A,
454,"",Toxicroak,gunk-shot,machine,0,Regulation M-A,
454,"",Toxicroak,helping-hand,machine,0,Regulation M-A,
454,"",Toxicroak,hyper-beam,machine,0,Regulation M-A,
454,"",Toxicroak,ice-punch,machine,0,Regulation M-A,
454,"",Toxicroak,icy-wind,machine,0,Regulation M-A,
454,"",Toxicroak,knock-off,machine,0,Regulation M-A,
454,"",Toxicroak,lash-out,machine,0,Regulation M-A,
454,"",Toxicroak,low-kick,machine,0,Regulation M-A,
454,"",Toxicroak,low-sweep,machine,0,Regulation M-A,
454,"",Toxicroak,mega-kick,machine,0,Regulation M-A,
454,"",Toxicroak,mud-shot,machine,0,Regulation M-A,
454,"",Toxicroak,mud-slap,machine,0,Regulation M-A,
454,"",Toxicroak,nasty-plot,machine,0,Regulation M-A,
454,"",Toxicroak,payback,machine,0,Regulation M-A,
454,"",Toxicroak,poison-jab,machine,0,Regulation M-A,
454,"",Toxicroak,protect,machine,0,Regulation M-A,
454,"",Toxicroak,quick-guard,machine,0,Regulation M-A,
454,"",Toxicroak,rain-dance,machine,0,Regulation M-A,
454,"",Toxicroak,rest,machine,0,Regulation M-A,
454,"",Toxicroak,reversal,machine,0,Regulation M-A,
454,"",Toxicroak,rock-slide,machine,0,Regulation M-A,
454,"",Toxicroak,rock-tomb,machine,0,Regulation M-A,
454,"",Toxicroak,round,machine,0,Regulation M-A,
454,"",Toxicroak,scary-face,machine,0,Regulation M-A,
454,"",Toxicroak,screech,machine,0,Regulation M-A,
454,"",Toxicroak,shadow-ball,machine,0,Regulation M-A,
454,"",Toxicroak,shadow-claw,machine,0,Regulation M-A,
454,"",Toxicroak,sleep-talk,machine,0,Regulation M-A,
454,"",Toxicroak,sludge-bomb,machine,0,Regulation M-A,
454,"",Toxicroak,sludge-wave,machine,0,Regulation M-A,
454,"",Toxicroak,snore,machine,0,Regulation M-A,
454,"",Toxicroak,spite,machine,0,Regulation M-A,
454,"",Toxicroak,stone-edge,machine,0,Regulation M-A,
454,"",Toxicroak,substitute,machine,0,Regulation M-A,
454,"",Toxicroak,sucker-punch,machine,0,Regulation M-A,
454,"",Toxicroak,sunny-day,machine,0,Regulation M-A,
454,"",Toxicroak,super-fang,machine,0,Regulation M-A,
454,"",Toxicroak,swagger,machine,0,Regulation M-A,
454,"",Toxicroak,swords-dance,machine,0,Regulation M-A,
454,"",Toxicroak,taunt,machine,0,Regulation M-A,
454,"",Toxicroak,thief,machine,0,Regulation M-A,
454,"",Toxicroak,throat-chop,machine,0,Regulation M-A,
454,"",Toxicroak,thunder-punch,machine,0,Regulation M-A,
454,"",Toxicroak,toxic,machine,0,Regulation M-A,
454,"",Toxicroak,upper-hand,machine,0,Regulation M-A,
454,"",Toxicroak,vacuum-wave,machine,0,Regulation M-A,
454,"",Toxicroak,venoshock,machine,0,Regulation M-A,
454,"",Toxicroak,x-scissor,machine,0,Regulation M-A,
460,"",Abomasnow,aurora-veil,machine,0,Regulation M-A,
460,"",Abomasnow,avalanche,machine,0,Regulation M-A,
460,"",Abomasnow,blizzard,machine,0,Regulation M-A,
460,"",Abomasnow,body-press,machine,0,Regulation M-A,
460,"",Abomasnow,body-slam,machine,0,Regulation M-A,
460,"",Abomasnow,brick-break,machine,0,Regulation M-A,
460,"",Abomasnow,bulldoze,machine,0,Regulation M-A,
460,"",Abomasnow,bullet-seed,machine,0,Regulation M-A,
460,"",Abomasnow,chilling-water,machine,0,Regulation M-A,
460,"",Abomasnow,curse,machine,0,Regulation M-A,
460,"",Abomasnow,double-edge,machine,0,Regulation M-A,
460,"",Abomasnow,earth-power,machine,0,Regulation M-A,
460,"",Abomasnow,earthquake,machine,0,Regulation M-A,
460,"",Abomasnow,endure,machine,0,Regulation M-A,
460,"",Abomasnow,energy-ball,machine,0,Regulation M-A,
460,"",Abomasnow,facade,machine,0,Regulation M-A,
460,"",Abomasnow,fling,machine,0,Regulation M-A,
460,"",Abomasnow,focus-blast,machine,0,Regulation M-A,
460,"",Abomasnow,focus-punch,machine,0,Regulation M-A,
460,"",Abomasnow,frost-breath,machine,0,Regulation M-A,
460,"",Abomasnow,giga-drain,machine,0,Regulation M-A,
460,"",Abomasnow,giga-impact,machine,0,Regulation M-A,
460,"",Abomasnow,grass-knot,machine,0,Regulation M-A,
460,"",Abomasnow,grassy-glide,machine,0,Regulation M-A,
460,"",Abomasnow,growth,machine,0,Regulation M-A,
460,"",Abomasnow,hard-press,machine,0,Regulation M-A,
460,"",Abomasnow,helping-hand,machine,0,Regulation M-A,
460,"",Abomasnow,hyper-beam,machine,0,Regulation M-A,
460,"",Abomasnow,ice-beam,machine,0,Regulation M-A,
460,"",Abomasnow,ice-hammer,machine,0,Regulation M-A,
460,"",Abomasnow,ice-punch,machine,0,Regulation M-A,
460,"",Abomasnow,ice-shard,machine,0,Regulation M-A,
460,"",Abomasnow,ice-spinner,machine,0,Regulation M-A,
460,"",Abomasnow,icicle-spear,machine,0,Regulation M-A,
460,"",Abomasnow,icy-wind,machine,0,Regulation M-A,
460,"",Abomasnow,ingrain,machine,0,Regulation M-A,
460,"",Abomasnow,iron-tail,machine,0,Regulation M-A,
460,"",Abomasnow,leaf-storm,machine,0,Regulation M-A,
460,"",Abomasnow,leech-seed,machine,0,Regulation M-A,
460,"",Abomasnow,low-kick,machine,0,Regulation M-A,
460,"",Abomasnow,mega-kick,machine,0,Regulation M-A,
460,"",Abomasnow,mud-slap,machine,0,Regulation M-A,
460,"",Abomasnow,outrage,machine,0,Regulation M-A,
460,"",Abomasnow,protect,machine,0,Regulation M-A,
460,"",Abomasnow,rain-dance,machine,0,Regulation M-A,
460,"",Abomasnow,rest,machine,0,Regulation M-A,
460,"",Abomasnow,rock-slide,machine,0,Regulation M-A,
460,"",Abomasnow,rock-tomb,machine,0,Regulation M-A,
460,"",Abomasnow,round,machine,0,Regulation M-A,
460,"",Abomasnow,scary-face,machine,0,Regulation M-A,
460,"",Abomasnow,seed-bomb,machine,0,Regulation M-A,
460,"",Abomasnow,shadow-ball,machine,0,Regulation M-A,
460,"",Abomasnow,sheer-cold,machine,0,Regulation M-A,
460,"",Abomasnow,sleep-talk,machine,0,Regulation M-A,
460,"",Abomasnow,snore,machine,0,Regulation M-A,
460,"",Abomasnow,snowscape,machine,0,Regulation M-A,
460,"",Abomasnow,solar-beam,machine,0,Regulation M-A,
460,"",Abomasnow,stomping-tantrum,machine,0,Regulation M-A,
460,"",Abomasnow,substitute,machine,0,Regulation M-A,
460,"",Abomasnow,swagger,machine,0,Regulation M-A,
460,"",Abomasnow,swords-dance,machine,0,Regulation M-A,
460,"",Abomasnow,trailblaze,machine,0,Regulation M-A,
460,"",Abomasnow,water-pulse,machine,0,Regulation M-A,
460,"",Abomasnow,weather-ball,machine,0,Regulation M-A,
460,"",Abomasnow,wood-hammer,machine,0,Regulation M-A,
461,"",Weavile,aerial-ace,machine,0,Regulation M-A,
461,"",Weavile,agility,machine,0,Regulation M-A,
461,"",Weavile,assurance,machine,0,Regulation M-A,
461,"",Weavile,avalanche,machine,0,Regulation M-A,
461,"",Weavile,baton-pass,machine,0,Regulation M-A,
461,"",Weavile,beat-up,machine,0,Regulation M-A,
461,"",Weavile,bite,machine,0,Regulation M-A,
461,"",Weavile,blizzard,machine,0,Regulation M-A,
461,"",Weavile,brick-break,machine,0,Regulation M-A,
461,"",Weavile,calm-mind,machine,0,Regulation M-A,
461,"",Weavile,chilling-water,machine,0,Regulation M-A,
461,"",Weavile,counter,machine,0,Regulation M-A,
461,"",Weavile,dark-pulse,machine,0,Regulation M-A,
461,"",Weavile,dig,machine,0,Regulation M-A,
461,"",Weavile,double-hit,machine,0,Regulation M-A,
461,"",Weavile,endure,machine,0,Regulation M-A,
461,"",Weavile,facade,machine,0,Regulation M-A,
461,"",Weavile,fake-out,machine,0,Regulation M-A,
461,"",Weavile,fake-tears,machine,0,Regulation M-A,
461,"",Weavile,feint,machine,0,Regulation M-A,
461,"",Weavile,fling,machine,0,Regulation M-A,
461,"",Weavile,focus-blast,machine,0,Regulation M-A,
461,"",Weavile,focus-punch,machine,0,Regulation M-A,
461,"",Weavile,foul-play,machine,0,Regulation M-A,
461,"",Weavile,giga-impact,machine,0,Regulation M-A,
461,"",Weavile,helping-hand,machine,0,Regulation M-A,
461,"",Weavile,hyper-beam,machine,0,Regulation M-A,
461,"",Weavile,ice-beam,machine,0,Regulation M-A,
461,"",Weavile,ice-punch,machine,0,Regulation M-A,
461,"",Weavile,ice-shard,machine,0,Regulation M-A,
461,"",Weavile,ice-spinner,machine,0,Regulation M-A,
461,"",Weavile,icicle-crash,machine,0,Regulation M-A,
461,"",Weavile,icicle-spear,machine,0,Regulation M-A,
461,"",Weavile,icy-wind,machine,0,Regulation M-A,
461,"",Weavile,knock-off,machine,0,Regulation M-A,
461,"",Weavile,lash-out,machine,0,Regulation M-A,
461,"",Weavile,low-kick,machine,0,Regulation M-A,
461,"",Weavile,low-sweep,machine,0,Regulation M-A,
461,"",Weavile,mega-kick,machine,0,Regulation M-A,
461,"",Weavile,nasty-plot,machine,0,Regulation M-A,
461,"",Weavile,night-slash,machine,0,Regulation M-A,
461,"",Weavile,payback,machine,0,Regulation M-A,
461,"",Weavile,poison-jab,machine,0,Regulation M-A,
461,"",Weavile,protect,machine,0,Regulation M-A,
461,"",Weavile,psycho-cut,machine,0,Regulation M-A,
461,"",Weavile,quick-attack,machine,0,Regulation M-A,
461,"",Weavile,rain-dance,machine,0,Regulation M-A,
461,"",Weavile,reflect,machine,0,Regulation M-A,
461,"",Weavile,rest,machine,0,Regulation M-A,
461,"",Weavile,reversal,machine,0,Regulation M-A,
461,"",Weavile,round,machine,0,Regulation M-A,
461,"",Weavile,scary-face,machine,0,Regulation M-A,
461,"",Weavile,screech,machine,0,Regulation M-A,
461,"",Weavile,shadow-ball,machine,0,Regulation M-A,
461,"",Weavile,shadow-claw,machine,0,Regulation M-A,
461,"",Weavile,sleep-talk,machine,0,Regulation M-A,
461,"",Weavile,snarl,machine,0,Regulation M-A,
461,"",Weavile,snore,machine,0,Regulation M-A,
461,"",Weavile,snowscape,machine,0,Regulation M-A,
461,"",Weavile,spite,machine,0,Regulation M-A,
461,"",Weavile,substitute,machine,0,Regulation M-A,
461,"",Weavile,sunny-day,machine,0,Regulation M-A,
461,"",Weavile,surf,machine,0,Regulation M-A,
461,"",Weavile,swords-dance,machine,0,Regulation M-A,
461,"",Weavile,taunt,machine,0,Regulation M-A,
461,"",Weavile,thief,machine,0,Regulation M-A,
461,"",Weavile,throat-chop,machine,0,Regulation M-A,
461,"",Weavile,trailblaze,machine,0,Regulation M-A,
461,"",Weavile,triple-axel,machine,0,Regulation M-A,
461,"",Weavile,upper-hand,machine,0,Regulation M-A,
461,"",Weavile,water-pulse,machine,0,Regulation M-A,
461,"",Weavile,x-scissor,machine,0,Regulation M-A,
464,"",Rhyperior,avalanche,machine,0,Regulation M-A,
464,"",Rhyperior,blizzard,machine,0,Regulation M-A,
464,"",Rhyperior,body-press,machine,0,Regulation M-A,
464,"",Rhyperior,body-slam,machine,0,Regulation M-A,
464,"",Rhyperior,breaking-swipe,machine,0,Regulation M-A,
464,"",Rhyperior,brick-break,machine,0,Regulation M-A,
464,"",Rhyperior,brutal-swing,machine,0,Regulation M-A,
464,"",Rhyperior,bulldoze,machine,0,Regulation M-A,
464,"",Rhyperior,counter,machine,0,Regulation M-A,
464,"",Rhyperior,crunch,machine,0,Regulation M-A,
464,"",Rhyperior,curse,machine,0,Regulation M-A,
464,"",Rhyperior,dig,machine,0,Regulation M-A,
464,"",Rhyperior,double-edge,machine,0,Regulation M-A,
464,"",Rhyperior,dragon-pulse,machine,0,Regulation M-A,
464,"",Rhyperior,dragon-rush,machine,0,Regulation M-A,
464,"",Rhyperior,dragon-tail,machine,0,Regulation M-A,
464,"",Rhyperior,drill-run,machine,0,Regulation M-A,
464,"",Rhyperior,earth-power,machine,0,Regulation M-A,
464,"",Rhyperior,earthquake,machine,0,Regulation M-A,
464,"",Rhyperior,endeavor,machine,0,Regulation M-A,
464,"",Rhyperior,endure,machine,0,Regulation M-A,
464,"",Rhyperior,facade,machine,0,Regulation M-A,
464,"",Rhyperior,fire-blast,machine,0,Regulation M-A,
464,"",Rhyperior,fire-fang,machine,0,Regulation M-A,
464,"",Rhyperior,fire-punch,machine,0,Regulation M-A,
464,"",Rhyperior,flamethrower,machine,0,Regulation M-A,
464,"",Rhyperior,flash-cannon,machine,0,Regulation M-A,
464,"",Rhyperior,fling,machine,0,Regulation M-A,
464,"",Rhyperior,focus-blast,machine,0,Regulation M-A,
464,"",Rhyperior,focus-punch,machine,0,Regulation M-A,
464,"",Rhyperior,giga-impact,machine,0,Regulation M-A,
464,"",Rhyperior,guard-split,machine,0,Regulation M-A,
464,"",Rhyperior,hammer-arm,machine,0,Regulation M-A,
464,"",Rhyperior,heat-crash,machine,0,Regulation M-A,
464,"",Rhyperior,heavy-slam,machine,0,Regulation M-A,
464,"",Rhyperior,helping-hand,machine,0,Regulation M-A,
464,"",Rhyperior,high-horsepower,machine,0,Regulation M-A,
464,"",Rhyperior,horn-drill,machine,0,Regulation M-A,
464,"",Rhyperior,hydro-pump,machine,0,Regulation M-A,
464,"",Rhyperior,hyper-beam,machine,0,Regulation M-A,
464,"",Rhyperior,ice-beam,machine,0,Regulation M-A,
464,"",Rhyperior,ice-fang,machine,0,Regulation M-A,
464,"",Rhyperior,ice-punch,machine,0,Regulation M-A,
464,"",Rhyperior,icy-wind,machine,0,Regulation M-A,
464,"",Rhyperior,iron-defense,machine,0,Regulation M-A,
464,"",Rhyperior,iron-head,machine,0,Regulation M-A,
464,"",Rhyperior,iron-tail,machine,0,Regulation M-A,
464,"",Rhyperior,mega-kick,machine,0,Regulation M-A,
464,"",Rhyperior,megahorn,machine,0,Regulation M-A,
464,"",Rhyperior,metal-burst,machine,0,Regulation M-A,
464,"",Rhyperior,meteor-beam,machine,0,Regulation M-A,
464,"",Rhyperior,mud-shot,machine,0,Regulation M-A,
464,"",Rhyperior,mud-slap,machine,0,Regulation M-A,
464,"",Rhyperior,outrage,machine,0,Regulation M-A,
464,"",Rhyperior,payback,machine,0,Regulation M-A,
464,"",Rhyperior,poison-jab,machine,0,Regulation M-A,
464,"",Rhyperior,protect,machine,0,Regulation M-A,
464,"",Rhyperior,rain-dance,machine,0,Regulation M-A,
464,"",Rhyperior,rest,machine,0,Regulation M-A,
464,"",Rhyperior,reversal,machine,0,Regulation M-A,
464,"",Rhyperior,roar,machine,0,Regulation M-A,
464,"",Rhyperior,rock-blast,machine,0,Regulation M-A,
464,"",Rhyperior,rock-polish,machine,0,Regulation M-A,
464,"",Rhyperior,rock-slide,machine,0,Regulation M-A,
464,"",Rhyperior,rock-tomb,machine,0,Regulation M-A,
464,"",Rhyperior,rock-wrecker,machine,0,Regulation M-A,
464,"",Rhyperior,round,machine,0,Regulation M-A,
464,"",Rhyperior,sandstorm,machine,0,Regulation M-A,
464,"",Rhyperior,scary-face,machine,0,Regulation M-A,
464,"",Rhyperior,scorching-sands,machine,0,Regulation M-A,
464,"",Rhyperior,shadow-claw,machine,0,Regulation M-A,
464,"",Rhyperior,sleep-talk,machine,0,Regulation M-A,
464,"",Rhyperior,smack-down,machine,0,Regulation M-A,
464,"",Rhyperior,smart-strike,machine,0,Regulation M-A,
464,"",Rhyperior,snore,machine,0,Regulation M-A,
464,"",Rhyperior,stealth-rock,machine,0,Regulation M-A,
464,"",Rhyperior,stomping-tantrum,machine,0,Regulation M-A,
464,"",Rhyperior,stone-edge,machine,0,Regulation M-A,
464,"",Rhyperior,substitute,machine,0,Regulation M-A,
464,"",Rhyperior,sunny-day,machine,0,Regulation M-A,
464,"",Rhyperior,supercell-slam,machine,0,Regulation M-A,
464,"",Rhyperior,superpower,machine,0,Regulation M-A,
464,"",Rhyperior,surf,machine,0,Regulation M-A,
464,"",Rhyperior,swords-dance,machine,0,Regulation M-A,
464,"",Rhyperior,temper-flare,machine,0,Regulation M-A,
464,"",Rhyperior,thief,machine,0,Regulation M-A,
464,"",Rhyperior,thunder,machine,0,Regulation M-A,
464,"",Rhyperior,thunder-fang,machine,0,Regulation M-A,
464,"",Rhyperior,thunder-punch,machine,0,Regulation M-A,
464,"",Rhyperior,thunderbolt,machine,0,Regulation M-A,
464,"",Rhyperior,uproar,machine,0,Regulation M-A,
470,"",Leafeon,aerial-ace,machine,0,Regulation M-A,
470,"",Leafeon,alluring-voice,machine,0,Regulation M-A,
470,"",Leafeon,baby-doll-eyes,machine,0,Regulation M-A,
470,"",Leafeon,baton-pass,machine,0,Regulation M-A,
470,"",Leafeon,bite,machine,0,Regulation M-A,
470,"",Leafeon,body-slam,machine,0,Regulation M-A,
470,"",Leafeon,bullet-seed,machine,0,Regulation M-A,
470,"",Leafeon,calm-mind,machine,0,Regulation M-A,
470,"",Leafeon,charm,machine,0,Regulation M-A,
470,"",Leafeon,copycat,machine,0,Regulation M-A,
470,"",Leafeon,covet,machine,0,Regulation M-A,
470,"",Leafeon,curse,machine,0,Regulation M-A,
470,"",Leafeon,detect,machine,0,Regulation M-A,
470,"",Leafeon,dig,machine,0,Regulation M-A,
470,"",Leafeon,double-edge,machine,0,Regulation M-A,
470,"",Leafeon,endure,machine,0,Regulation M-A,
470,"",Leafeon,energy-ball,machine,0,Regulation M-A,
470,"",Leafeon,facade,machine,0,Regulation M-A,
470,"",Leafeon,fake-tears,machine,0,Regulation M-A,
470,"",Leafeon,flail,machine,0,Regulation M-A,
470,"",Leafeon,focus-energy,machine,0,Regulation M-A,
470,"",Leafeon,giga-drain,machine,0,Regulation M-A,
470,"",Leafeon,giga-impact,machine,0,Regulation M-A,
470,"",Leafeon,grass-knot,machine,0,Regulation M-A,
470,"",Leafeon,grassy-glide,machine,0,Regulation M-A,
470,"",Leafeon,helping-hand,machine,0,Regulation M-A,
470,"",Leafeon,hyper-beam,machine,0,Regulation M-A,
470,"",Leafeon,hyper-voice,machine,0,Regulation M-A,
470,"",Leafeon,knock-off,machine,0,Regulation M-A,
470,"",Leafeon,last-resort,machine,0,Regulation M-A,
470,"",Leafeon,leaf-blade,machine,0,Regulation M-A,
470,"",Leafeon,leaf-storm,machine,0,Regulation M-A,
470,"",Leafeon,leech-seed,machine,0,Regulation M-A,
470,"",Leafeon,mud-shot,machine,0,Regulation M-A,
470,"",Leafeon,mud-slap,machine,0,Regulation M-A,
470,"",Leafeon,protect,machine,0,Regulation M-A,
470,"",Leafeon,quick-attack,machine,0,Regulation M-A,
470,"",Leafeon,rain-dance,machine,0,Regulation M-A,
470,"",Leafeon,rest,machine,0,Regulation M-A,
470,"",Leafeon,roar,machine,0,Regulation M-A,
470,"",Leafeon,round,machine,0,Regulation M-A,
470,"",Leafeon,seed-bomb,machine,0,Regulation M-A,
470,"",Leafeon,shadow-ball,machine,0,Regulation M-A,
470,"",Leafeon,sleep-talk,machine,0,Regulation M-A,
470,"",Leafeon,snore,machine,0,Regulation M-A,
470,"",Leafeon,solar-beam,machine,0,Regulation M-A,
470,"",Leafeon,solar-blade,machine,0,Regulation M-A,
470,"",Leafeon,stored-power,machine,0,Regulation M-A,
470,"",Leafeon,substitute,machine,0,Regulation M-A,
470,"",Leafeon,sunny-day,machine,0,Regulation M-A,
470,"",Leafeon,swords-dance,machine,0,Regulation M-A,
470,"",Leafeon,synthesis,machine,0,Regulation M-A,
470,"",Leafeon,tickle,machine,0,Regulation M-A,
470,"",Leafeon,trailblaze,machine,0,Regulation M-A,
470,"",Leafeon,weather-ball,machine,0,Regulation M-A,
470,"",Leafeon,wish,machine,0,Regulation M-A,
470,"",Leafeon,x-scissor,machine,0,Regulation M-A,
470,"",Leafeon,yawn,machine,0,Regulation M-A,
471,"",Glaceon,alluring-voice,machine,0,Regulation M-A,
471,"",Glaceon,avalanche,machine,0,Regulation M-A,
471,"",Glaceon,baby-doll-eyes,machine,0,Regulation M-A,
471,"",Glaceon,baton-pass,machine,0,Regulation M-A,
471,"",Glaceon,bite,machine,0,Regulation M-A,
471,"",Glaceon,blizzard,machine,0,Regulation M-A,
471,"",Glaceon,body-slam,machine,0,Regulation M-A,
471,"",Glaceon,calm-mind,machine,0,Regulation M-A,
471,"",Glaceon,charm,machine,0,Regulation M-A,
471,"",Glaceon,chilling-water,machine,0,Regulation M-A,
471,"",Glaceon,copycat,machine,0,Regulation M-A,
471,"",Glaceon,covet,machine,0,Regulation M-A,
471,"",Glaceon,curse,machine,0,Regulation M-A,
471,"",Glaceon,detect,machine,0,Regulation M-A,
471,"",Glaceon,dig,machine,0,Regulation M-A,
471,"",Glaceon,double-edge,machine,0,Regulation M-A,
471,"",Glaceon,endure,machine,0,Regulation M-A,
471,"",Glaceon,facade,machine,0,Regulation M-A,
471,"",Glaceon,fake-tears,machine,0,Regulation M-A,
471,"",Glaceon,flail,machine,0,Regulation M-A,
471,"",Glaceon,focus-energy,machine,0,Regulation M-A,
471,"",Glaceon,freeze-dry,machine,0,Regulation M-A,
471,"",Glaceon,frost-breath,machine,0,Regulation M-A,
471,"",Glaceon,giga-impact,machine,0,Regulation M-A,
471,"",Glaceon,gravity,machine,0,Regulation M-A,
471,"",Glaceon,haze,machine,0,Regulation M-A,
471,"",Glaceon,helping-hand,machine,0,Regulation M-A,
471,"",Glaceon,hyper-beam,machine,0,Regulation M-A,
471,"",Glaceon,hyper-voice,machine,0,Regulation M-A,
471,"",Glaceon,ice-beam,machine,0,Regulation M-A,
471,"",Glaceon,ice-fang,machine,0,Regulation M-A,
471,"",Glaceon,ice-shard,machine,0,Regulation M-A,
471,"",Glaceon,icicle-spear,machine,0,Regulation M-A,
471,"",Glaceon,icy-wind,machine,0,Regulation M-A,
471,"",Glaceon,last-resort,machine,0,Regulation M-A,
471,"",Glaceon,mirror-coat,machine,0,Regulation M-A,
471,"",Glaceon,mud-shot,machine,0,Regulation M-A,
471,"",Glaceon,mud-slap,machine,0,Regulation M-A,
471,"",Glaceon,protect,machine,0,Regulation M-A,
471,"",Glaceon,quick-attack,machine,0,Regulation M-A,
471,"",Glaceon,rain-dance,machine,0,Regulation M-A,
471,"",Glaceon,rest,machine,0,Regulation M-A,
471,"",Glaceon,roar,machine,0,Regulation M-A,
471,"",Glaceon,round,machine,0,Regulation M-A,
471,"",Glaceon,shadow-ball,machine,0,Regulation M-A,
471,"",Glaceon,sleep-talk,machine,0,Regulation M-A,
471,"",Glaceon,snore,machine,0,Regulation M-A,
471,"",Glaceon,snowscape,machine,0,Regulation M-A,
471,"",Glaceon,stored-power,machine,0,Regulation M-A,
471,"",Glaceon,substitute,machine,0,Regulation M-A,
471,"",Glaceon,sunny-day,machine,0,Regulation M-A,
471,"",Glaceon,tickle,machine,0,Regulation M-A,
471,"",Glaceon,trailblaze,machine,0,Regulation M-A,
471,"",Glaceon,triple-axel,machine,0,Regulation M-A,
471,"",Glaceon,water-pulse,machine,0,Regulation M-A,
471,"",Glaceon,weather-ball,machine,0,Regulation M-A,
471,"",Glaceon,wish,machine,0,Regulation M-A,
471,"",Glaceon,yawn,machine,0,Regulation M-A,
472,"",Gliscor,acrobatics,machine,0,Regulation M-A,
472,"",Gliscor,aerial-ace,machine,0,Regulation M-A,
472,"",Gliscor,agility,machine,0,Regulation M-A,
472,"",Gliscor,assurance,machine,0,Regulation M-A,
472,"",Gliscor,attract,machine,0,Regulation M-A,
472,"",Gliscor,baton-pass,machine,0,Regulation M-A,
472,"",Gliscor,breaking-swipe,machine,0,Regulation M-A,
472,"",Gliscor,brick-break,machine,0,Regulation M-A,
472,"",Gliscor,brutal-swing,machine,0,Regulation M-A,
472,"",Gliscor,bulldoze,machine,0,Regulation M-A,
472,"",Gliscor,counter,machine,0,Regulation M-A,
472,"",Gliscor,crabhammer,machine,0,Regulation M-A,
472,"",Gliscor,cross-poison,machine,0,Regulation M-A,
472,"",Gliscor,crunch,machine,0,Regulation M-A,
472,"",Gliscor,dark-pulse,machine,0,Regulation M-A,
472,"",Gliscor,dig,machine,0,Regulation M-A,
472,"",Gliscor,double-edge,machine,0,Regulation M-A,
472,"",Gliscor,dual-wingbeat,machine,0,Regulation M-A,
472,"",Gliscor,earth-power,machine,0,Regulation M-A,
472,"",Gliscor,earthquake,machine,0,Regulation M-A,
472,"",Gliscor,endure,machine,0,Regulation M-A,
472,"",Gliscor,facade,machine,0,Regulation M-A,
472,"",Gliscor,feint,machine,0,Regulation M-A,
472,"",Gliscor,fire-fang,machine,0,Regulation M-A,
472,"",Gliscor,fling,machine,0,Regulation M-A,
472,"",Gliscor,giga-impact,machine,0,Regulation M-A,
472,"",Gliscor,gunk-shot,machine,0,Regulation M-A,
472,"",Gliscor,high-horsepower,machine,0,Regulation M-A,
472,"",Gliscor,hyper-beam,machine,0,Regulation M-A,
472,"",Gliscor,ice-fang,machine,0,Regulation M-A,
472,"",Gliscor,iron-tail,machine,0,Regulation M-A,
472,"",Gliscor,knock-off,machine,0,Regulation M-A,
472,"",Gliscor,lunge,machine,0,Regulation M-A,
472,"",Gliscor,mud-shot,machine,0,Regulation M-A,
472,"",Gliscor,mud-slap,machine,0,Regulation M-A,
472,"",Gliscor,night-slash,machine,0,Regulation M-A,
472,"",Gliscor,payback,machine,0,Regulation M-A,
472,"",Gliscor,pin-missile,machine,0,Regulation M-A,
472,"",Gliscor,poison-jab,machine,0,Regulation M-A,
472,"",Gliscor,power-whip,machine,0,Regulation M-A,
472,"",Gliscor,protect,machine,0,Regulation M-A,
472,"",Gliscor,psychic-fangs,machine,0,Regulation M-A,
472,"",Gliscor,quick-attack,machine,0,Regulation M-A,
472,"",Gliscor,rain-dance,machine,0,Regulation M-A,
472,"",Gliscor,rest,machine,0,Regulation M-A,
472,"",Gliscor,rock-slide,machine,0,Regulation M-A,
472,"",Gliscor,rock-tomb,machine,0,Regulation M-A,
472,"",Gliscor,round,machine,0,Regulation M-A,
472,"",Gliscor,sand-tomb,machine,0,Regulation M-A,
472,"",Gliscor,sandstorm,machine,0,Regulation M-A,
472,"",Gliscor,scale-shot,machine,0,Regulation M-A,
472,"",Gliscor,scary-face,machine,0,Regulation M-A,
472,"",Gliscor,screech,machine,0,Regulation M-A,
472,"",Gliscor,skitter-smack,machine,0,Regulation M-A,
472,"",Gliscor,sleep-talk,machine,0,Regulation M-A,
472,"",Gliscor,sludge-bomb,machine,0,Regulation M-A,
472,"",Gliscor,snore,machine,0,Regulation M-A,
472,"",Gliscor,spikes,machine,0,Regulation M-A,
472,"",Gliscor,stealth-rock,machine,0,Regulation M-A,
472,"",Gliscor,steel-wing,machine,0,Regulation M-A,
472,"",Gliscor,stone-edge,machine,0,Regulation M-A,
472,"",Gliscor,struggle-bug,machine,0,Regulation M-A,
472,"",Gliscor,substitute,machine,0,Regulation M-A,
472,"",Gliscor,sunny-day,machine,0,Regulation M-A,
472,"",Gliscor,swords-dance,machine,0,Regulation M-A,
472,"",Gliscor,tailwind,machine,0,Regulation M-A,
472,"",Gliscor,thief,machine,0,Regulation M-A,
472,"",Gliscor,throat-chop,machine,0,Regulation M-A,
472,"",Gliscor,thunder-fang,machine,0,Regulation M-A,
472,"",Gliscor,toxic,machine,0,Regulation M-A,
472,"",Gliscor,toxic-spikes,machine,0,Regulation M-A,
472,"",Gliscor,u-turn,machine,0,Regulation M-A,
472,"",Gliscor,venoshock,machine,0,Regulation M-A,
472,"",Gliscor,x-scissor,machine,0,Regulation M-A,
473,"",Mamoswine,amnesia,machine,0,Regulation M-A,
473,"",Mamoswine,ancient-power,machine,0,Regulation M-A,
473,"",Mamoswine,attract,machine,0,Regulation M-A,
473,"",Mamoswine,avalanche,machine,0,Regulation M-A,
473,"",Mamoswine,bite,machine,0,Regulation M-A,
473,"",Mamoswine,blizzard,machine,0,Regulation M-A,
473,"",Mamoswine,body-press,machine,0,Regulation M-A,
473,"",Mamoswine,body-slam,machine,0,Regulation M-A,
473,"",Mamoswine,bulldoze,machine,0,Regulation M-A,
473,"",Mamoswine,charm,machine,0,Regulation M-A,
473,"",Mamoswine,curse,machine,0,Regulation M-A,
473,"",Mamoswine,dig,machine,0,Regulation M-A,
473,"",Mamoswine,double-edge,machine,0,Regulation M-A,
473,"",Mamoswine,double-hit,machine,0,Regulation M-A,
473,"",Mamoswine,earth-power,machine,0,Regulation M-A,
473,"",Mamoswine,earthquake,machine,0,Regulation M-A,
473,"",Mamoswine,endeavor,machine,0,Regulation M-A,
473,"",Mamoswine,endure,machine,0,Regulation M-A,
473,"",Mamoswine,facade,machine,0,Regulation M-A,
473,"",Mamoswine,fissure,machine,0,Regulation M-A,
473,"",Mamoswine,flail,machine,0,Regulation M-A,
473,"",Mamoswine,freeze-dry,machine,0,Regulation M-A,
473,"",Mamoswine,giga-impact,machine,0,Regulation M-A,
473,"",Mamoswine,hard-press,machine,0,Regulation M-A,
473,"",Mamoswine,haze,machine,0,Regulation M-A,
473,"",Mamoswine,heavy-slam,machine,0,Regulation M-A,
473,"",Mamoswine,high-horsepower,machine,0,Regulation M-A,
473,"",Mamoswine,hyper-beam,machine,0,Regulation M-A,
473,"",Mamoswine,ice-beam,machine,0,Regulation M-A,
473,"",Mamoswine,ice-fang,machine,0,Regulation M-A,
473,"",Mamoswine,ice-shard,machine,0,Regulation M-A,
473,"",Mamoswine,icicle-crash,machine,0,Regulation M-A,
473,"",Mamoswine,icicle-spear,machine,0,Regulation M-A,
473,"",Mamoswine,icy-wind,machine,0,Regulation M-A,
473,"",Mamoswine,iron-head,machine,0,Regulation M-A,
473,"",Mamoswine,knock-off,machine,0,Regulation M-A,
473,"",Mamoswine,mud-shot,machine,0,Regulation M-A,
473,"",Mamoswine,mud-slap,machine,0,Regulation M-A,
473,"",Mamoswine,protect,machine,0,Regulation M-A,
473,"",Mamoswine,rain-dance,machine,0,Regulation M-A,
473,"",Mamoswine,reflect,machine,0,Regulation M-A,
473,"",Mamoswine,rest,machine,0,Regulation M-A,
473,"",Mamoswine,reversal,machine,0,Regulation M-A,
473,"",Mamoswine,roar,machine,0,Regulation M-A,
473,"",Mamoswine,rock-blast,machine,0,Regulation M-A,
473,"",Mamoswine,rock-slide,machine,0,Regulation M-A,
473,"",Mamoswine,rock-tomb,machine,0,Regulation M-A,
473,"",Mamoswine,round,machine,0,Regulation M-A,
473,"",Mamoswine,sand-tomb,machine,0,Regulation M-A,
473,"",Mamoswine,sandstorm,machine,0,Regulation M-A,
473,"",Mamoswine,scary-face,machine,0,Regulation M-A,
473,"",Mamoswine,sleep-talk,machine,0,Regulation M-A,
473,"",Mamoswine,smack-down,machine,0,Regulation M-A,
473,"",Mamoswine,snore,machine,0,Regulation M-A,
473,"",Mamoswine,snowscape,machine,0,Regulation M-A,
473,"",Mamoswine,stealth-rock,machine,0,Regulation M-A,
473,"",Mamoswine,stomping-tantrum,machine,0,Regulation M-A,
473,"",Mamoswine,stone-edge,machine,0,Regulation M-A,
473,"",Mamoswine,substitute,machine,0,Regulation M-A,
473,"",Mamoswine,superpower,machine,0,Regulation M-A,
473,"",Mamoswine,thrash,machine,0,Regulation M-A,
473,"",Mamoswine,throat-chop,machine,0,Regulation M-A,
473,"",Mamoswine,trailblaze,machine,0,Regulation M-A,
475,"",Gallade,aerial-ace,machine,0,Regulation M-A,
475,"",Gallade,agility,machine,0,Regulation M-A,
475,"",Gallade,air-slash,machine,0,Regulation M-A,
475,"",Gallade,alluring-voice,machine,0,Regulation M-A,
475,"",Gallade,aqua-cutter,machine,0,Regulation M-A,
475,"",Gallade,aura-sphere,machine,0,Regulation M-A,
475,"",Gallade,body-slam,machine,0,Regulation M-A,
475,"",Gallade,brick-break,machine,0,Regulation M-A,
475,"",Gallade,bulk-up,machine,0,Regulation M-A,
475,"",Gallade,bulldoze,machine,0,Regulation M-A,
475,"",Gallade,calm-mind,machine,0,Regulation M-A,
475,"",Gallade,charge-beam,machine,0,Regulation M-A,
475,"",Gallade,charm,machine,0,Regulation M-A,
475,"",Gallade,close-combat,machine,0,Regulation M-A,
475,"",Gallade,coaching,machine,0,Regulation M-A,
475,"",Gallade,confuse-ray,machine,0,Regulation M-A,
475,"",Gallade,dazzling-gleam,machine,0,Regulation M-A,
475,"",Gallade,destiny-bond,machine,0,Regulation M-A,
475,"",Gallade,disable,machine,0,Regulation M-A,
475,"",Gallade,double-team,machine,0,Regulation M-A,
475,"",Gallade,drain-punch,machine,0,Regulation M-A,
475,"",Gallade,draining-kiss,machine,0,Regulation M-A,
475,"",Gallade,earthquake,machine,0,Regulation M-A,
475,"",Gallade,encore,machine,0,Regulation M-A,
475,"",Gallade,endure,machine,0,Regulation M-A,
475,"",Gallade,energy-ball,machine,0,Regulation M-A,
475,"",Gallade,expanding-force,machine,0,Regulation M-A,
475,"",Gallade,facade,machine,0,Regulation M-A,
475,"",Gallade,feint,machine,0,Regulation M-A,
475,"",Gallade,fire-punch,machine,0,Regulation M-A,
475,"",Gallade,fling,machine,0,Regulation M-A,
475,"",Gallade,focus-blast,machine,0,Regulation M-A,
475,"",Gallade,focus-punch,machine,0,Regulation M-A,
475,"",Gallade,future-sight,machine,0,Regulation M-A,
475,"",Gallade,giga-impact,machine,0,Regulation M-A,
475,"",Gallade,grass-knot,machine,0,Regulation M-A,
475,"",Gallade,heal-pulse,machine,0,Regulation M-A,
475,"",Gallade,helping-hand,machine,0,Regulation M-A,
475,"",Gallade,hex,machine,0,Regulation M-A,
475,"",Gallade,hyper-beam,machine,0,Regulation M-A,
475,"",Gallade,hyper-voice,machine,0,Regulation M-A,
475,"",Gallade,hypnosis,machine,0,Regulation M-A,
475,"",Gallade,ice-punch,machine,0,Regulation M-A,
475,"",Gallade,icy-wind,machine,0,Regulation M-A,
475,"",Gallade,imprison,machine,0,Regulation M-A,
475,"",Gallade,knock-off,machine,0,Regulation M-A,
475,"",Gallade,leaf-blade,machine,0,Regulation M-A,
475,"",Gallade,life-dew,machine,0,Regulation M-A,
475,"",Gallade,light-screen,machine,0,Regulation M-A,
475,"",Gallade,low-kick,machine,0,Regulation M-A,
475,"",Gallade,low-sweep,machine,0,Regulation M-A,
475,"",Gallade,magic-room,machine,0,Regulation M-A,
475,"",Gallade,mean-look,machine,0,Regulation M-A,
475,"",Gallade,mega-kick,machine,0,Regulation M-A,
475,"",Gallade,memento,machine,0,Regulation M-A,
475,"",Gallade,misty-terrain,machine,0,Regulation M-A,
475,"",Gallade,mystical-fire,machine,0,Regulation M-A,
475,"",Gallade,night-shade,machine,0,Regulation M-A,
475,"",Gallade,night-slash,machine,0,Regulation M-A,
475,"",Gallade,pain-split,machine,0,Regulation M-A,
475,"",Gallade,poison-jab,machine,0,Regulation M-A,
475,"",Gallade,protect,machine,0,Regulation M-A,
475,"",Gallade,psych-up,machine,0,Regulation M-A,
475,"",Gallade,psychic,machine,0,Regulation M-A,
475,"",Gallade,psychic-terrain,machine,0,Regulation M-A,
475,"",Gallade,psycho-cut,machine,0,Regulation M-A,
475,"",Gallade,psyshock,machine,0,Regulation M-A,
475,"",Gallade,quick-guard,machine,0,Regulation M-A,
475,"",Gallade,rain-dance,machine,0,Regulation M-A,
475,"",Gallade,reflect,machine,0,Regulation M-A,
475,"",Gallade,rest,machine,0,Regulation M-A,
475,"",Gallade,reversal,machine,0,Regulation M-A,
475,"",Gallade,rock-slide,machine,0,Regulation M-A,
475,"",Gallade,rock-tomb,machine,0,Regulation M-A,
475,"",Gallade,round,machine,0,Regulation M-A,
475,"",Gallade,sacred-sword,machine,0,Regulation M-A,
475,"",Gallade,safeguard,machine,0,Regulation M-A,
475,"",Gallade,shadow-ball,machine,0,Regulation M-A,
475,"",Gallade,shadow-claw,machine,0,Regulation M-A,
475,"",Gallade,shadow-sneak,machine,0,Regulation M-A,
475,"",Gallade,skill-swap,machine,0,Regulation M-A,
475,"",Gallade,sleep-talk,machine,0,Regulation M-A,
475,"",Gallade,snore,machine,0,Regulation M-A,
475,"",Gallade,solar-blade,machine,0,Regulation M-A,
475,"",Gallade,stone-edge,machine,0,Regulation M-A,
475,"",Gallade,stored-power,machine,0,Regulation M-A,
475,"",Gallade,substitute,machine,0,Regulation M-A,
475,"",Gallade,sunny-day,machine,0,Regulation M-A,
475,"",Gallade,swords-dance,machine,0,Regulation M-A,
475,"",Gallade,taunt,machine,0,Regulation M-A,
475,"",Gallade,thief,machine,0,Regulation M-A,
475,"",Gallade,throat-chop,machine,0,Regulation M-A,
475,"",Gallade,thunder-punch,machine,0,Regulation M-A,
475,"",Gallade,thunder-wave,machine,0,Regulation M-A,
475,"",Gallade,thunderbolt,machine,0,Regulation M-A,
475,"",Gallade,trick,machine,0,Regulation M-A,
475,"",Gallade,trick-room,machine,0,Regulation M-A,
475,"",Gallade,triple-axel,machine,0,Regulation M-A,
475,"",Gallade,upper-hand,machine,0,Regulation M-A,
475,"",Gallade,vacuum-wave,machine,0,Regulation M-A,
475,"",Gallade,wide-guard,machine,0,Regulation M-A,
475,"",Gallade,will-o-wisp,machine,0,Regulation M-A,
475,"",Gallade,wonder-room,machine,0,Regulation M-A,
475,"",Gallade,x-scissor,machine,0,Regulation M-A,
475,"",Gallade,zen-headbutt,machine,0,Regulation M-A,
478,"",Froslass,aurora-veil,machine,0,Regulation M-A,
478,"",Froslass,avalanche,machine,0,Regulation M-A,
478,"",Froslass,bite,machine,0,Regulation M-A,
478,"",Froslass,blizzard,machine,0,Regulation M-A,
478,"",Froslass,block,machine,0,Regulation M-A,
478,"",Froslass,body-slam,machine,0,Regulation M-A,
478,"",Froslass,charm,machine,0,Regulation M-A,
478,"",Froslass,chilling-water,machine,0,Regulation M-A,
478,"",Froslass,confuse-ray,machine,0,Regulation M-A,
478,"",Froslass,crunch,machine,0,Regulation M-A,
478,"",Froslass,curse,machine,0,Regulation M-A,
478,"",Froslass,destiny-bond,machine,0,Regulation M-A,
478,"",Froslass,disable,machine,0,Regulation M-A,
478,"",Froslass,double-team,machine,0,Regulation M-A,
478,"",Froslass,draining-kiss,machine,0,Regulation M-A,
478,"",Froslass,endure,machine,0,Regulation M-A,
478,"",Froslass,facade,machine,0,Regulation M-A,
478,"",Froslass,fake-tears,machine,0,Regulation M-A,
478,"",Froslass,fling,machine,0,Regulation M-A,
478,"",Froslass,frost-breath,machine,0,Regulation M-A,
478,"",Froslass,giga-impact,machine,0,Regulation M-A,
478,"",Froslass,haze,machine,0,Regulation M-A,
478,"",Froslass,helping-hand,machine,0,Regulation M-A,
478,"",Froslass,hex,machine,0,Regulation M-A,
478,"",Froslass,hyper-beam,machine,0,Regulation M-A,
478,"",Froslass,ice-beam,machine,0,Regulation M-A,
478,"",Froslass,ice-fang,machine,0,Regulation M-A,
478,"",Froslass,ice-punch,machine,0,Regulation M-A,
478,"",Froslass,ice-shard,machine,0,Regulation M-A,
478,"",Froslass,ice-spinner,machine,0,Regulation M-A,
478,"",Froslass,icicle-crash,machine,0,Regulation M-A,
478,"",Froslass,icicle-spear,machine,0,Regulation M-A,
478,"",Froslass,icy-wind,machine,0,Regulation M-A,
478,"",Froslass,imprison,machine,0,Regulation M-A,
478,"",Froslass,light-screen,machine,0,Regulation M-A,
478,"",Froslass,nasty-plot,machine,0,Regulation M-A,
478,"",Froslass,night-shade,machine,0,Regulation M-A,
478,"",Froslass,pain-split,machine,0,Regulation M-A,
478,"",Froslass,payback,machine,0,Regulation M-A,
478,"",Froslass,phantom-force,machine,0,Regulation M-A,
478,"",Froslass,poltergeist,machine,0,Regulation M-A,
478,"",Froslass,protect,machine,0,Regulation M-A,
478,"",Froslass,psych-up,machine,0,Regulation M-A,
478,"",Froslass,psychic,machine,0,Regulation M-A,
478,"",Froslass,rain-dance,machine,0,Regulation M-A,
478,"",Froslass,reflect,machine,0,Regulation M-A,
478,"",Froslass,rest,machine,0,Regulation M-A,
478,"",Froslass,round,machine,0,Regulation M-A,
478,"",Froslass,safeguard,machine,0,Regulation M-A,
478,"",Froslass,scary-face,machine,0,Regulation M-A,
478,"",Froslass,shadow-ball,machine,0,Regulation M-A,
478,"",Froslass,sleep-talk,machine,0,Regulation M-A,
478,"",Froslass,snore,machine,0,Regulation M-A,
478,"",Froslass,snowscape,machine,0,Regulation M-A,
478,"",Froslass,spikes,machine,0,Regulation M-A,
478,"",Froslass,spite,machine,0,Regulation M-A,
478,"",Froslass,substitute,machine,0,Regulation M-A,
478,"",Froslass,switcheroo,machine,0,Regulation M-A,
478,"",Froslass,taunt,machine,0,Regulation M-A,
478,"",Froslass,thunder,machine,0,Regulation M-A,
478,"",Froslass,thunder-wave,machine,0,Regulation M-A,
478,"",Froslass,thunderbolt,machine,0,Regulation M-A,
478,"",Froslass,trailblaze,machine,0,Regulation M-A,
478,"",Froslass,trick,machine,0,Regulation M-A,
478,"",Froslass,triple-axel,machine,0,Regulation M-A,
478,"",Froslass,water-pulse,machine,0,Regulation M-A,
478,"",Froslass,weather-ball,machine,0,Regulation M-A,
478,"",Froslass,will-o-wisp,machine,0,Regulation M-A,
479,"",Rotom,charge,machine,0,Regulation M-A,
479,"",Rotom,charge-beam,machine,0,Regulation M-A,
479,"",Rotom,confuse-ray,machine,0,Regulation M-A,
479,"",Rotom,dark-pulse,machine,0,Regulation M-A,
479,"",Rotom,discharge,machine,0,Regulation M-A,
479,"",Rotom,double-team,machine,0,Regulation M-A,
479,"",Rotom,eerie-impulse,machine,0,Regulation M-A,
479,"",Rotom,electric-terrain,machine,0,Regulation M-A,
479,"",Rotom,electro-ball,machine,0,Regulation M-A,
479,"",Rotom,electroweb,machine,0,Regulation M-A,
479,"",Rotom,endure,machine,0,Regulation M-A,
479,"",Rotom,facade,machine,0,Regulation M-A,
479,"",Rotom,foul-play,machine,0,Regulation M-A,
479,"",Rotom,helping-hand,machine,0,Regulation M-A,
479,"",Rotom,hex,machine,0,Regulation M-A,
479,"",Rotom,hyper-voice,machine,0,Regulation M-A,
479,"",Rotom,light-screen,machine,0,Regulation M-A,
479,"",Rotom,nasty-plot,machine,0,Regulation M-A,
479,"",Rotom,night-shade,machine,0,Regulation M-A,
479,"",Rotom,pain-split,machine,0,Regulation M-A,
479,"",Rotom,poltergeist,machine,0,Regulation M-A,
479,"",Rotom,protect,machine,0,Regulation M-A,
479,"",Rotom,rain-dance,machine,0,Regulation M-A,
479,"",Rotom,reflect,machine,0,Regulation M-A,
479,"",Rotom,rest,machine,0,Regulation M-A,
479,"",Rotom,rising-voltage,machine,0,Regulation M-A,
479,"",Rotom,round,machine,0,Regulation M-A,
479,"",Rotom,shadow-ball,machine,0,Regulation M-A,
479,"",Rotom,sleep-talk,machine,0,Regulation M-A,
479,"",Rotom,snore,machine,0,Regulation M-A,
479,"",Rotom,spite,machine,0,Regulation M-A,
479,"",Rotom,stored-power,machine,0,Regulation M-A,
479,"",Rotom,substitute,machine,0,Regulation M-A,
479,"",Rotom,sunny-day,machine,0,Regulation M-A,
479,"",Rotom,thief,machine,0,Regulation M-A,
479,"",Rotom,thunder,machine,0,Regulation M-A,
479,"",Rotom,thunder-wave,machine,0,Regulation M-A,
479,"",Rotom,thunderbolt,machine,0,Regulation M-A,
479,"",Rotom,trick,machine,0,Regulation M-A,
479,"",Rotom,uproar,machine,0,Regulation M-A,
479,"",Rotom,volt-switch,machine,0,Regulation M-A,
479,"",Rotom,will-o-wisp,machine,0,Regulation M-A,
479,fan,Rotom-Fan,air-slash,machine,0,Regulation M-A,
479,fan,Rotom-Fan,charge,machine,0,Regulation M-A,
479,fan,Rotom-Fan,charge-beam,machine,0,Regulation M-A,
479,fan,Rotom-Fan,confuse-ray,machine,0,Regulation M-A,
479,fan,Rotom-Fan,dark-pulse,machine,0,Regulation M-A,
479,fan,Rotom-Fan,discharge,machine,0,Regulation M-A,
479,fan,Rotom-Fan,double-team,machine,0,Regulation M-A,
479,fan,Rotom-Fan,eerie-impulse,machine,0,Regulation M-A,
479,fan,Rotom-Fan,electric-terrain,machine,0,Regulation M-A,
479,fan,Rotom-Fan,electro-ball,machine,0,Regulation M-A,
479,fan,Rotom-Fan,electroweb,machine,0,Regulation M-A,
479,fan,Rotom-Fan,endure,machine,0,Regulation M-A,
479,fan,Rotom-Fan,facade,machine,0,Regulation M-A,
479,fan,Rotom-Fan,foul-play,machine,0,Regulation M-A,
479,fan,Rotom-Fan,helping-hand,machine,0,Regulation M-A,
479,fan,Rotom-Fan,hex,machine,0,Regulation M-A,
479,fan,Rotom-Fan,hyper-voice,machine,0,Regulation M-A,
479,fan,Rotom-Fan,light-screen,machine,0,Regulation M-A,
479,fan,Rotom-Fan,nasty-plot,machine,0,Regulation M-A,
479,fan,Rotom-Fan,night-shade,machine,0,Regulation M-A,
479,fan,Rotom-Fan,pain-split,machine,0,Regulation M-A,
479,fan,Rotom-Fan,poltergeist,machine,0,Regulation M-A,
479,fan,Rotom-Fan,protect,machine,0,Regulation M-A,
479,fan,Rotom-Fan,rain-dance,machine,0,Regulation M-A,
479,fan,Rotom-Fan,reflect,machine,0,Regulation M-A,
479,fan,Rotom-Fan,rest,machine,0,Regulation M-A,
479,fan,Rotom-Fan,rising-voltage,machine,0,Regulation M-A,
479,fan,Rotom-Fan,round,machine,0,Regulation M-A,
479,fan,Rotom-Fan,shadow-ball,machine,0,Regulation M-A,
479,fan,Rotom-Fan,sleep-talk,machine,0,Regulation M-A,
479,fan,Rotom-Fan,snore,machine,0,Regulation M-A,
479,fan,Rotom-Fan,spite,machine,0,Regulation M-A,
479,fan,Rotom-Fan,stored-power,machine,0,Regulation M-A,
479,fan,Rotom-Fan,substitute,machine,0,Regulation M-A,
479,fan,Rotom-Fan,sunny-day,machine,0,Regulation M-A,
479,fan,Rotom-Fan,thief,machine,0,Regulation M-A,
479,fan,Rotom-Fan,thunder,machine,0,Regulation M-A,
479,fan,Rotom-Fan,thunder-wave,machine,0,Regulation M-A,
479,fan,Rotom-Fan,thunderbolt,machine,0,Regulation M-A,
479,fan,Rotom-Fan,trick,machine,0,Regulation M-A,
479,fan,Rotom-Fan,uproar,machine,0,Regulation M-A,
479,fan,Rotom-Fan,volt-switch,machine,0,Regulation M-A,
479,fan,Rotom-Fan,will-o-wisp,machine,0,Regulation M-A,
479,frost,Rotom-Frost,blizzard,machine,0,Regulation M-A,
479,frost,Rotom-Frost,charge,machine,0,Regulation M-A,
479,frost,Rotom-Frost,charge-beam,machine,0,Regulation M-A,
479,frost,Rotom-Frost,confuse-ray,machine,0,Regulation M-A,
479,frost,Rotom-Frost,dark-pulse,machine,0,Regulation M-A,
479,frost,Rotom-Frost,discharge,machine,0,Regulation M-A,
479,frost,Rotom-Frost,double-team,machine,0,Regulation M-A,
479,frost,Rotom-Frost,eerie-impulse,machine,0,Regulation M-A,
479,frost,Rotom-Frost,electric-terrain,machine,0,Regulation M-A,
479,frost,Rotom-Frost,electro-ball,machine,0,Regulation M-A,
479,frost,Rotom-Frost,electroweb,machine,0,Regulation M-A,
479,frost,Rotom-Frost,endure,machine,0,Regulation M-A,
479,frost,Rotom-Frost,facade,machine,0,Regulation M-A,
479,frost,Rotom-Frost,foul-play,machine,0,Regulation M-A,
479,frost,Rotom-Frost,helping-hand,machine,0,Regulation M-A,
479,frost,Rotom-Frost,hex,machine,0,Regulation M-A,
479,frost,Rotom-Frost,hyper-voice,machine,0,Regulation M-A,
479,frost,Rotom-Frost,light-screen,machine,0,Regulation M-A,
479,frost,Rotom-Frost,nasty-plot,machine,0,Regulation M-A,
479,frost,Rotom-Frost,night-shade,machine,0,Regulation M-A,
479,frost,Rotom-Frost,pain-split,machine,0,Regulation M-A,
479,frost,Rotom-Frost,poltergeist,machine,0,Regulation M-A,
479,frost,Rotom-Frost,protect,machine,0,Regulation M-A,
479,frost,Rotom-Frost,rain-dance,machine,0,Regulation M-A,
479,frost,Rotom-Frost,reflect,machine,0,Regulation M-A,
479,frost,Rotom-Frost,rest,machine,0,Regulation M-A,
479,frost,Rotom-Frost,rising-voltage,machine,0,Regulation M-A,
479,frost,Rotom-Frost,round,machine,0,Regulation M-A,
479,frost,Rotom-Frost,shadow-ball,machine,0,Regulation M-A,
479,frost,Rotom-Frost,sleep-talk,machine,0,Regulation M-A,
479,frost,Rotom-Frost,snore,machine,0,Regulation M-A,
479,frost,Rotom-Frost,spite,machine,0,Regulation M-A,
479,frost,Rotom-Frost,stored-power,machine,0,Regulation M-A,
479,frost,Rotom-Frost,substitute,machine,0,Regulation M-A,
479,frost,Rotom-Frost,sunny-day,machine,0,Regulation M-A,
479,frost,Rotom-Frost,thief,machine,0,Regulation M-A,
479,frost,Rotom-Frost,thunder,machine,0,Regulation M-A,
479,frost,Rotom-Frost,thunder-wave,machine,0,Regulation M-A,
479,frost,Rotom-Frost,thunderbolt,machine,0,Regulation M-A,
479,frost,Rotom-Frost,trick,machine,0,Regulation M-A,
479,frost,Rotom-Frost,uproar,machine,0,Regulation M-A,
479,frost,Rotom-Frost,volt-switch,machine,0,Regulation M-A,
479,frost,Rotom-Frost,will-o-wisp,machine,0,Regulation M-A,
479,heat,Rotom-Heat,charge,machine,0,Regulation M-A,
479,heat,Rotom-Heat,charge-beam,machine,0,Regulation M-A,
479,heat,Rotom-Heat,confuse-ray,machine,0,Regulation M-A,
479,heat,Rotom-Heat,dark-pulse,machine,0,Regulation M-A,
479,heat,Rotom-Heat,discharge,machine,0,Regulation M-A,
479,heat,Rotom-Heat,double-team,machine,0,Regulation M-A,
479,heat,Rotom-Heat,eerie-impulse,machine,0,Regulation M-A,
479,heat,Rotom-Heat,electric-terrain,machine,0,Regulation M-A,
479,heat,Rotom-Heat,electro-ball,machine,0,Regulation M-A,
479,heat,Rotom-Heat,electroweb,machine,0,Regulation M-A,
479,heat,Rotom-Heat,endure,machine,0,Regulation M-A,
479,heat,Rotom-Heat,facade,machine,0,Regulation M-A,
479,heat,Rotom-Heat,foul-play,machine,0,Regulation M-A,
479,heat,Rotom-Heat,helping-hand,machine,0,Regulation M-A,
479,heat,Rotom-Heat,hex,machine,0,Regulation M-A,
479,heat,Rotom-Heat,hyper-voice,machine,0,Regulation M-A,
479,heat,Rotom-Heat,light-screen,machine,0,Regulation M-A,
479,heat,Rotom-Heat,nasty-plot,machine,0,Regulation M-A,
479,heat,Rotom-Heat,night-shade,machine,0,Regulation M-A,
479,heat,Rotom-Heat,overheat,machine,0,Regulation M-A,
479,heat,Rotom-Heat,pain-split,machine,0,Regulation M-A,
479,heat,Rotom-Heat,poltergeist,machine,0,Regulation M-A,
479,heat,Rotom-Heat,protect,machine,0,Regulation M-A,
479,heat,Rotom-Heat,rain-dance,machine,0,Regulation M-A,
479,heat,Rotom-Heat,reflect,machine,0,Regulation M-A,
479,heat,Rotom-Heat,rest,machine,0,Regulation M-A,
479,heat,Rotom-Heat,rising-voltage,machine,0,Regulation M-A,
479,heat,Rotom-Heat,round,machine,0,Regulation M-A,
479,heat,Rotom-Heat,shadow-ball,machine,0,Regulation M-A,
479,heat,Rotom-Heat,sleep-talk,machine,0,Regulation M-A,
479,heat,Rotom-Heat,snore,machine,0,Regulation M-A,
479,heat,Rotom-Heat,spite,machine,0,Regulation M-A,
479,heat,Rotom-Heat,stored-power,machine,0,Regulation M-A,
479,heat,Rotom-Heat,substitute,machine,0,Regulation M-A,
479,heat,Rotom-Heat,sunny-day,machine,0,Regulation M-A,
479,heat,Rotom-Heat,thief,machine,0,Regulation M-A,
479,heat,Rotom-Heat,thunder,machine,0,Regulation M-A,
479,heat,Rotom-Heat,thunder-wave,machine,0,Regulation M-A,
479,heat,Rotom-Heat,thunderbolt,machine,0,Regulation M-A,
479,heat,Rotom-Heat,trick,machine,0,Regulation M-A,
479,heat,Rotom-Heat,uproar,machine,0,Regulation M-A,
479,heat,Rotom-Heat,volt-switch,machine,0,Regulation M-A,
479,heat,Rotom-Heat,will-o-wisp,machine,0,Regulation M-A,
479,mow,Rotom-Mow,charge,machine,0,Regulation M-A,
479,mow,Rotom-Mow,charge-beam,machine,0,Regulation M-A,
479,mow,Rotom-Mow,confuse-ray,machine,0,Regulation M-A,
479,mow,Rotom-Mow,dark-pulse,machine,0,Regulation M-A,
479,mow,Rotom-Mow,discharge,machine,0,Regulation M-A,
479,mow,Rotom-Mow,double-team,machine,0,Regulation M-A,
479,mow,Rotom-Mow,eerie-impulse,machine,0,Regulation M-A,
479,mow,Rotom-Mow,electric-terrain,machine,0,Regulation M-A,
479,mow,Rotom-Mow,electro-ball,machine,0,Regulation M-A,
479,mow,Rotom-Mow,electroweb,machine,0,Regulation M-A,
479,mow,Rotom-Mow,endure,machine,0,Regulation M-A,
479,mow,Rotom-Mow,facade,machine,0,Regulation M-A,
479,mow,Rotom-Mow,foul-play,machine,0,Regulation M-A,
479,mow,Rotom-Mow,helping-hand,machine,0,Regulation M-A,
479,mow,Rotom-Mow,hex,machine,0,Regulation M-A,
479,mow,Rotom-Mow,hyper-voice,machine,0,Regulation M-A,
479,mow,Rotom-Mow,leaf-storm,machine,0,Regulation M-A,
479,mow,Rotom-Mow,light-screen,machine,0,Regulation M-A,
479,mow,Rotom-Mow,nasty-plot,machine,0,Regulation M-A,
479,mow,Rotom-Mow,night-shade,machine,0,Regulation M-A,
479,mow,Rotom-Mow,pain-split,machine,0,Regulation M-A,
479,mow,Rotom-Mow,poltergeist,machine,0,Regulation M-A,
479,mow,Rotom-Mow,protect,machine,0,Regulation M-A,
479,mow,Rotom-Mow,rain-dance,machine,0,Regulation M-A,
479,mow,Rotom-Mow,reflect,machine,0,Regulation M-A,
479,mow,Rotom-Mow,rest,machine,0,Regulation M-A,
479,mow,Rotom-Mow,rising-voltage,machine,0,Regulation M-A,
479,mow,Rotom-Mow,round,machine,0,Regulation M-A,
479,mow,Rotom-Mow,shadow-ball,machine,0,Regulation M-A,
479,mow,Rotom-Mow,sleep-talk,machine,0,Regulation M-A,
479,mow,Rotom-Mow,snore,machine,0,Regulation M-A,
479,mow,Rotom-Mow,spite,machine,0,Regulation M-A,
479,mow,Rotom-Mow,stored-power,machine,0,Regulation M-A,
479,mow,Rotom-Mow,substitute,machine,0,Regulation M-A,
479,mow,Rotom-Mow,sunny-day,machine,0,Regulation M-A,
479,mow,Rotom-Mow,thief,machine,0,Regulation M-A,
479,mow,Rotom-Mow,thunder,machine,0,Regulation M-A,
479,mow,Rotom-Mow,thunder-wave,machine,0,Regulation M-A,
479,mow,Rotom-Mow,thunderbolt,machine,0,Regulation M-A,
479,mow,Rotom-Mow,trick,machine,0,Regulation M-A,
479,mow,Rotom-Mow,uproar,machine,0,Regulation M-A,
479,mow,Rotom-Mow,volt-switch,machine,0,Regulation M-A,
479,mow,Rotom-Mow,will-o-wisp,machine,0,Regulation M-A,
479,wash,Rotom-Wash,charge,machine,0,Regulation M-A,
479,wash,Rotom-Wash,charge-beam,machine,0,Regulation M-A,
479,wash,Rotom-Wash,confuse-ray,machine,0,Regulation M-A,
479,wash,Rotom-Wash,dark-pulse,machine,0,Regulation M-A,
479,wash,Rotom-Wash,discharge,machine,0,Regulation M-A,
479,wash,Rotom-Wash,double-team,machine,0,Regulation M-A,
479,wash,Rotom-Wash,eerie-impulse,machine,0,Regulation M-A,
479,wash,Rotom-Wash,electric-terrain,machine,0,Regulation M-A,
479,wash,Rotom-Wash,electro-ball,machine,0,Regulation M-A,
479,wash,Rotom-Wash,electroweb,machine,0,Regulation M-A,
479,wash,Rotom-Wash,endure,machine,0,Regulation M-A,
479,wash,Rotom-Wash,facade,machine,0,Regulation M-A,
479,wash,Rotom-Wash,foul-play,machine,0,Regulation M-A,
479,wash,Rotom-Wash,helping-hand,machine,0,Regulation M-A,
479,wash,Rotom-Wash,hex,machine,0,Regulation M-A,
479,wash,Rotom-Wash,hydro-pump,machine,0,Regulation M-A,
479,wash,Rotom-Wash,hyper-voice,machine,0,Regulation M-A,
479,wash,Rotom-Wash,light-screen,machine,0,Regulation M-A,
479,wash,Rotom-Wash,nasty-plot,machine,0,Regulation M-A,
479,wash,Rotom-Wash,night-shade,machine,0,Regulation M-A,
479,wash,Rotom-Wash,pain-split,machine,0,Regulation M-A,
479,wash,Rotom-Wash,poltergeist,machine,0,Regulation M-A,
479,wash,Rotom-Wash,protect,machine,0,Regulation M-A,
479,wash,Rotom-Wash,rain-dance,machine,0,Regulation M-A,
479,wash,Rotom-Wash,reflect,machine,0,Regulation M-A,
479,wash,Rotom-Wash,rest,machine,0,Regulation M-A,
479,wash,Rotom-Wash,rising-voltage,machine,0,Regulation M-A,
479,wash,Rotom-Wash,round,machine,0,Regulation M-A,
479,wash,Rotom-Wash,shadow-ball,machine,0,Regulation M-A,
479,wash,Rotom-Wash,sleep-talk,machine,0,Regulation M-A,
479,wash,Rotom-Wash,snore,machine,0,Regulation M-A,
479,wash,Rotom-Wash,spite,machine,0,Regulation M-A,
479,wash,Rotom-Wash,stored-power,machine,0,Regulation M-A,
479,wash,Rotom-Wash,substitute,machine,0,Regulation M-A,
479,wash,Rotom-Wash,sunny-day,machine,0,Regulation M-A,
479,wash,Rotom-Wash,thief,machine,0,Regulation M-A,
479,wash,Rotom-Wash,thunder,machine,0,Regulation M-A,
479,wash,Rotom-Wash,thunder-wave,machine,0,Regulation M-A,
479,wash,Rotom-Wash,thunderbolt,machine,0,Regulation M-A,
479,wash,Rotom-Wash,trick,machine,0,Regulation M-A,
479,wash,Rotom-Wash,uproar,machine,0,Regulation M-A,
479,wash,Rotom-Wash,volt-switch,machine,0,Regulation M-A,
479,wash,Rotom-Wash,will-o-wisp,machine,0,Regulation M-A,
497,"",Serperior,aerial-ace,machine,0,Regulation M-A,
497,"",Serperior,attract,machine,0,Regulation M-A,
497,"",Serperior,body-slam,machine,0,Regulation M-A,
497,"",Serperior,breaking-swipe,machine,0,Regulation M-A,
497,"",Serperior,brutal-swing,machine,0,Regulation M-A,
497,"",Serperior,bullet-seed,machine,0,Regulation M-A,
497,"",Serperior,calm-mind,machine,0,Regulation M-A,
497,"",Serperior,coil,machine,0,Regulation M-A,
497,"",Serperior,double-edge,machine,0,Regulation M-A,
497,"",Serperior,dragon-pulse,machine,0,Regulation M-A,
497,"",Serperior,dragon-tail,machine,0,Regulation M-A,
497,"",Serperior,endure,machine,0,Regulation M-A,
497,"",Serperior,energy-ball,machine,0,Regulation M-A,
497,"",Serperior,facade,machine,0,Regulation M-A,
497,"",Serperior,frenzy-plant,machine,0,Regulation M-A,
497,"",Serperior,gastro-acid,machine,0,Regulation M-A,
497,"",Serperior,giga-drain,machine,0,Regulation M-A,
497,"",Serperior,giga-impact,machine,0,Regulation M-A,
497,"",Serperior,glare,machine,0,Regulation M-A,
497,"",Serperior,grass-knot,machine,0,Regulation M-A,
497,"",Serperior,grassy-glide,machine,0,Regulation M-A,
497,"",Serperior,grassy-terrain,machine,0,Regulation M-A,
497,"",Serperior,growth,machine,0,Regulation M-A,
497,"",Serperior,helping-hand,machine,0,Regulation M-A,
497,"",Serperior,hyper-beam,machine,0,Regulation M-A,
497,"",Serperior,iron-tail,machine,0,Regulation M-A,
497,"",Serperior,knock-off,machine,0,Regulation M-A,
497,"",Serperior,leaf-blade,machine,0,Regulation M-A,
497,"",Serperior,leaf-storm,machine,0,Regulation M-A,
497,"",Serperior,leech-seed,machine,0,Regulation M-A,
497,"",Serperior,light-screen,machine,0,Regulation M-A,
497,"",Serperior,mean-look,machine,0,Regulation M-A,
497,"",Serperior,mirror-coat,machine,0,Regulation M-A,
497,"",Serperior,outrage,machine,0,Regulation M-A,
497,"",Serperior,petal-blizzard,machine,0,Regulation M-A,
497,"",Serperior,protect,machine,0,Regulation M-A,
497,"",Serperior,reflect,machine,0,Regulation M-A,
497,"",Serperior,rest,machine,0,Regulation M-A,
497,"",Serperior,round,machine,0,Regulation M-A,
497,"",Serperior,scale-shot,machine,0,Regulation M-A,
497,"",Serperior,scary-face,machine,0,Regulation M-A,
497,"",Serperior,seed-bomb,machine,0,Regulation M-A,
497,"",Serperior,sleep-talk,machine,0,Regulation M-A,
497,"",Serperior,snore,machine,0,Regulation M-A,
497,"",Serperior,solar-beam,machine,0,Regulation M-A,
497,"",Serperior,substitute,machine,0,Regulation M-A,
497,"",Serperior,sunny-day,machine,0,Regulation M-A,
497,"",Serperior,sweet-scent,machine,0,Regulation M-A,
497,"",Serperior,swords-dance,machine,0,Regulation M-A,
497,"",Serperior,synthesis,machine,0,Regulation M-A,
497,"",Serperior,taunt,machine,0,Regulation M-A,
497,"",Serperior,trailblaze,machine,0,Regulation M-A,
497,"",Serperior,wrap,machine,0,Regulation M-A,
500,"",Emboar,assurance,machine,0,Regulation M-A,
500,"",Emboar,blast-burn,machine,0,Regulation M-A,
500,"",Emboar,body-press,machine,0,Regulation M-A,
500,"",Emboar,body-slam,machine,0,Regulation M-A,
500,"",Emboar,brick-break,machine,0,Regulation M-A,
500,"",Emboar,bulk-up,machine,0,Regulation M-A,
500,"",Emboar,bulldoze,machine,0,Regulation M-A,
500,"",Emboar,burn-up,machine,0,Regulation M-A,
500,"",Emboar,close-combat,machine,0,Regulation M-A,
500,"",Emboar,coaching,machine,0,Regulation M-A,
500,"",Emboar,curse,machine,0,Regulation M-A,
500,"",Emboar,dig,machine,0,Regulation M-A,
500,"",Emboar,double-edge,machine,0,Regulation M-A,
500,"",Emboar,drain-punch,machine,0,Regulation M-A,
500,"",Emboar,earthquake,machine,0,Regulation M-A,
500,"",Emboar,endeavor,machine,0,Regulation M-A,
500,"",Emboar,endure,machine,0,Regulation M-A,
500,"",Emboar,facade,machine,0,Regulation M-A,
500,"",Emboar,fire-blast,machine,0,Regulation M-A,
500,"",Emboar,fire-punch,machine,0,Regulation M-A,
500,"",Emboar,fire-spin,machine,0,Regulation M-A,
500,"",Emboar,flame-charge,machine,0,Regulation M-A,
500,"",Emboar,flamethrower,machine,0,Regulation M-A,
500,"",Emboar,flare-blitz,machine,0,Regulation M-A,
500,"",Emboar,fling,machine,0,Regulation M-A,
500,"",Emboar,focus-blast,machine,0,Regulation M-A,
500,"",Emboar,focus-energy,machine,0,Regulation M-A,
500,"",Emboar,focus-punch,machine,0,Regulation M-A,
500,"",Emboar,giga-impact,machine,0,Regulation M-A,
500,"",Emboar,grass-knot,machine,0,Regulation M-A,
500,"",Emboar,gyro-ball,machine,0,Regulation M-A,
500,"",Emboar,hammer-arm,machine,0,Regulation M-A,
500,"",Emboar,hard-press,machine,0,Regulation M-A,
500,"",Emboar,head-smash,machine,0,Regulation M-A,
500,"",Emboar,heat-crash,machine,0,Regulation M-A,
500,"",Emboar,heat-wave,machine,0,Regulation M-A,
500,"",Emboar,heavy-slam,machine,0,Regulation M-A,
500,"",Emboar,helping-hand,machine,0,Regulation M-A,
500,"",Emboar,high-horsepower,machine,0,Regulation M-A,
500,"",Emboar,hyper-beam,machine,0,Regulation M-A,
500,"",Emboar,iron-head,machine,0,Regulation M-A,
500,"",Emboar,iron-tail,machine,0,Regulation M-A,
500,"",Emboar,knock-off,machine,0,Regulation M-A,
500,"",Emboar,low-kick,machine,0,Regulation M-A,
500,"",Emboar,low-sweep,machine,0,Regulation M-A,
500,"",Emboar,mud-slap,machine,0,Regulation M-A,
500,"",Emboar,overheat,machine,0,Regulation M-A,
500,"",Emboar,poison-jab,machine,0,Regulation M-A,
500,"",Emboar,protect,machine,0,Regulation M-A,
500,"",Emboar,rest,machine,0,Regulation M-A,
500,"",Emboar,reversal,machine,0,Regulation M-A,
500,"",Emboar,roar,machine,0,Regulation M-A,
500,"",Emboar,rock-slide,machine,0,Regulation M-A,
500,"",Emboar,rock-tomb,machine,0,Regulation M-A,
500,"",Emboar,round,machine,0,Regulation M-A,
500,"",Emboar,scald,machine,0,Regulation M-A,
500,"",Emboar,scary-face,machine,0,Regulation M-A,
500,"",Emboar,scorching-sands,machine,0,Regulation M-A,
500,"",Emboar,sleep-talk,machine,0,Regulation M-A,
500,"",Emboar,smack-down,machine,0,Regulation M-A,
500,"",Emboar,snore,machine,0,Regulation M-A,
500,"",Emboar,solar-beam,machine,0,Regulation M-A,
500,"",Emboar,solar-blade,machine,0,Regulation M-A,
500,"",Emboar,stomping-tantrum,machine,0,Regulation M-A,
500,"",Emboar,stone-edge,machine,0,Regulation M-A,
500,"",Emboar,storm-throw,machine,0,Regulation M-A,
500,"",Emboar,substitute,machine,0,Regulation M-A,
500,"",Emboar,sucker-punch,machine,0,Regulation M-A,
500,"",Emboar,sunny-day,machine,0,Regulation M-A,
500,"",Emboar,superpower,machine,0,Regulation M-A,
500,"",Emboar,taunt,machine,0,Regulation M-A,
500,"",Emboar,temper-flare,machine,0,Regulation M-A,
500,"",Emboar,thrash,machine,0,Regulation M-A,
500,"",Emboar,thunder-punch,machine,0,Regulation M-A,
500,"",Emboar,trailblaze,machine,0,Regulation M-A,
500,"",Emboar,wild-charge,machine,0,Regulation M-A,
500,"",Emboar,will-o-wisp,machine,0,Regulation M-A,
500,"",Emboar,yawn,machine,0,Regulation M-A,
500,"",Emboar,zen-headbutt,machine,0,Regulation M-A,
503,"",Samurott,aerial-ace,machine,0,Regulation M-A,
503,"",Samurott,air-slash,machine,0,Regulation M-A,
503,"",Samurott,aqua-cutter,machine,0,Regulation M-A,
503,"",Samurott,aqua-jet,machine,0,Regulation M-A,
503,"",Samurott,aqua-tail,machine,0,Regulation M-A,
503,"",Samurott,assurance,machine,0,Regulation M-A,
503,"",Samurott,avalanche,machine,0,Regulation M-A,
503,"",Samurott,blizzard,machine,0,Regulation M-A,
503,"",Samurott,body-slam,machine,0,Regulation M-A,
503,"",Samurott,brick-break,machine,0,Regulation M-A,
503,"",Samurott,bulldoze,machine,0,Regulation M-A,
503,"",Samurott,chilling-water,machine,0,Regulation M-A,
503,"",Samurott,copycat,machine,0,Regulation M-A,
503,"",Samurott,detect,machine,0,Regulation M-A,
503,"",Samurott,dig,machine,0,Regulation M-A,
503,"",Samurott,dive,machine,0,Regulation M-A,
503,"",Samurott,drill-run,machine,0,Regulation M-A,
503,"",Samurott,encore,machine,0,Regulation M-A,
503,"",Samurott,endure,machine,0,Regulation M-A,
503,"",Samurott,facade,machine,0,Regulation M-A,
503,"",Samurott,fling,machine,0,Regulation M-A,
503,"",Samurott,flip-turn,machine,0,Regulation M-A,
503,"",Samurott,focus-energy,machine,0,Regulation M-A,
503,"",Samurott,giga-impact,machine,0,Regulation M-A,
503,"",Samurott,grass-knot,machine,0,Regulation M-A,
503,"",Samurott,helping-hand,machine,0,Regulation M-A,
503,"",Samurott,hydro-cannon,machine,0,Regulation M-A,
503,"",Samurott,hydro-pump,machine,0,Regulation M-A,
503,"",Samurott,hyper-beam,machine,0,Regulation M-A,
503,"",Samurott,ice-beam,machine,0,Regulation M-A,
503,"",Samurott,icy-wind,machine,0,Regulation M-A,
503,"",Samurott,iron-tail,machine,0,Regulation M-A,
503,"",Samurott,knock-off,machine,0,Regulation M-A,
503,"",Samurott,liquidation,machine,0,Regulation M-A,
503,"",Samurott,megahorn,machine,0,Regulation M-A,
503,"",Samurott,night-slash,machine,0,Regulation M-A,
503,"",Samurott,protect,machine,0,Regulation M-A,
503,"",Samurott,rain-dance,machine,0,Regulation M-A,
503,"",Samurott,razor-shell,machine,0,Regulation M-A,
503,"",Samurott,rest,machine,0,Regulation M-A,
503,"",Samurott,round,machine,0,Regulation M-A,
503,"",Samurott,sacred-sword,machine,0,Regulation M-A,
503,"",Samurott,scary-face,machine,0,Regulation M-A,
503,"",Samurott,screech,machine,0,Regulation M-A,
503,"",Samurott,sleep-talk,machine,0,Regulation M-A,
503,"",Samurott,smart-strike,machine,0,Regulation M-A,
503,"",Samurott,snore,machine,0,Regulation M-A,
503,"",Samurott,snowscape,machine,0,Regulation M-A,
503,"",Samurott,soak,machine,0,Regulation M-A,
503,"",Samurott,substitute,machine,0,Regulation M-A,
503,"",Samurott,superpower,machine,0,Regulation M-A,
503,"",Samurott,surf,machine,0,Regulation M-A,
503,"",Samurott,swords-dance,machine,0,Regulation M-A,
503,"",Samurott,taunt,machine,0,Regulation M-A,
503,"",Samurott,thief,machine,0,Regulation M-A,
503,"",Samurott,upper-hand,machine,0,Regulation M-A,
503,"",Samurott,vacuum-wave,machine,0,Regulation M-A,
503,"",Samurott,water-pulse,machine,0,Regulation M-A,
503,"",Samurott,waterfall,machine,0,Regulation M-A,
503,"",Samurott,whirlpool,machine,0,Regulation M-A,
503,"",Samurott,x-scissor,machine,0,Regulation M-A,
503,hisui,Samurott-Hisui,aerial-ace,machine,0,Regulation M-A,
503,hisui,Samurott-Hisui,air-slash,machine,0,Regulation M-A,
503,hisui,Samurott-Hisui,aqua-cutter,machine,0,Regulation M-A,
503,hisui,Samurott-Hisui,aqua-jet,machine,0,Regulation M-A,
503,hisui,Samurott-Hisui,aqua-tail,machine,0,Regulation M-A,
503,hisui,Samurott-Hisui,assurance,machine,0,Regulation M-A,
503,hisui,Samurott-Hisui,avalanche,machine,0,Regulation M-A,
503,hisui,Samurott-Hisui,blizzard,machine,0,Regulation M-A,
503,hisui,Samurott-Hisui,body-slam,machine,0,Regulation M-A,
503,hisui,Samurott-Hisui,brick-break,machine,0,Regulation M-A,
503,hisui,Samurott-Hisui,bulldoze,machine,0,Regulation M-A,
503,hisui,Samurott-Hisui,ceaseless-edge,machine,0,Regulation M-A,
503,hisui,Samurott-Hisui,chilling-water,machine,0,Regulation M-A,
503,hisui,Samurott-Hisui,copycat,machine,0,Regulation M-A,
503,hisui,Samurott-Hisui,dark-pulse,machine,0,Regulation M-A,
503,hisui,Samurott-Hisui,detect,machine,0,Regulation M-A,
503,hisui,Samurott-Hisui,dig,machine,0,Regulation M-A,
503,hisui,Samurott-Hisui,dive,machine,0,Regulation M-A,
503,hisui,Samurott-Hisui,drill-run,machine,0,Regulation M-A,
503,hisui,Samurott-Hisui,encore,machine,0,Regulation M-A,
503,hisui,Samurott-Hisui,endure,machine,0,Regulation M-A,
503,hisui,Samurott-Hisui,facade,machine,0,Regulation M-A,
503,hisui,Samurott-Hisui,fling,machine,0,Regulation M-A,
503,hisui,Samurott-Hisui,flip-turn,machine,0,Regulation M-A,
503,hisui,Samurott-Hisui,focus-energy,machine,0,Regulation M-A,
503,hisui,Samurott-Hisui,giga-impact,machine,0,Regulation M-A,
503,hisui,Samurott-Hisui,grass-knot,machine,0,Regulation M-A,
503,hisui,Samurott-Hisui,helping-hand,machine,0,Regulation M-A,
503,hisui,Samurott-Hisui,hydro-cannon,machine,0,Regulation M-A,
503,hisui,Samurott-Hisui,hydro-pump,machine,0,Regulation M-A,
503,hisui,Samurott-Hisui,hyper-beam,machine,0,Regulation M-A,
503,hisui,Samurott-Hisui,ice-beam,machine,0,Regulation M-A,
503,hisui,Samurott-Hisui,icy-wind,machine,0,Regulation M-A,
503,hisui,Samurott-Hisui,iron-tail,machine,0,Regulation M-A,
503,hisui,Samurott-Hisui,knock-off,machine,0,Regulation M-A,
503,hisui,Samurott-Hisui,lash-out,machine,0,Regulation M-A,
503,hisui,Samurott-Hisui,liquidation,machine,0,Regulation M-A,
503,hisui,Samurott-Hisui,megahorn,machine,0,Regulation M-A,
503,hisui,Samurott-Hisui,night-slash,machine,0,Regulation M-A,
503,hisui,Samurott-Hisui,protect,machine,0,Regulation M-A,
503,hisui,Samurott-Hisui,rain-dance,machine,0,Regulation M-A,
503,hisui,Samurott-Hisui,razor-shell,machine,0,Regulation M-A,
503,hisui,Samurott-Hisui,rest,machine,0,Regulation M-A,
503,hisui,Samurott-Hisui,round,machine,0,Regulation M-A,
503,hisui,Samurott-Hisui,sacred-sword,machine,0,Regulation M-A,
503,hisui,Samurott-Hisui,scary-face,machine,0,Regulation M-A,
503,hisui,Samurott-Hisui,screech,machine,0,Regulation M-A,
503,hisui,Samurott-Hisui,sleep-talk,machine,0,Regulation M-A,
503,hisui,Samurott-Hisui,smart-strike,machine,0,Regulation M-A,
503,hisui,Samurott-Hisui,snarl,machine,0,Regulation M-A,
503,hisui,Samurott-Hisui,snore,machine,0,Regulation M-A,
503,hisui,Samurott-Hisui,snowscape,machine,0,Regulation M-A,
503,hisui,Samurott-Hisui,soak,machine,0,Regulation M-A,
503,hisui,Samurott-Hisui,substitute,machine,0,Regulation M-A,
503,hisui,Samurott-Hisui,sucker-punch,machine,0,Regulation M-A,
503,hisui,Samurott-Hisui,superpower,machine,0,Regulation M-A,
503,hisui,Samurott-Hisui,surf,machine,0,Regulation M-A,
503,hisui,Samurott-Hisui,swords-dance,machine,0,Regulation M-A,
503,hisui,Samurott-Hisui,taunt,machine,0,Regulation M-A,
503,hisui,Samurott-Hisui,thief,machine,0,Regulation M-A,
503,hisui,Samurott-Hisui,throat-chop,machine,0,Regulation M-A,
503,hisui,Samurott-Hisui,upper-hand,machine,0,Regulation M-A,
503,hisui,Samurott-Hisui,vacuum-wave,machine,0,Regulation M-A,
503,hisui,Samurott-Hisui,water-pulse,machine,0,Regulation M-A,
503,hisui,Samurott-Hisui,waterfall,machine,0,Regulation M-A,
503,hisui,Samurott-Hisui,whirlpool,machine,0,Regulation M-A,
503,hisui,Samurott-Hisui,x-scissor,machine,0,Regulation M-A,
505,"",Watchog,after-you,machine,0,Regulation M-A,
505,"",Watchog,assurance,machine,0,Regulation M-A,
505,"",Watchog,attract,machine,0,Regulation M-A,
505,"",Watchog,baton-pass,machine,0,Regulation M-A,
505,"",Watchog,bite,machine,0,Regulation M-A,
505,"",Watchog,bullet-seed,machine,0,Regulation M-A,
505,"",Watchog,confuse-ray,machine,0,Regulation M-A,
505,"",Watchog,crunch,machine,0,Regulation M-A,
505,"",Watchog,detect,machine,0,Regulation M-A,
505,"",Watchog,dig,machine,0,Regulation M-A,
505,"",Watchog,double-edge,machine,0,Regulation M-A,
505,"",Watchog,endure,machine,0,Regulation M-A,
505,"",Watchog,facade,machine,0,Regulation M-A,
505,"",Watchog,fire-punch,machine,0,Regulation M-A,
505,"",Watchog,flamethrower,machine,0,Regulation M-A,
505,"",Watchog,fling,machine,0,Regulation M-A,
505,"",Watchog,focus-blast,machine,0,Regulation M-A,
505,"",Watchog,focus-energy,machine,0,Regulation M-A,
505,"",Watchog,giga-impact,machine,0,Regulation M-A,
505,"",Watchog,grass-knot,machine,0,Regulation M-A,
505,"",Watchog,gunk-shot,machine,0,Regulation M-A,
505,"",Watchog,helping-hand,machine,0,Regulation M-A,
505,"",Watchog,hyper-beam,machine,0,Regulation M-A,
505,"",Watchog,hypnosis,machine,0,Regulation M-A,
505,"",Watchog,ice-punch,machine,0,Regulation M-A,
505,"",Watchog,iron-tail,machine,0,Regulation M-A,
505,"",Watchog,light-screen,machine,0,Regulation M-A,
505,"",Watchog,low-kick,machine,0,Regulation M-A,
505,"",Watchog,mean-look,machine,0,Regulation M-A,
505,"",Watchog,mud-shot,machine,0,Regulation M-A,
505,"",Watchog,nasty-plot,machine,0,Regulation M-A,
505,"",Watchog,protect,machine,0,Regulation M-A,
505,"",Watchog,psych-up,machine,0,Regulation M-A,
505,"",Watchog,rain-dance,machine,0,Regulation M-A,
505,"",Watchog,rest,machine,0,Regulation M-A,
505,"",Watchog,round,machine,0,Regulation M-A,
505,"",Watchog,screech,machine,0,Regulation M-A,
505,"",Watchog,seed-bomb,machine,0,Regulation M-A,
505,"",Watchog,shadow-ball,machine,0,Regulation M-A,
505,"",Watchog,sleep-talk,machine,0,Regulation M-A,
505,"",Watchog,snore,machine,0,Regulation M-A,
505,"",Watchog,stomping-tantrum,machine,0,Regulation M-A,
505,"",Watchog,substitute,machine,0,Regulation M-A,
505,"",Watchog,sunny-day,machine,0,Regulation M-A,
505,"",Watchog,super-fang,machine,0,Regulation M-A,
505,"",Watchog,swords-dance,machine,0,Regulation M-A,
505,"",Watchog,thunder,machine,0,Regulation M-A,
505,"",Watchog,thunder-punch,machine,0,Regulation M-A,
505,"",Watchog,thunder-wave,machine,0,Regulation M-A,
505,"",Watchog,thunderbolt,machine,0,Regulation M-A,
505,"",Watchog,trailblaze,machine,0,Regulation M-A,
505,"",Watchog,zen-headbutt,machine,0,Regulation M-A,
510,"",Liepard,assurance,machine,0,Regulation M-A,
510,"",Liepard,attract,machine,0,Regulation M-A,
510,"",Liepard,baton-pass,machine,0,Regulation M-A,
510,"",Liepard,bite,machine,0,Regulation M-A,
510,"",Liepard,burning-jealousy,machine,0,Regulation M-A,
510,"",Liepard,charm,machine,0,Regulation M-A,
510,"",Liepard,copycat,machine,0,Regulation M-A,
510,"",Liepard,covet,machine,0,Regulation M-A,
510,"",Liepard,crunch,machine,0,Regulation M-A,
510,"",Liepard,dark-pulse,machine,0,Regulation M-A,
510,"",Liepard,double-team,machine,0,Regulation M-A,
510,"",Liepard,encore,machine,0,Regulation M-A,
510,"",Liepard,endure,machine,0,Regulation M-A,
510,"",Liepard,facade,machine,0,Regulation M-A,
510,"",Liepard,fake-out,machine,0,Regulation M-A,
510,"",Liepard,fake-tears,machine,0,Regulation M-A,
510,"",Liepard,fire-fang,machine,0,Regulation M-A,
510,"",Liepard,foul-play,machine,0,Regulation M-A,
510,"",Liepard,giga-impact,machine,0,Regulation M-A,
510,"",Liepard,grass-knot,machine,0,Regulation M-A,
510,"",Liepard,gunk-shot,machine,0,Regulation M-A,
510,"",Liepard,hyper-beam,machine,0,Regulation M-A,
510,"",Liepard,hyper-voice,machine,0,Regulation M-A,
510,"",Liepard,ice-fang,machine,0,Regulation M-A,
510,"",Liepard,iron-tail,machine,0,Regulation M-A,
510,"",Liepard,knock-off,machine,0,Regulation M-A,
510,"",Liepard,lash-out,machine,0,Regulation M-A,
510,"",Liepard,nasty-plot,machine,0,Regulation M-A,
510,"",Liepard,night-slash,machine,0,Regulation M-A,
510,"",Liepard,payback,machine,0,Regulation M-A,
510,"",Liepard,play-rough,machine,0,Regulation M-A,
510,"",Liepard,protect,machine,0,Regulation M-A,
510,"",Liepard,psychic-fangs,machine,0,Regulation M-A,
510,"",Liepard,psycho-cut,machine,0,Regulation M-A,
510,"",Liepard,quick-attack,machine,0,Regulation M-A,
510,"",Liepard,rain-dance,machine,0,Regulation M-A,
510,"",Liepard,rest,machine,0,Regulation M-A,
510,"",Liepard,round,machine,0,Regulation M-A,
510,"",Liepard,screech,machine,0,Regulation M-A,
510,"",Liepard,seed-bomb,machine,0,Regulation M-A,
510,"",Liepard,shadow-ball,machine,0,Regulation M-A,
510,"",Liepard,shadow-claw,machine,0,Regulation M-A,
510,"",Liepard,skitter-smack,machine,0,Regulation M-A,
510,"",Liepard,sleep-talk,machine,0,Regulation M-A,
510,"",Liepard,snarl,machine,0,Regulation M-A,
510,"",Liepard,snore,machine,0,Regulation M-A,
510,"",Liepard,substitute,machine,0,Regulation M-A,
510,"",Liepard,sucker-punch,machine,0,Regulation M-A,
510,"",Liepard,sunny-day,machine,0,Regulation M-A,
510,"",Liepard,swagger,machine,0,Regulation M-A,
510,"",Liepard,taunt,machine,0,Regulation M-A,
510,"",Liepard,thief,machine,0,Regulation M-A,
510,"",Liepard,throat-chop,machine,0,Regulation M-A,
510,"",Liepard,thunder-fang,machine,0,Regulation M-A,
510,"",Liepard,thunder-wave,machine,0,Regulation M-A,
510,"",Liepard,torment,machine,0,Regulation M-A,
510,"",Liepard,trailblaze,machine,0,Regulation M-A,
510,"",Liepard,trick,machine,0,Regulation M-A,
510,"",Liepard,u-turn,machine,0,Regulation M-A,
510,"",Liepard,yawn,machine,0,Regulation M-A,
512,"",Simisage,acrobatics,machine,0,Regulation M-A,
512,"",Simisage,attract,machine,0,Regulation M-A,
512,"",Simisage,belch,machine,0,Regulation M-A,
512,"",Simisage,bite,machine,0,Regulation M-A,
512,"",Simisage,brick-break,machine,0,Regulation M-A,
512,"",Simisage,bullet-seed,machine,0,Regulation M-A,
512,"",Simisage,crunch,machine,0,Regulation M-A,
512,"",Simisage,dig,machine,0,Regulation M-A,
512,"",Simisage,endure,machine,0,Regulation M-A,
512,"",Simisage,energy-ball,machine,0,Regulation M-A,
512,"",Simisage,facade,machine,0,Regulation M-A,
512,"",Simisage,fake-out,machine,0,Regulation M-A,
512,"",Simisage,fling,machine,0,Regulation M-A,
512,"",Simisage,focus-blast,machine,0,Regulation M-A,
512,"",Simisage,giga-drain,machine,0,Regulation M-A,
512,"",Simisage,giga-impact,machine,0,Regulation M-A,
512,"",Simisage,grass-knot,machine,0,Regulation M-A,
512,"",Simisage,grassy-glide,machine,0,Regulation M-A,
512,"",Simisage,gunk-shot,machine,0,Regulation M-A,
512,"",Simisage,helping-hand,machine,0,Regulation M-A,
512,"",Simisage,hyper-beam,machine,0,Regulation M-A,
512,"",Simisage,iron-tail,machine,0,Regulation M-A,
512,"",Simisage,leaf-storm,machine,0,Regulation M-A,
512,"",Simisage,leech-seed,machine,0,Regulation M-A,
512,"",Simisage,low-kick,machine,0,Regulation M-A,
512,"",Simisage,low-sweep,machine,0,Regulation M-A,
512,"",Simisage,nasty-plot,machine,0,Regulation M-A,
512,"",Simisage,payback,machine,0,Regulation M-A,
512,"",Simisage,protect,machine,0,Regulation M-A,
512,"",Simisage,recycle,machine,0,Regulation M-A,
512,"",Simisage,rest,machine,0,Regulation M-A,
512,"",Simisage,rock-slide,machine,0,Regulation M-A,
512,"",Simisage,rock-tomb,machine,0,Regulation M-A,
512,"",Simisage,round,machine,0,Regulation M-A,
512,"",Simisage,seed-bomb,machine,0,Regulation M-A,
512,"",Simisage,shadow-claw,machine,0,Regulation M-A,
512,"",Simisage,sleep-talk,machine,0,Regulation M-A,
512,"",Simisage,snore,machine,0,Regulation M-A,
512,"",Simisage,solar-beam,machine,0,Regulation M-A,
512,"",Simisage,solar-blade,machine,0,Regulation M-A,
512,"",Simisage,stuff-cheeks,machine,0,Regulation M-A,
512,"",Simisage,substitute,machine,0,Regulation M-A,
512,"",Simisage,sunny-day,machine,0,Regulation M-A,
512,"",Simisage,superpower,machine,0,Regulation M-A,
512,"",Simisage,taunt,machine,0,Regulation M-A,
512,"",Simisage,thief,machine,0,Regulation M-A,
512,"",Simisage,throat-chop,machine,0,Regulation M-A,
512,"",Simisage,torment,machine,0,Regulation M-A,
512,"",Simisage,trailblaze,machine,0,Regulation M-A,
512,"",Simisage,uproar,machine,0,Regulation M-A,
514,"",Simisear,acrobatics,machine,0,Regulation M-A,
514,"",Simisear,amnesia,machine,0,Regulation M-A,
514,"",Simisear,attract,machine,0,Regulation M-A,
514,"",Simisear,belch,machine,0,Regulation M-A,
514,"",Simisear,bite,machine,0,Regulation M-A,
514,"",Simisear,blaze-kick,machine,0,Regulation M-A,
514,"",Simisear,brick-break,machine,0,Regulation M-A,
514,"",Simisear,burning-jealousy,machine,0,Regulation M-A,
514,"",Simisear,crunch,machine,0,Regulation M-A,
514,"",Simisear,dig,machine,0,Regulation M-A,
514,"",Simisear,endure,machine,0,Regulation M-A,
514,"",Simisear,facade,machine,0,Regulation M-A,
514,"",Simisear,fake-out,machine,0,Regulation M-A,
514,"",Simisear,fire-blast,machine,0,Regulation M-A,
514,"",Simisear,fire-punch,machine,0,Regulation M-A,
514,"",Simisear,fire-spin,machine,0,Regulation M-A,
514,"",Simisear,flame-charge,machine,0,Regulation M-A,
514,"",Simisear,flamethrower,machine,0,Regulation M-A,
514,"",Simisear,flare-blitz,machine,0,Regulation M-A,
514,"",Simisear,fling,machine,0,Regulation M-A,
514,"",Simisear,focus-blast,machine,0,Regulation M-A,
514,"",Simisear,giga-impact,machine,0,Regulation M-A,
514,"",Simisear,grass-knot,machine,0,Regulation M-A,
514,"",Simisear,gunk-shot,machine,0,Regulation M-A,
514,"",Simisear,heat-wave,machine,0,Regulation M-A,
514,"",Simisear,helping-hand,machine,0,Regulation M-A,
514,"",Simisear,hyper-beam,machine,0,Regulation M-A,
514,"",Simisear,iron-tail,machine,0,Regulation M-A,
514,"",Simisear,low-kick,machine,0,Regulation M-A,
514,"",Simisear,low-sweep,machine,0,Regulation M-A,
514,"",Simisear,nasty-plot,machine,0,Regulation M-A,
514,"",Simisear,overheat,machine,0,Regulation M-A,
514,"",Simisear,payback,machine,0,Regulation M-A,
514,"",Simisear,protect,machine,0,Regulation M-A,
514,"",Simisear,recycle,machine,0,Regulation M-A,
514,"",Simisear,rest,machine,0,Regulation M-A,
514,"",Simisear,rock-slide,machine,0,Regulation M-A,
514,"",Simisear,rock-tomb,machine,0,Regulation M-A,
514,"",Simisear,round,machine,0,Regulation M-A,
514,"",Simisear,scorching-sands,machine,0,Regulation M-A,
514,"",Simisear,shadow-claw,machine,0,Regulation M-A,
514,"",Simisear,sleep-talk,machine,0,Regulation M-A,
514,"",Simisear,snore,machine,0,Regulation M-A,
514,"",Simisear,solar-beam,machine,0,Regulation M-A,
514,"",Simisear,stuff-cheeks,machine,0,Regulation M-A,
514,"",Simisear,substitute,machine,0,Regulation M-A,
514,"",Simisear,sunny-day,machine,0,Regulation M-A,
514,"",Simisear,superpower,machine,0,Regulation M-A,
514,"",Simisear,taunt,machine,0,Regulation M-A,
514,"",Simisear,temper-flare,machine,0,Regulation M-A,
514,"",Simisear,thief,machine,0,Regulation M-A,
514,"",Simisear,throat-chop,machine,0,Regulation M-A,
514,"",Simisear,uproar,machine,0,Regulation M-A,
514,"",Simisear,will-o-wisp,machine,0,Regulation M-A,
514,"",Simisear,yawn,machine,0,Regulation M-A,
516,"",Simipour,acrobatics,machine,0,Regulation M-A,
516,"",Simipour,aqua-ring,machine,0,Regulation M-A,
516,"",Simipour,attract,machine,0,Regulation M-A,
516,"",Simipour,belch,machine,0,Regulation M-A,
516,"",Simipour,bite,machine,0,Regulation M-A,
516,"",Simipour,blizzard,machine,0,Regulation M-A,
516,"",Simipour,brick-break,machine,0,Regulation M-A,
516,"",Simipour,chilling-water,machine,0,Regulation M-A,
516,"",Simipour,crunch,machine,0,Regulation M-A,
516,"",Simipour,dig,machine,0,Regulation M-A,
516,"",Simipour,dive,machine,0,Regulation M-A,
516,"",Simipour,endure,machine,0,Regulation M-A,
516,"",Simipour,facade,machine,0,Regulation M-A,
516,"",Simipour,fake-out,machine,0,Regulation M-A,
516,"",Simipour,fling,machine,0,Regulation M-A,
516,"",Simipour,flip-turn,machine,0,Regulation M-A,
516,"",Simipour,focus-blast,machine,0,Regulation M-A,
516,"",Simipour,giga-impact,machine,0,Regulation M-A,
516,"",Simipour,grass-knot,machine,0,Regulation M-A,
516,"",Simipour,gunk-shot,machine,0,Regulation M-A,
516,"",Simipour,helping-hand,machine,0,Regulation M-A,
516,"",Simipour,hydro-pump,machine,0,Regulation M-A,
516,"",Simipour,hyper-beam,machine,0,Regulation M-A,
516,"",Simipour,ice-beam,machine,0,Regulation M-A,
516,"",Simipour,ice-punch,machine,0,Regulation M-A,
516,"",Simipour,icy-wind,machine,0,Regulation M-A,
516,"",Simipour,iron-tail,machine,0,Regulation M-A,
516,"",Simipour,liquidation,machine,0,Regulation M-A,
516,"",Simipour,low-kick,machine,0,Regulation M-A,
516,"",Simipour,low-sweep,machine,0,Regulation M-A,
516,"",Simipour,nasty-plot,machine,0,Regulation M-A,
516,"",Simipour,payback,machine,0,Regulation M-A,
516,"",Simipour,protect,machine,0,Regulation M-A,
516,"",Simipour,rain-dance,machine,0,Regulation M-A,
516,"",Simipour,recycle,machine,0,Regulation M-A,
516,"",Simipour,rest,machine,0,Regulation M-A,
516,"",Simipour,rock-slide,machine,0,Regulation M-A,
516,"",Simipour,rock-tomb,machine,0,Regulation M-A,
516,"",Simipour,round,machine,0,Regulation M-A,
516,"",Simipour,scald,machine,0,Regulation M-A,
516,"",Simipour,shadow-claw,machine,0,Regulation M-A,
516,"",Simipour,sleep-talk,machine,0,Regulation M-A,
516,"",Simipour,snore,machine,0,Regulation M-A,
516,"",Simipour,stuff-cheeks,machine,0,Regulation M-A,
516,"",Simipour,substitute,machine,0,Regulation M-A,
516,"",Simipour,superpower,machine,0,Regulation M-A,
516,"",Simipour,surf,machine,0,Regulation M-A,
516,"",Simipour,taunt,machine,0,Regulation M-A,
516,"",Simipour,thief,machine,0,Regulation M-A,
516,"",Simipour,throat-chop,machine,0,Regulation M-A,
516,"",Simipour,uproar,machine,0,Regulation M-A,
516,"",Simipour,waterfall,machine,0,Regulation M-A,
518,"",Musharna,ally-switch,machine,0,Regulation M-B,
518,"",Musharna,amnesia,machine,0,Regulation M-B,
518,"",Musharna,attract,machine,0,Regulation M-B,
518,"",Musharna,calm-mind,machine,0,Regulation M-B,
518,"",Musharna,charge-beam,machine,0,Regulation M-B,
518,"",Musharna,charm,machine,0,Regulation M-B,
518,"",Musharna,curse,machine,0,Regulation M-B,
518,"",Musharna,dazzling-gleam,machine,0,Regulation M-B,
518,"",Musharna,double-team,machine,0,Regulation M-B,
518,"",Musharna,endure,machine,0,Regulation M-B,
518,"",Musharna,energy-ball,machine,0,Regulation M-B,
518,"",Musharna,expanding-force,machine,0,Regulation M-B,
518,"",Musharna,facade,machine,0,Regulation M-B,
518,"",Musharna,future-sight,machine,0,Regulation M-B,
518,"",Musharna,giga-impact,machine,0,Regulation M-B,
518,"",Musharna,guard-swap,machine,0,Regulation M-B,
518,"",Musharna,gyro-ball,machine,0,Regulation M-B,
518,"",Musharna,healing-wish,machine,0,Regulation M-B,
518,"",Musharna,helping-hand,machine,0,Regulation M-B,
518,"",Musharna,hyper-beam,machine,0,Regulation M-B,
518,"",Musharna,hypnosis,machine,0,Regulation M-B,
518,"",Musharna,imprison,machine,0,Regulation M-B,
518,"",Musharna,light-screen,machine,0,Regulation M-B,
518,"",Musharna,misty-explosion,machine,0,Regulation M-B,
518,"",Musharna,moonblast,machine,0,Regulation M-B,
518,"",Musharna,moonlight,machine,0,Regulation M-B,
518,"",Musharna,power-swap,machine,0,Regulation M-B,
518,"",Musharna,protect,machine,0,Regulation M-B,
518,"",Musharna,psychic,machine,0,Regulation M-B,
518,"",Musharna,psychic-terrain,machine,0,Regulation M-B,
518,"",Musharna,psyshock,machine,0,Regulation M-B,
518,"",Musharna,rain-dance,machine,0,Regulation M-B,
518,"",Musharna,reflect,machine,0,Regulation M-B,
518,"",Musharna,rest,machine,0,Regulation M-B,
518,"",Musharna,rock-slide,machine,0,Regulation M-B,
518,"",Musharna,rock-tomb,machine,0,Regulation M-B,
518,"",Musharna,round,machine,0,Regulation M-B,
518,"",Musharna,safeguard,machine,0,Regulation M-B,
518,"",Musharna,shadow-ball,machine,0,Regulation M-B,
518,"",Musharna,skill-swap,machine,0,Regulation M-B,
518,"",Musharna,sleep-talk,machine,0,Regulation M-B,
518,"",Musharna,snore,machine,0,Regulation M-B,
518,"",Musharna,stored-power,machine,0,Regulation M-B,
518,"",Musharna,substitute,machine,0,Regulation M-B,
518,"",Musharna,thunder-wave,machine,0,Regulation M-B,
518,"",Musharna,trick,machine,0,Regulation M-B,
518,"",Musharna,trick-room,machine,0,Regulation M-B,
518,"",Musharna,wonder-room,machine,0,Regulation M-B,
518,"",Musharna,yawn,machine,0,Regulation M-B,
518,"",Musharna,zen-headbutt,machine,0,Regulation M-B,
530,"",Excadrill,aerial-ace,machine,0,Regulation M-A,
530,"",Excadrill,body-slam,machine,0,Regulation M-A,
530,"",Excadrill,brick-break,machine,0,Regulation M-A,
530,"",Excadrill,brutal-swing,machine,0,Regulation M-A,
530,"",Excadrill,bulldoze,machine,0,Regulation M-A,
530,"",Excadrill,crush-claw,machine,0,Regulation M-A,
530,"",Excadrill,curse,machine,0,Regulation M-A,
530,"",Excadrill,dig,machine,0,Regulation M-A,
530,"",Excadrill,double-edge,machine,0,Regulation M-A,
530,"",Excadrill,drill-run,machine,0,Regulation M-A,
530,"",Excadrill,earth-power,machine,0,Regulation M-A,
530,"",Excadrill,earthquake,machine,0,Regulation M-A,
530,"",Excadrill,endure,machine,0,Regulation M-A,
530,"",Excadrill,facade,machine,0,Regulation M-A,
530,"",Excadrill,fissure,machine,0,Regulation M-A,
530,"",Excadrill,fling,machine,0,Regulation M-A,
530,"",Excadrill,focus-blast,machine,0,Regulation M-A,
530,"",Excadrill,giga-impact,machine,0,Regulation M-A,
530,"",Excadrill,helping-hand,machine,0,Regulation M-A,
530,"",Excadrill,high-horsepower,machine,0,Regulation M-A,
530,"",Excadrill,horn-drill,machine,0,Regulation M-A,
530,"",Excadrill,hyper-beam,machine,0,Regulation M-A,
530,"",Excadrill,iron-defense,machine,0,Regulation M-A,
530,"",Excadrill,iron-head,machine,0,Regulation M-A,
530,"",Excadrill,megahorn,machine,0,Regulation M-A,
530,"",Excadrill,metal-sound,machine,0,Regulation M-A,
530,"",Excadrill,mud-shot,machine,0,Regulation M-A,
530,"",Excadrill,mud-slap,machine,0,Regulation M-A,
530,"",Excadrill,poison-jab,machine,0,Regulation M-A,
530,"",Excadrill,protect,machine,0,Regulation M-A,
530,"",Excadrill,rapid-spin,machine,0,Regulation M-A,
530,"",Excadrill,rest,machine,0,Regulation M-A,
530,"",Excadrill,rock-blast,machine,0,Regulation M-A,
530,"",Excadrill,rock-slide,machine,0,Regulation M-A,
530,"",Excadrill,rock-tomb,machine,0,Regulation M-A,
530,"",Excadrill,round,machine,0,Regulation M-A,
530,"",Excadrill,sand-tomb,machine,0,Regulation M-A,
530,"",Excadrill,sandstorm,machine,0,Regulation M-A,
530,"",Excadrill,scary-face,machine,0,Regulation M-A,
530,"",Excadrill,scorching-sands,machine,0,Regulation M-A,
530,"",Excadrill,shadow-claw,machine,0,Regulation M-A,
530,"",Excadrill,sleep-talk,machine,0,Regulation M-A,
530,"",Excadrill,sludge-bomb,machine,0,Regulation M-A,
530,"",Excadrill,smart-strike,machine,0,Regulation M-A,
530,"",Excadrill,snore,machine,0,Regulation M-A,
530,"",Excadrill,stealth-rock,machine,0,Regulation M-A,
530,"",Excadrill,steel-beam,machine,0,Regulation M-A,
530,"",Excadrill,stomping-tantrum,machine,0,Regulation M-A,
530,"",Excadrill,substitute,machine,0,Regulation M-A,
530,"",Excadrill,sunny-day,machine,0,Regulation M-A,
530,"",Excadrill,swords-dance,machine,0,Regulation M-A,
530,"",Excadrill,throat-chop,machine,0,Regulation M-A,
530,"",Excadrill,x-scissor,machine,0,Regulation M-A,
531,"",Audino,after-you,machine,0,Regulation M-A,
531,"",Audino,ally-switch,machine,0,Regulation M-A,
531,"",Audino,amnesia,machine,0,Regulation M-A,
531,"",Audino,attract,machine,0,Regulation M-A,
531,"",Audino,baby-doll-eyes,machine,0,Regulation M-A,
531,"",Audino,blizzard,machine,0,Regulation M-A,
531,"",Audino,body-slam,machine,0,Regulation M-A,
531,"",Audino,calm-mind,machine,0,Regulation M-A,
531,"",Audino,chilling-water,machine,0,Regulation M-A,
531,"",Audino,dazzling-gleam,machine,0,Regulation M-A,
531,"",Audino,dig,machine,0,Regulation M-A,
531,"",Audino,double-edge,machine,0,Regulation M-A,
531,"",Audino,drain-punch,machine,0,Regulation M-A,
531,"",Audino,draining-kiss,machine,0,Regulation M-A,
531,"",Audino,encore,machine,0,Regulation M-A,
531,"",Audino,endure,machine,0,Regulation M-A,
531,"",Audino,entrainment,machine,0,Regulation M-A,
531,"",Audino,facade,machine,0,Regulation M-A,
531,"",Audino,fire-blast,machine,0,Regulation M-A,
531,"",Audino,fire-punch,machine,0,Regulation M-A,
531,"",Audino,flamethrower,machine,0,Regulation M-A,
531,"",Audino,fling,machine,0,Regulation M-A,
531,"",Audino,giga-impact,machine,0,Regulation M-A,
531,"",Audino,grass-knot,machine,0,Regulation M-A,
531,"",Audino,heal-pulse,machine,0,Regulation M-A,
531,"",Audino,healing-wish,machine,0,Regulation M-A,
531,"",Audino,helping-hand,machine,0,Regulation M-A,
531,"",Audino,hyper-beam,machine,0,Regulation M-A,
531,"",Audino,hyper-voice,machine,0,Regulation M-A,
531,"",Audino,ice-beam,machine,0,Regulation M-A,
531,"",Audino,ice-punch,machine,0,Regulation M-A,
531,"",Audino,icy-wind,machine,0,Regulation M-A,
531,"",Audino,iron-tail,machine,0,Regulation M-A,
531,"",Audino,last-resort,machine,0,Regulation M-A,
531,"",Audino,life-dew,machine,0,Regulation M-A,
531,"",Audino,light-screen,machine,0,Regulation M-A,
531,"",Audino,low-kick,machine,0,Regulation M-A,
531,"",Audino,mega-kick,machine,0,Regulation M-A,
531,"",Audino,misty-terrain,machine,0,Regulation M-A,
531,"",Audino,protect,machine,0,Regulation M-A,
531,"",Audino,psychic,machine,0,Regulation M-A,
531,"",Audino,psyshock,machine,0,Regulation M-A,
531,"",Audino,rain-dance,machine,0,Regulation M-A,
531,"",Audino,reflect,machine,0,Regulation M-A,
531,"",Audino,rest,machine,0,Regulation M-A,
531,"",Audino,round,machine,0,Regulation M-A,
531,"",Audino,safeguard,machine,0,Regulation M-A,
531,"",Audino,shadow-ball,machine,0,Regulation M-A,
531,"",Audino,simple-beam,machine,0,Regulation M-A,
531,"",Audino,skill-swap,machine,0,Regulation M-A,
531,"",Audino,sleep-talk,machine,0,Regulation M-A,
531,"",Audino,snore,machine,0,Regulation M-A,
531,"",Audino,solar-beam,machine,0,Regulation M-A,
531,"",Audino,stomping-tantrum,machine,0,Regulation M-A,
531,"",Audino,substitute,machine,0,Regulation M-A,
531,"",Audino,sunny-day,machine,0,Regulation M-A,
531,"",Audino,surf,machine,0,Regulation M-A,
531,"",Audino,sweet-kiss,machine,0,Regulation M-A,
531,"",Audino,throat-chop,machine,0,Regulation M-A,
531,"",Audino,thunder,machine,0,Regulation M-A,
531,"",Audino,thunder-punch,machine,0,Regulation M-A,
531,"",Audino,thunder-wave,machine,0,Regulation M-A,
531,"",Audino,thunderbolt,machine,0,Regulation M-A,
531,"",Audino,trick-room,machine,0,Regulation M-A,
531,"",Audino,uproar,machine,0,Regulation M-A,
531,"",Audino,wild-charge,machine,0,Regulation M-A,
531,"",Audino,wish,machine,0,Regulation M-A,
531,"",Audino,yawn,machine,0,Regulation M-A,
531,"",Audino,zen-headbutt,machine,0,Regulation M-A,
534,"",Conkeldurr,attract,machine,0,Regulation M-A,
534,"",Conkeldurr,body-slam,machine,0,Regulation M-A,
534,"",Conkeldurr,brick-break,machine,0,Regulation M-A,
534,"",Conkeldurr,brutal-swing,machine,0,Regulation M-A,
534,"",Conkeldurr,bulk-up,machine,0,Regulation M-A,
534,"",Conkeldurr,bulldoze,machine,0,Regulation M-A,
534,"",Conkeldurr,close-combat,machine,0,Regulation M-A,
534,"",Conkeldurr,coaching,machine,0,Regulation M-A,
534,"",Conkeldurr,counter,machine,0,Regulation M-A,
534,"",Conkeldurr,curse,machine,0,Regulation M-A,
534,"",Conkeldurr,defog,machine,0,Regulation M-A,
534,"",Conkeldurr,detect,machine,0,Regulation M-A,
534,"",Conkeldurr,dig,machine,0,Regulation M-A,
534,"",Conkeldurr,double-edge,machine,0,Regulation M-A,
534,"",Conkeldurr,drain-punch,machine,0,Regulation M-A,
534,"",Conkeldurr,dynamic-punch,machine,0,Regulation M-A,
534,"",Conkeldurr,earthquake,machine,0,Regulation M-A,
534,"",Conkeldurr,endure,machine,0,Regulation M-A,
534,"",Conkeldurr,facade,machine,0,Regulation M-A,
534,"",Conkeldurr,fire-punch,machine,0,Regulation M-A,
534,"",Conkeldurr,fling,machine,0,Regulation M-A,
534,"",Conkeldurr,focus-blast,machine,0,Regulation M-A,
534,"",Conkeldurr,focus-energy,machine,0,Regulation M-A,
534,"",Conkeldurr,focus-punch,machine,0,Regulation M-A,
534,"",Conkeldurr,giga-impact,machine,0,Regulation M-A,
534,"",Conkeldurr,grass-knot,machine,0,Regulation M-A,
534,"",Conkeldurr,hammer-arm,machine,0,Regulation M-A,
534,"",Conkeldurr,hard-press,machine,0,Regulation M-A,
534,"",Conkeldurr,helping-hand,machine,0,Regulation M-A,
534,"",Conkeldurr,high-horsepower,machine,0,Regulation M-A,
534,"",Conkeldurr,hyper-beam,machine,0,Regulation M-A,
534,"",Conkeldurr,ice-punch,machine,0,Regulation M-A,
534,"",Conkeldurr,knock-off,machine,0,Regulation M-A,
534,"",Conkeldurr,low-kick,machine,0,Regulation M-A,
534,"",Conkeldurr,low-sweep,machine,0,Regulation M-A,
534,"",Conkeldurr,mach-punch,machine,0,Regulation M-A,
534,"",Conkeldurr,mega-kick,machine,0,Regulation M-A,
534,"",Conkeldurr,payback,machine,0,Regulation M-A,
534,"",Conkeldurr,poison-jab,machine,0,Regulation M-A,
534,"",Conkeldurr,protect,machine,0,Regulation M-A,
534,"",Conkeldurr,rain-dance,machine,0,Regulation M-A,
534,"",Conkeldurr,rest,machine,0,Regulation M-A,
534,"",Conkeldurr,reversal,machine,0,Regulation M-A,
534,"",Conkeldurr,rock-blast,machine,0,Regulation M-A,
534,"",Conkeldurr,rock-slide,machine,0,Regulation M-A,
534,"",Conkeldurr,rock-tomb,machine,0,Regulation M-A,
534,"",Conkeldurr,round,machine,0,Regulation M-A,
534,"",Conkeldurr,scary-face,machine,0,Regulation M-A,
534,"",Conkeldurr,sleep-talk,machine,0,Regulation M-A,
534,"",Conkeldurr,smack-down,machine,0,Regulation M-A,
534,"",Conkeldurr,snore,machine,0,Regulation M-A,
534,"",Conkeldurr,stomping-tantrum,machine,0,Regulation M-A,
534,"",Conkeldurr,stone-edge,machine,0,Regulation M-A,
534,"",Conkeldurr,substitute,machine,0,Regulation M-A,
534,"",Conkeldurr,sunny-day,machine,0,Regulation M-A,
534,"",Conkeldurr,superpower,machine,0,Regulation M-A,
534,"",Conkeldurr,taunt,machine,0,Regulation M-A,
534,"",Conkeldurr,thief,machine,0,Regulation M-A,
534,"",Conkeldurr,thunder-punch,machine,0,Regulation M-A,
534,"",Conkeldurr,upper-hand,machine,0,Regulation M-A,
534,"",Conkeldurr,wide-guard,machine,0,Regulation M-A,
545,"",Scolipede,acid-spray,machine,0,Regulation M-B,
545,"",Scolipede,agility,machine,0,Regulation M-B,
545,"",Scolipede,assurance,machine,0,Regulation M-B,
545,"",Scolipede,attract,machine,0,Regulation M-B,
545,"",Scolipede,baton-pass,machine,0,Regulation M-B,
545,"",Scolipede,bite,machine,0,Regulation M-B,
545,"",Scolipede,bug-bite,machine,0,Regulation M-B,
545,"",Scolipede,bulldoze,machine,0,Regulation M-B,
545,"",Scolipede,cross-poison,machine,0,Regulation M-B,
545,"",Scolipede,dig,machine,0,Regulation M-B,
545,"",Scolipede,double-edge,machine,0,Regulation M-B,
545,"",Scolipede,double-hit,machine,0,Regulation M-B,
545,"",Scolipede,earthquake,machine,0,Regulation M-B,
545,"",Scolipede,endure,machine,0,Regulation M-B,
545,"",Scolipede,facade,machine,0,Regulation M-B,
545,"",Scolipede,giga-impact,machine,0,Regulation M-B,
545,"",Scolipede,gunk-shot,machine,0,Regulation M-B,
545,"",Scolipede,gyro-ball,machine,0,Regulation M-B,
545,"",Scolipede,hex,machine,0,Regulation M-B,
545,"",Scolipede,hyper-beam,machine,0,Regulation M-B,
545,"",Scolipede,iron-defense,machine,0,Regulation M-B,
545,"",Scolipede,iron-tail,machine,0,Regulation M-B,
545,"",Scolipede,leech-life,machine,0,Regulation M-B,
545,"",Scolipede,megahorn,machine,0,Regulation M-B,
545,"",Scolipede,payback,machine,0,Regulation M-B,
545,"",Scolipede,pin-missile,machine,0,Regulation M-B,
545,"",Scolipede,poison-jab,machine,0,Regulation M-B,
545,"",Scolipede,pounce,machine,0,Regulation M-B,
545,"",Scolipede,protect,machine,0,Regulation M-B,
545,"",Scolipede,rest,machine,0,Regulation M-B,
545,"",Scolipede,rock-slide,machine,0,Regulation M-B,
545,"",Scolipede,rock-tomb,machine,0,Regulation M-B,
545,"",Scolipede,round,machine,0,Regulation M-B,
545,"",Scolipede,screech,machine,0,Regulation M-B,
545,"",Scolipede,skitter-smack,machine,0,Regulation M-B,
545,"",Scolipede,sleep-talk,machine,0,Regulation M-B,
545,"",Scolipede,sludge-bomb,machine,0,Regulation M-B,
545,"",Scolipede,smart-strike,machine,0,Regulation M-B,
545,"",Scolipede,snore,machine,0,Regulation M-B,
545,"",Scolipede,solar-beam,machine,0,Regulation M-B,
545,"",Scolipede,spikes,machine,0,Regulation M-B,
545,"",Scolipede,steel-roller,machine,0,Regulation M-B,
545,"",Scolipede,stomping-tantrum,machine,0,Regulation M-B,
545,"",Scolipede,substitute,machine,0,Regulation M-B,
545,"",Scolipede,sunny-day,machine,0,Regulation M-B,
545,"",Scolipede,superpower,machine,0,Regulation M-B,
545,"",Scolipede,swords-dance,machine,0,Regulation M-B,
545,"",Scolipede,throat-chop,machine,0,Regulation M-B,
545,"",Scolipede,toxic,machine,0,Regulation M-B,
545,"",Scolipede,toxic-spikes,machine,0,Regulation M-B,
545,"",Scolipede,trailblaze,machine,0,Regulation M-B,
545,"",Scolipede,venoshock,machine,0,Regulation M-B,
545,"",Scolipede,x-scissor,machine,0,Regulation M-B,
547,"",Whimsicott,attract,machine,0,Regulation M-A,
547,"",Whimsicott,beat-up,machine,0,Regulation M-A,
547,"",Whimsicott,charm,machine,0,Regulation M-A,
547,"",Whimsicott,cotton-guard,machine,0,Regulation M-A,
547,"",Whimsicott,cotton-spore,machine,0,Regulation M-A,
547,"",Whimsicott,dazzling-gleam,machine,0,Regulation M-A,
547,"",Whimsicott,encore,machine,0,Regulation M-A,
547,"",Whimsicott,endeavor,machine,0,Regulation M-A,
547,"",Whimsicott,endure,machine,0,Regulation M-A,
547,"",Whimsicott,energy-ball,machine,0,Regulation M-A,
547,"",Whimsicott,facade,machine,0,Regulation M-A,
547,"",Whimsicott,fake-tears,machine,0,Regulation M-A,
547,"",Whimsicott,fling,machine,0,Regulation M-A,
547,"",Whimsicott,giga-drain,machine,0,Regulation M-A,
547,"",Whimsicott,giga-impact,machine,0,Regulation M-A,
547,"",Whimsicott,grass-knot,machine,0,Regulation M-A,
547,"",Whimsicott,grassy-glide,machine,0,Regulation M-A,
547,"",Whimsicott,grassy-terrain,machine,0,Regulation M-A,
547,"",Whimsicott,growth,machine,0,Regulation M-A,
547,"",Whimsicott,helping-hand,machine,0,Regulation M-A,
547,"",Whimsicott,hurricane,machine,0,Regulation M-A,
547,"",Whimsicott,hyper-beam,machine,0,Regulation M-A,
547,"",Whimsicott,leech-seed,machine,0,Regulation M-A,
547,"",Whimsicott,light-screen,machine,0,Regulation M-A,
547,"",Whimsicott,memento,machine,0,Regulation M-A,
547,"",Whimsicott,misty-terrain,machine,0,Regulation M-A,
547,"",Whimsicott,moonblast,machine,0,Regulation M-A,
547,"",Whimsicott,play-rough,machine,0,Regulation M-A,
547,"",Whimsicott,poison-powder,machine,0,Regulation M-A,
547,"",Whimsicott,protect,machine,0,Regulation M-A,
547,"",Whimsicott,psychic,machine,0,Regulation M-A,
547,"",Whimsicott,rest,machine,0,Regulation M-A,
547,"",Whimsicott,round,machine,0,Regulation M-A,
547,"",Whimsicott,safeguard,machine,0,Regulation M-A,
547,"",Whimsicott,seed-bomb,machine,0,Regulation M-A,
547,"",Whimsicott,shadow-ball,machine,0,Regulation M-A,
547,"",Whimsicott,sleep-talk,machine,0,Regulation M-A,
547,"",Whimsicott,snore,machine,0,Regulation M-A,
547,"",Whimsicott,solar-beam,machine,0,Regulation M-A,
547,"",Whimsicott,stun-spore,machine,0,Regulation M-A,
547,"",Whimsicott,substitute,machine,0,Regulation M-A,
547,"",Whimsicott,sunny-day,machine,0,Regulation M-A,
547,"",Whimsicott,switcheroo,machine,0,Regulation M-A,
547,"",Whimsicott,tailwind,machine,0,Regulation M-A,
547,"",Whimsicott,taunt,machine,0,Regulation M-A,
547,"",Whimsicott,thief,machine,0,Regulation M-A,
547,"",Whimsicott,tickle,machine,0,Regulation M-A,
547,"",Whimsicott,trick-room,machine,0,Regulation M-A,
547,"",Whimsicott,u-turn,machine,0,Regulation M-A,
547,"",Whimsicott,worry-seed,machine,0,Regulation M-A,
553,"",Krookodile,aerial-ace,machine,0,Regulation M-A,
553,"",Krookodile,aqua-tail,machine,0,Regulation M-A,
553,"",Krookodile,assurance,machine,0,Regulation M-A,
553,"",Krookodile,beat-up,machine,0,Regulation M-A,
553,"",Krookodile,bite,machine,0,Regulation M-A,
553,"",Krookodile,body-slam,machine,0,Regulation M-A,
553,"",Krookodile,breaking-swipe,machine,0,Regulation M-A,
553,"",Krookodile,brick-break,machine,0,Regulation M-A,
553,"",Krookodile,brutal-swing,machine,0,Regulation M-A,
553,"",Krookodile,bulk-up,machine,0,Regulation M-A,
553,"",Krookodile,bulldoze,machine,0,Regulation M-A,
553,"",Krookodile,close-combat,machine,0,Regulation M-A,
553,"",Krookodile,counter,machine,0,Regulation M-A,
553,"",Krookodile,crunch,machine,0,Regulation M-A,
553,"",Krookodile,curse,machine,0,Regulation M-A,
553,"",Krookodile,dark-pulse,machine,0,Regulation M-A,
553,"",Krookodile,dig,machine,0,Regulation M-A,
553,"",Krookodile,double-edge,machine,0,Regulation M-A,
553,"",Krookodile,dragon-claw,machine,0,Regulation M-A,
553,"",Krookodile,dragon-pulse,machine,0,Regulation M-A,
553,"",Krookodile,dragon-tail,machine,0,Regulation M-A,
553,"",Krookodile,earth-power,machine,0,Regulation M-A,
553,"",Krookodile,earthquake,machine,0,Regulation M-A,
553,"",Krookodile,endeavor,machine,0,Regulation M-A,
553,"",Krookodile,endure,machine,0,Regulation M-A,
553,"",Krookodile,facade,machine,0,Regulation M-A,
553,"",Krookodile,fire-fang,machine,0,Regulation M-A,
553,"",Krookodile,fissure,machine,0,Regulation M-A,
553,"",Krookodile,fling,machine,0,Regulation M-A,
553,"",Krookodile,focus-blast,machine,0,Regulation M-A,
553,"",Krookodile,focus-energy,machine,0,Regulation M-A,
553,"",Krookodile,focus-punch,machine,0,Regulation M-A,
553,"",Krookodile,foul-play,machine,0,Regulation M-A,
553,"",Krookodile,giga-impact,machine,0,Regulation M-A,
553,"",Krookodile,grass-knot,machine,0,Regulation M-A,
553,"",Krookodile,gunk-shot,machine,0,Regulation M-A,
553,"",Krookodile,helping-hand,machine,0,Regulation M-A,
553,"",Krookodile,high-horsepower,machine,0,Regulation M-A,
553,"",Krookodile,hyper-beam,machine,0,Regulation M-A,
553,"",Krookodile,iron-head,machine,0,Regulation M-A,
553,"",Krookodile,iron-tail,machine,0,Regulation M-A,
553,"",Krookodile,knock-off,machine,0,Regulation M-A,
553,"",Krookodile,lash-out,machine,0,Regulation M-A,
553,"",Krookodile,low-kick,machine,0,Regulation M-A,
553,"",Krookodile,low-sweep,machine,0,Regulation M-A,
553,"",Krookodile,mega-kick,machine,0,Regulation M-A,
553,"",Krookodile,mud-shot,machine,0,Regulation M-A,
553,"",Krookodile,mud-slap,machine,0,Regulation M-A,
553,"",Krookodile,outrage,machine,0,Regulation M-A,
553,"",Krookodile,payback,machine,0,Regulation M-A,
553,"",Krookodile,power-trip,machine,0,Regulation M-A,
553,"",Krookodile,protect,machine,0,Regulation M-A,
553,"",Krookodile,rest,machine,0,Regulation M-A,
553,"",Krookodile,roar,machine,0,Regulation M-A,
553,"",Krookodile,rock-slide,machine,0,Regulation M-A,
553,"",Krookodile,rock-tomb,machine,0,Regulation M-A,
553,"",Krookodile,round,machine,0,Regulation M-A,
553,"",Krookodile,sand-tomb,machine,0,Regulation M-A,
553,"",Krookodile,sandstorm,machine,0,Regulation M-A,
553,"",Krookodile,scale-shot,machine,0,Regulation M-A,
553,"",Krookodile,scary-face,machine,0,Regulation M-A,
553,"",Krookodile,scorching-sands,machine,0,Regulation M-A,
553,"",Krookodile,shadow-claw,machine,0,Regulation M-A,
553,"",Krookodile,skitter-smack,machine,0,Regulation M-A,
553,"",Krookodile,sleep-talk,machine,0,Regulation M-A,
553,"",Krookodile,sludge-bomb,machine,0,Regulation M-A,
553,"",Krookodile,smack-down,machine,0,Regulation M-A,
553,"",Krookodile,snarl,machine,0,Regulation M-A,
553,"",Krookodile,snore,machine,0,Regulation M-A,
553,"",Krookodile,spite,machine,0,Regulation M-A,
553,"",Krookodile,stealth-rock,machine,0,Regulation M-A,
553,"",Krookodile,stomping-tantrum,machine,0,Regulation M-A,
553,"",Krookodile,stone-edge,machine,0,Regulation M-A,
553,"",Krookodile,substitute,machine,0,Regulation M-A,
553,"",Krookodile,superpower,machine,0,Regulation M-A,
553,"",Krookodile,swagger,machine,0,Regulation M-A,
553,"",Krookodile,taunt,machine,0,Regulation M-A,
553,"",Krookodile,thief,machine,0,Regulation M-A,
553,"",Krookodile,thrash,machine,0,Regulation M-A,
553,"",Krookodile,throat-chop,machine,0,Regulation M-A,
553,"",Krookodile,thunder-fang,machine,0,Regulation M-A,
553,"",Krookodile,torment,machine,0,Regulation M-A,
553,"",Krookodile,uproar,machine,0,Regulation M-A,
560,"",Scrafty,acid-spray,machine,0,Regulation M-B,
560,"",Scrafty,amnesia,machine,0,Regulation M-B,
560,"",Scrafty,assurance,machine,0,Regulation M-B,
560,"",Scrafty,beat-up,machine,0,Regulation M-B,
560,"",Scrafty,body-slam,machine,0,Regulation M-B,
560,"",Scrafty,brick-break,machine,0,Regulation M-B,
560,"",Scrafty,bulk-up,machine,0,Regulation M-B,
560,"",Scrafty,close-combat,machine,0,Regulation M-B,
560,"",Scrafty,coaching,machine,0,Regulation M-B,
560,"",Scrafty,counter,machine,0,Regulation M-B,
560,"",Scrafty,crunch,machine,0,Regulation M-B,
560,"",Scrafty,curse,machine,0,Regulation M-B,
560,"",Scrafty,dark-pulse,machine,0,Regulation M-B,
560,"",Scrafty,detect,machine,0,Regulation M-B,
560,"",Scrafty,dig,machine,0,Regulation M-B,
560,"",Scrafty,double-edge,machine,0,Regulation M-B,
560,"",Scrafty,dragon-claw,machine,0,Regulation M-B,
560,"",Scrafty,dragon-dance,machine,0,Regulation M-B,
560,"",Scrafty,dragon-pulse,machine,0,Regulation M-B,
560,"",Scrafty,dragon-tail,machine,0,Regulation M-B,
560,"",Scrafty,drain-punch,machine,0,Regulation M-B,
560,"",Scrafty,dynamic-punch,machine,0,Regulation M-B,
560,"",Scrafty,encore,machine,0,Regulation M-B,
560,"",Scrafty,endeavor,machine,0,Regulation M-B,
560,"",Scrafty,endure,machine,0,Regulation M-B,
560,"",Scrafty,facade,machine,0,Regulation M-B,
560,"",Scrafty,fake-out,machine,0,Regulation M-B,
560,"",Scrafty,fake-tears,machine,0,Regulation M-B,
560,"",Scrafty,fire-punch,machine,0,Regulation M-B,
560,"",Scrafty,fling,machine,0,Regulation M-B,
560,"",Scrafty,focus-blast,machine,0,Regulation M-B,
560,"",Scrafty,focus-punch,machine,0,Regulation M-B,
560,"",Scrafty,foul-play,machine,0,Regulation M-B,
560,"",Scrafty,giga-impact,machine,0,Regulation M-B,
560,"",Scrafty,grass-knot,machine,0,Regulation M-B,
560,"",Scrafty,head-smash,machine,0,Regulation M-B,
560,"",Scrafty,helping-hand,machine,0,Regulation M-B,
560,"",Scrafty,high-jump-kick,machine,0,Regulation M-B,
560,"",Scrafty,hyper-beam,machine,0,Regulation M-B,
560,"",Scrafty,ice-punch,machine,0,Regulation M-B,
560,"",Scrafty,iron-defense,machine,0,Regulation M-B,
560,"",Scrafty,iron-head,machine,0,Regulation M-B,
560,"",Scrafty,iron-tail,machine,0,Regulation M-B,
560,"",Scrafty,knock-off,machine,0,Regulation M-B,
560,"",Scrafty,lash-out,machine,0,Regulation M-B,
560,"",Scrafty,low-kick,machine,0,Regulation M-B,
560,"",Scrafty,low-sweep,machine,0,Regulation M-B,
560,"",Scrafty,mega-kick,machine,0,Regulation M-B,
560,"",Scrafty,outrage,machine,0,Regulation M-B,
560,"",Scrafty,payback,machine,0,Regulation M-B,
560,"",Scrafty,poison-jab,machine,0,Regulation M-B,
560,"",Scrafty,protect,machine,0,Regulation M-B,
560,"",Scrafty,quick-guard,machine,0,Regulation M-B,
560,"",Scrafty,rain-dance,machine,0,Regulation M-B,
560,"",Scrafty,rest,machine,0,Regulation M-B,
560,"",Scrafty,reversal,machine,0,Regulation M-B,
560,"",Scrafty,roar,machine,0,Regulation M-B,
560,"",Scrafty,rock-slide,machine,0,Regulation M-B,
560,"",Scrafty,rock-tomb,machine,0,Regulation M-B,
560,"",Scrafty,round,machine,0,Regulation M-B,
560,"",Scrafty,scary-face,machine,0,Regulation M-B,
560,"",Scrafty,sleep-talk,machine,0,Regulation M-B,
560,"",Scrafty,sludge-bomb,machine,0,Regulation M-B,
560,"",Scrafty,smack-down,machine,0,Regulation M-B,
560,"",Scrafty,snarl,machine,0,Regulation M-B,
560,"",Scrafty,snore,machine,0,Regulation M-B,
560,"",Scrafty,spite,machine,0,Regulation M-B,
560,"",Scrafty,stone-edge,machine,0,Regulation M-B,
560,"",Scrafty,substitute,machine,0,Regulation M-B,
560,"",Scrafty,sunny-day,machine,0,Regulation M-B,
560,"",Scrafty,super-fang,machine,0,Regulation M-B,
560,"",Scrafty,swagger,machine,0,Regulation M-B,
560,"",Scrafty,swords-dance,machine,0,Regulation M-B,
560,"",Scrafty,taunt,machine,0,Regulation M-B,
560,"",Scrafty,thief,machine,0,Regulation M-B,
560,"",Scrafty,throat-chop,machine,0,Regulation M-B,
560,"",Scrafty,thunder-punch,machine,0,Regulation M-B,
560,"",Scrafty,torment,machine,0,Regulation M-B,
560,"",Scrafty,trailblaze,machine,0,Regulation M-B,
560,"",Scrafty,upper-hand,machine,0,Regulation M-B,
560,"",Scrafty,uproar,machine,0,Regulation M-B,
560,"",Scrafty,zen-headbutt,machine,0,Regulation M-B,
563,"",Cofagrigus,ally-switch,machine,0,Regulation M-A,
563,"",Cofagrigus,attract,machine,0,Regulation M-A,
563,"",Cofagrigus,body-press,machine,0,Regulation M-A,
563,"",Cofagrigus,calm-mind,machine,0,Regulation M-A,
563,"",Cofagrigus,confuse-ray,machine,0,Regulation M-A,
563,"",Cofagrigus,curse,machine,0,Regulation M-A,
563,"",Cofagrigus,dark-pulse,machine,0,Regulation M-A,
563,"",Cofagrigus,destiny-bond,machine,0,Regulation M-A,
563,"",Cofagrigus,disable,machine,0,Regulation M-A,
563,"",Cofagrigus,endure,machine,0,Regulation M-A,
563,"",Cofagrigus,energy-ball,machine,0,Regulation M-A,
563,"",Cofagrigus,facade,machine,0,Regulation M-A,
563,"",Cofagrigus,fake-tears,machine,0,Regulation M-A,
563,"",Cofagrigus,giga-drain,machine,0,Regulation M-A,
563,"",Cofagrigus,giga-impact,machine,0,Regulation M-A,
563,"",Cofagrigus,grass-knot,machine,0,Regulation M-A,
563,"",Cofagrigus,guard-split,machine,0,Regulation M-A,
563,"",Cofagrigus,guard-swap,machine,0,Regulation M-A,
563,"",Cofagrigus,haze,machine,0,Regulation M-A,
563,"",Cofagrigus,hex,machine,0,Regulation M-A,
563,"",Cofagrigus,hyper-beam,machine,0,Regulation M-A,
563,"",Cofagrigus,imprison,machine,0,Regulation M-A,
563,"",Cofagrigus,iron-defense,machine,0,Regulation M-A,
563,"",Cofagrigus,mean-look,machine,0,Regulation M-A,
563,"",Cofagrigus,memento,machine,0,Regulation M-A,
563,"",Cofagrigus,nasty-plot,machine,0,Regulation M-A,
563,"",Cofagrigus,night-shade,machine,0,Regulation M-A,
563,"",Cofagrigus,payback,machine,0,Regulation M-A,
563,"",Cofagrigus,phantom-force,machine,0,Regulation M-A,
563,"",Cofagrigus,poltergeist,machine,0,Regulation M-A,
563,"",Cofagrigus,power-split,machine,0,Regulation M-A,
563,"",Cofagrigus,power-swap,machine,0,Regulation M-A,
563,"",Cofagrigus,protect,machine,0,Regulation M-A,
563,"",Cofagrigus,psychic,machine,0,Regulation M-A,
563,"",Cofagrigus,rain-dance,machine,0,Regulation M-A,
563,"",Cofagrigus,rest,machine,0,Regulation M-A,
563,"",Cofagrigus,round,machine,0,Regulation M-A,
563,"",Cofagrigus,safeguard,machine,0,Regulation M-A,
563,"",Cofagrigus,scary-face,machine,0,Regulation M-A,
563,"",Cofagrigus,self-destruct,machine,0,Regulation M-A,
563,"",Cofagrigus,shadow-ball,machine,0,Regulation M-A,
563,"",Cofagrigus,shadow-claw,machine,0,Regulation M-A,
563,"",Cofagrigus,shadow-punch,machine,0,Regulation M-A,
563,"",Cofagrigus,skill-swap,machine,0,Regulation M-A,
563,"",Cofagrigus,sleep-talk,machine,0,Regulation M-A,
563,"",Cofagrigus,snore,machine,0,Regulation M-A,
563,"",Cofagrigus,substitute,machine,0,Regulation M-A,
563,"",Cofagrigus,thief,machine,0,Regulation M-A,
563,"",Cofagrigus,toxic-spikes,machine,0,Regulation M-A,
563,"",Cofagrigus,trick,machine,0,Regulation M-A,
563,"",Cofagrigus,trick-room,machine,0,Regulation M-A,
563,"",Cofagrigus,will-o-wisp,machine,0,Regulation M-A,
563,"",Cofagrigus,wonder-room,machine,0,Regulation M-A,
563,"",Cofagrigus,zen-headbutt,machine,0,Regulation M-A,
569,"",Garbodor,acid-spray,machine,0,Regulation M-A,
569,"",Garbodor,amnesia,machine,0,Regulation M-A,
569,"",Garbodor,ancient-power,machine,0,Regulation M-A,
569,"",Garbodor,attract,machine,0,Regulation M-A,
569,"",Garbodor,belch,machine,0,Regulation M-A,
569,"",Garbodor,body-press,machine,0,Regulation M-A,
569,"",Garbodor,body-slam,machine,0,Regulation M-A,
569,"",Garbodor,clear-smog,machine,0,Regulation M-A,
569,"",Garbodor,corrosive-gas,machine,0,Regulation M-A,
569,"",Garbodor,cross-poison,machine,0,Regulation M-A,
569,"",Garbodor,curse,machine,0,Regulation M-A,
569,"",Garbodor,dark-pulse,machine,0,Regulation M-A,
569,"",Garbodor,drain-punch,machine,0,Regulation M-A,
569,"",Garbodor,endure,machine,0,Regulation M-A,
569,"",Garbodor,explosion,machine,0,Regulation M-A,
569,"",Garbodor,facade,machine,0,Regulation M-A,
569,"",Garbodor,fling,machine,0,Regulation M-A,
569,"",Garbodor,focus-blast,machine,0,Regulation M-A,
569,"",Garbodor,giga-drain,machine,0,Regulation M-A,
569,"",Garbodor,giga-impact,machine,0,Regulation M-A,
569,"",Garbodor,gunk-shot,machine,0,Regulation M-A,
569,"",Garbodor,haze,machine,0,Regulation M-A,
569,"",Garbodor,hyper-beam,machine,0,Regulation M-A,
569,"",Garbodor,mud-shot,machine,0,Regulation M-A,
569,"",Garbodor,pain-split,machine,0,Regulation M-A,
569,"",Garbodor,payback,machine,0,Regulation M-A,
569,"",Garbodor,poison-jab,machine,0,Regulation M-A,
569,"",Garbodor,protect,machine,0,Regulation M-A,
569,"",Garbodor,psychic,machine,0,Regulation M-A,
569,"",Garbodor,rain-dance,machine,0,Regulation M-A,
569,"",Garbodor,recycle,machine,0,Regulation M-A,
569,"",Garbodor,rest,machine,0,Regulation M-A,
569,"",Garbodor,rock-blast,machine,0,Regulation M-A,
569,"",Garbodor,round,machine,0,Regulation M-A,
569,"",Garbodor,screech,machine,0,Regulation M-A,
569,"",Garbodor,seed-bomb,machine,0,Regulation M-A,
569,"",Garbodor,self-destruct,machine,0,Regulation M-A,
569,"",Garbodor,sleep-talk,machine,0,Regulation M-A,
569,"",Garbodor,sludge-bomb,machine,0,Regulation M-A,
569,"",Garbodor,sludge-wave,machine,0,Regulation M-A,
569,"",Garbodor,snore,machine,0,Regulation M-A,
569,"",Garbodor,solar-beam,machine,0,Regulation M-A,
569,"",Garbodor,spikes,machine,0,Regulation M-A,
569,"",Garbodor,stockpile,machine,0,Regulation M-A,
569,"",Garbodor,stomping-tantrum,machine,0,Regulation M-A,
569,"",Garbodor,substitute,machine,0,Regulation M-A,
569,"",Garbodor,sunny-day,machine,0,Regulation M-A,
569,"",Garbodor,swallow,machine,0,Regulation M-A,
569,"",Garbodor,thief,machine,0,Regulation M-A,
569,"",Garbodor,thunderbolt,machine,0,Regulation M-A,
569,"",Garbodor,toxic,machine,0,Regulation M-A,
569,"",Garbodor,toxic-spikes,machine,0,Regulation M-A,
569,"",Garbodor,venoshock,machine,0,Regulation M-A,
571,"",Zoroark,aerial-ace,machine,0,Regulation M-A,
571,"",Zoroark,agility,machine,0,Regulation M-A,
571,"",Zoroark,assurance,machine,0,Regulation M-A,
571,"",Zoroark,body-slam,machine,0,Regulation M-A,
571,"",Zoroark,bounce,machine,0,Regulation M-A,
571,"",Zoroark,brick-break,machine,0,Regulation M-A,
571,"",Zoroark,burning-jealousy,machine,0,Regulation M-A,
571,"",Zoroark,calm-mind,machine,0,Regulation M-A,
571,"",Zoroark,confuse-ray,machine,0,Regulation M-A,
571,"",Zoroark,counter,machine,0,Regulation M-A,
571,"",Zoroark,crunch,machine,0,Regulation M-A,
571,"",Zoroark,dark-pulse,machine,0,Regulation M-A,
571,"",Zoroark,detect,machine,0,Regulation M-A,
571,"",Zoroark,dig,machine,0,Regulation M-A,
571,"",Zoroark,encore,machine,0,Regulation M-A,
571,"",Zoroark,endure,machine,0,Regulation M-A,
571,"",Zoroark,extrasensory,machine,0,Regulation M-A,
571,"",Zoroark,facade,machine,0,Regulation M-A,
571,"",Zoroark,fake-tears,machine,0,Regulation M-A,
571,"",Zoroark,flamethrower,machine,0,Regulation M-A,
571,"",Zoroark,fling,machine,0,Regulation M-A,
571,"",Zoroark,focus-blast,machine,0,Regulation M-A,
571,"",Zoroark,foul-play,machine,0,Regulation M-A,
571,"",Zoroark,giga-impact,machine,0,Regulation M-A,
571,"",Zoroark,grass-knot,machine,0,Regulation M-A,
571,"",Zoroark,helping-hand,machine,0,Regulation M-A,
571,"",Zoroark,hex,machine,0,Regulation M-A,
571,"",Zoroark,hyper-beam,machine,0,Regulation M-A,
571,"",Zoroark,hyper-voice,machine,0,Regulation M-A,
571,"",Zoroark,imprison,machine,0,Regulation M-A,
571,"",Zoroark,knock-off,machine,0,Regulation M-A,
571,"",Zoroark,lash-out,machine,0,Regulation M-A,
571,"",Zoroark,low-kick,machine,0,Regulation M-A,
571,"",Zoroark,low-sweep,machine,0,Regulation M-A,
571,"",Zoroark,mega-kick,machine,0,Regulation M-A,
571,"",Zoroark,memento,machine,0,Regulation M-A,
571,"",Zoroark,nasty-plot,machine,0,Regulation M-A,
571,"",Zoroark,night-daze,machine,0,Regulation M-A,
571,"",Zoroark,night-shade,machine,0,Regulation M-A,
571,"",Zoroark,night-slash,machine,0,Regulation M-A,
571,"",Zoroark,pain-split,machine,0,Regulation M-A,
571,"",Zoroark,payback,machine,0,Regulation M-A,
571,"",Zoroark,protect,machine,0,Regulation M-A,
571,"",Zoroark,psych-up,machine,0,Regulation M-A,
571,"",Zoroark,psychic,machine,0,Regulation M-A,
571,"",Zoroark,rain-dance,machine,0,Regulation M-A,
571,"",Zoroark,rest,machine,0,Regulation M-A,
571,"",Zoroark,roar,machine,0,Regulation M-A,
571,"",Zoroark,round,machine,0,Regulation M-A,
571,"",Zoroark,scary-face,machine,0,Regulation M-A,
571,"",Zoroark,shadow-ball,machine,0,Regulation M-A,
571,"",Zoroark,shadow-claw,machine,0,Regulation M-A,
571,"",Zoroark,skitter-smack,machine,0,Regulation M-A,
571,"",Zoroark,sleep-talk,machine,0,Regulation M-A,
571,"",Zoroark,sludge-bomb,machine,0,Regulation M-A,
571,"",Zoroark,snarl,machine,0,Regulation M-A,
571,"",Zoroark,snore,machine,0,Regulation M-A,
571,"",Zoroark,spite,machine,0,Regulation M-A,
571,"",Zoroark,substitute,machine,0,Regulation M-A,
571,"",Zoroark,sucker-punch,machine,0,Regulation M-A,
571,"",Zoroark,sunny-day,machine,0,Regulation M-A,
571,"",Zoroark,swords-dance,machine,0,Regulation M-A,
571,"",Zoroark,taunt,machine,0,Regulation M-A,
571,"",Zoroark,thief,machine,0,Regulation M-A,
571,"",Zoroark,throat-chop,machine,0,Regulation M-A,
571,"",Zoroark,torment,machine,0,Regulation M-A,
571,"",Zoroark,toxic,machine,0,Regulation M-A,
571,"",Zoroark,trick,machine,0,Regulation M-A,
571,"",Zoroark,u-turn,machine,0,Regulation M-A,
571,"",Zoroark,uproar,machine,0,Regulation M-A,
571,hisui,Zoroark-Hisui,aerial-ace,machine,0,Regulation M-A,
571,hisui,Zoroark-Hisui,agility,machine,0,Regulation M-A,
571,hisui,Zoroark-Hisui,assurance,machine,0,Regulation M-A,
571,hisui,Zoroark-Hisui,bitter-malice,machine,0,Regulation M-A,
571,hisui,Zoroark-Hisui,body-slam,machine,0,Regulation M-A,
571,hisui,Zoroark-Hisui,bounce,machine,0,Regulation M-A,
571,hisui,Zoroark-Hisui,brick-break,machine,0,Regulation M-A,
571,hisui,Zoroark-Hisui,burning-jealousy,machine,0,Regulation M-A,
571,hisui,Zoroark-Hisui,calm-mind,machine,0,Regulation M-A,
571,hisui,Zoroark-Hisui,comeuppance,machine,0,Regulation M-A,
571,hisui,Zoroark-Hisui,confuse-ray,machine,0,Regulation M-A,
571,hisui,Zoroark-Hisui,crunch,machine,0,Regulation M-A,
571,hisui,Zoroark-Hisui,curse,machine,0,Regulation M-A,
571,hisui,Zoroark-Hisui,dark-pulse,machine,0,Regulation M-A,
571,hisui,Zoroark-Hisui,detect,machine,0,Regulation M-A,
571,hisui,Zoroark-Hisui,dig,machine,0,Regulation M-A,
571,hisui,Zoroark-Hisui,endure,machine,0,Regulation M-A,
571,hisui,Zoroark-Hisui,extrasensory,machine,0,Regulation M-A,
571,hisui,Zoroark-Hisui,facade,machine,0,Regulation M-A,
571,hisui,Zoroark-Hisui,fake-tears,machine,0,Regulation M-A,
571,hisui,Zoroark-Hisui,flamethrower,machine,0,Regulation M-A,
571,hisui,Zoroark-Hisui,fling,machine,0,Regulation M-A,
571,hisui,Zoroark-Hisui,focus-blast,machine,0,Regulation M-A,
571,hisui,Zoroark-Hisui,focus-punch,machine,0,Regulation M-A,
571,hisui,Zoroark-Hisui,foul-play,machine,0,Regulation M-A,
571,hisui,Zoroark-Hisui,giga-impact,machine,0,Regulation M-A,
571,hisui,Zoroark-Hisui,grass-knot,machine,0,Regulation M-A,
571,hisui,Zoroark-Hisui,helping-hand,machine,0,Regulation M-A,
571,hisui,Zoroark-Hisui,hex,machine,0,Regulation M-A,
571,hisui,Zoroark-Hisui,hyper-beam,machine,0,Regulation M-A,
571,hisui,Zoroark-Hisui,hyper-voice,machine,0,Regulation M-A,
571,hisui,Zoroark-Hisui,icy-wind,machine,0,Regulation M-A,
571,hisui,Zoroark-Hisui,imprison,machine,0,Regulation M-A,
571,hisui,Zoroark-Hisui,knock-off,machine,0,Regulation M-A,
571,hisui,Zoroark-Hisui,lash-out,machine,0,Regulation M-A,
571,hisui,Zoroark-Hisui,low-kick,machine,0,Regulation M-A,
571,hisui,Zoroark-Hisui,low-sweep,machine,0,Regulation M-A,
571,hisui,Zoroark-Hisui,mega-kick,machine,0,Regulation M-A,
571,hisui,Zoroark-Hisui,memento,machine,0,Regulation M-A,
571,hisui,Zoroark-Hisui,nasty-plot,machine,0,Regulation M-A,
571,hisui,Zoroark-Hisui,night-shade,machine,0,Regulation M-A,
571,hisui,Zoroark-Hisui,pain-split,machine,0,Regulation M-A,
571,hisui,Zoroark-Hisui,payback,machine,0,Regulation M-A,
571,hisui,Zoroark-Hisui,phantom-force,machine,0,Regulation M-A,
571,hisui,Zoroark-Hisui,poltergeist,machine,0,Regulation M-A,
571,hisui,Zoroark-Hisui,protect,machine,0,Regulation M-A,
571,hisui,Zoroark-Hisui,psych-up,machine,0,Regulation M-A,
571,hisui,Zoroark-Hisui,psychic,machine,0,Regulation M-A,
571,hisui,Zoroark-Hisui,rain-dance,machine,0,Regulation M-A,
571,hisui,Zoroark-Hisui,rest,machine,0,Regulation M-A,
571,hisui,Zoroark-Hisui,roar,machine,0,Regulation M-A,
571,hisui,Zoroark-Hisui,round,machine,0,Regulation M-A,
571,hisui,Zoroark-Hisui,scary-face,machine,0,Regulation M-A,
571,hisui,Zoroark-Hisui,shadow-ball,machine,0,Regulation M-A,
571,hisui,Zoroark-Hisui,shadow-claw,machine,0,Regulation M-A,
571,hisui,Zoroark-Hisui,shadow-sneak,machine,0,Regulation M-A,
571,hisui,Zoroark-Hisui,skitter-smack,machine,0,Regulation M-A,
571,hisui,Zoroark-Hisui,sleep-talk,machine,0,Regulation M-A,
571,hisui,Zoroark-Hisui,sludge-bomb,machine,0,Regulation M-A,
571,hisui,Zoroark-Hisui,snarl,machine,0,Regulation M-A,
571,hisui,Zoroark-Hisui,snore,machine,0,Regulation M-A,
571,hisui,Zoroark-Hisui,snowscape,machine,0,Regulation M-A,
571,hisui,Zoroark-Hisui,spite,machine,0,Regulation M-A,
571,hisui,Zoroark-Hisui,substitute,machine,0,Regulation M-A,
571,hisui,Zoroark-Hisui,swords-dance,machine,0,Regulation M-A,
571,hisui,Zoroark-Hisui,taunt,machine,0,Regulation M-A,
571,hisui,Zoroark-Hisui,thief,machine,0,Regulation M-A,
571,hisui,Zoroark-Hisui,throat-chop,machine,0,Regulation M-A,
571,hisui,Zoroark-Hisui,torment,machine,0,Regulation M-A,
571,hisui,Zoroark-Hisui,trick,machine,0,Regulation M-A,
571,hisui,Zoroark-Hisui,u-turn,machine,0,Regulation M-A,
571,hisui,Zoroark-Hisui,uproar,machine,0,Regulation M-A,
571,hisui,Zoroark-Hisui,will-o-wisp,machine,0,Regulation M-A,
579,"",Reuniclus,acid-armor,machine,0,Regulation M-A,
579,"",Reuniclus,ally-switch,machine,0,Regulation M-A,
579,"",Reuniclus,attract,machine,0,Regulation M-A,
579,"",Reuniclus,body-slam,machine,0,Regulation M-A,
579,"",Reuniclus,calm-mind,machine,0,Regulation M-A,
579,"",Reuniclus,charm,machine,0,Regulation M-A,
579,"",Reuniclus,confuse-ray,machine,0,Regulation M-A,
579,"",Reuniclus,drain-punch,machine,0,Regulation M-A,
579,"",Reuniclus,encore,machine,0,Regulation M-A,
579,"",Reuniclus,endeavor,machine,0,Regulation M-A,
579,"",Reuniclus,endure,machine,0,Regulation M-A,
579,"",Reuniclus,energy-ball,machine,0,Regulation M-A,
579,"",Reuniclus,expanding-force,machine,0,Regulation M-A,
579,"",Reuniclus,facade,machine,0,Regulation M-A,
579,"",Reuniclus,fire-punch,machine,0,Regulation M-A,
579,"",Reuniclus,flash-cannon,machine,0,Regulation M-A,
579,"",Reuniclus,fling,machine,0,Regulation M-A,
579,"",Reuniclus,focus-blast,machine,0,Regulation M-A,
579,"",Reuniclus,focus-punch,machine,0,Regulation M-A,
579,"",Reuniclus,future-sight,machine,0,Regulation M-A,
579,"",Reuniclus,giga-impact,machine,0,Regulation M-A,
579,"",Reuniclus,grass-knot,machine,0,Regulation M-A,
579,"",Reuniclus,gravity,machine,0,Regulation M-A,
579,"",Reuniclus,guard-swap,machine,0,Regulation M-A,
579,"",Reuniclus,gyro-ball,machine,0,Regulation M-A,
579,"",Reuniclus,hammer-arm,machine,0,Regulation M-A,
579,"",Reuniclus,helping-hand,machine,0,Regulation M-A,
579,"",Reuniclus,hyper-beam,machine,0,Regulation M-A,
579,"",Reuniclus,ice-punch,machine,0,Regulation M-A,
579,"",Reuniclus,imprison,machine,0,Regulation M-A,
579,"",Reuniclus,iron-defense,machine,0,Regulation M-A,
579,"",Reuniclus,knock-off,machine,0,Regulation M-A,
579,"",Reuniclus,light-screen,machine,0,Regulation M-A,
579,"",Reuniclus,night-shade,machine,0,Regulation M-A,
579,"",Reuniclus,pain-split,machine,0,Regulation M-A,
579,"",Reuniclus,power-swap,machine,0,Regulation M-A,
579,"",Reuniclus,protect,machine,0,Regulation M-A,
579,"",Reuniclus,psych-up,machine,0,Regulation M-A,
579,"",Reuniclus,psychic,machine,0,Regulation M-A,
579,"",Reuniclus,psychic-noise,machine,0,Regulation M-A,
579,"",Reuniclus,psychic-terrain,machine,0,Regulation M-A,
579,"",Reuniclus,psyshock,machine,0,Regulation M-A,
579,"",Reuniclus,rain-dance,machine,0,Regulation M-A,
579,"",Reuniclus,recover,machine,0,Regulation M-A,
579,"",Reuniclus,reflect,machine,0,Regulation M-A,
579,"",Reuniclus,rest,machine,0,Regulation M-A,
579,"",Reuniclus,rock-slide,machine,0,Regulation M-A,
579,"",Reuniclus,rock-tomb,machine,0,Regulation M-A,
579,"",Reuniclus,round,machine,0,Regulation M-A,
579,"",Reuniclus,safeguard,machine,0,Regulation M-A,
579,"",Reuniclus,shadow-ball,machine,0,Regulation M-A,
579,"",Reuniclus,skill-swap,machine,0,Regulation M-A,
579,"",Reuniclus,sleep-talk,machine,0,Regulation M-A,
579,"",Reuniclus,snore,machine,0,Regulation M-A,
579,"",Reuniclus,steel-roller,machine,0,Regulation M-A,
579,"",Reuniclus,stored-power,machine,0,Regulation M-A,
579,"",Reuniclus,substitute,machine,0,Regulation M-A,
579,"",Reuniclus,sunny-day,machine,0,Regulation M-A,
579,"",Reuniclus,superpower,machine,0,Regulation M-A,
579,"",Reuniclus,thunder,machine,0,Regulation M-A,
579,"",Reuniclus,thunder-punch,machine,0,Regulation M-A,
579,"",Reuniclus,thunder-wave,machine,0,Regulation M-A,
579,"",Reuniclus,trick,machine,0,Regulation M-A,
579,"",Reuniclus,trick-room,machine,0,Regulation M-A,
579,"",Reuniclus,wonder-room,machine,0,Regulation M-A,
579,"",Reuniclus,zen-headbutt,machine,0,Regulation M-A,
584,"",Vanilluxe,acid-armor,machine,0,Regulation M-A,
584,"",Vanilluxe,ally-switch,machine,0,Regulation M-A,
584,"",Vanilluxe,attract,machine,0,Regulation M-A,
584,"",Vanilluxe,aurora-veil,machine,0,Regulation M-A,
584,"",Vanilluxe,avalanche,machine,0,Regulation M-A,
584,"",Vanilluxe,beat-up,machine,0,Regulation M-A,
584,"",Vanilluxe,blizzard,machine,0,Regulation M-A,
584,"",Vanilluxe,chilling-water,machine,0,Regulation M-A,
584,"",Vanilluxe,endure,machine,0,Regulation M-A,
584,"",Vanilluxe,explosion,machine,0,Regulation M-A,
584,"",Vanilluxe,facade,machine,0,Regulation M-A,
584,"",Vanilluxe,flash-cannon,machine,0,Regulation M-A,
584,"",Vanilluxe,freeze-dry,machine,0,Regulation M-A,
584,"",Vanilluxe,frost-breath,machine,0,Regulation M-A,
584,"",Vanilluxe,giga-impact,machine,0,Regulation M-A,
584,"",Vanilluxe,hyper-beam,machine,0,Regulation M-A,
584,"",Vanilluxe,hyper-voice,machine,0,Regulation M-A,
584,"",Vanilluxe,ice-beam,machine,0,Regulation M-A,
584,"",Vanilluxe,ice-shard,machine,0,Regulation M-A,
584,"",Vanilluxe,ice-spinner,machine,0,Regulation M-A,
584,"",Vanilluxe,icicle-crash,machine,0,Regulation M-A,
584,"",Vanilluxe,icicle-spear,machine,0,Regulation M-A,
584,"",Vanilluxe,icy-wind,machine,0,Regulation M-A,
584,"",Vanilluxe,imprison,machine,0,Regulation M-A,
584,"",Vanilluxe,iron-defense,machine,0,Regulation M-A,
584,"",Vanilluxe,light-screen,machine,0,Regulation M-A,
584,"",Vanilluxe,magnet-rise,machine,0,Regulation M-A,
584,"",Vanilluxe,mirror-coat,machine,0,Regulation M-A,
584,"",Vanilluxe,protect,machine,0,Regulation M-A,
584,"",Vanilluxe,rain-dance,machine,0,Regulation M-A,
584,"",Vanilluxe,rest,machine,0,Regulation M-A,
584,"",Vanilluxe,round,machine,0,Regulation M-A,
584,"",Vanilluxe,self-destruct,machine,0,Regulation M-A,
584,"",Vanilluxe,sheer-cold,machine,0,Regulation M-A,
584,"",Vanilluxe,sleep-talk,machine,0,Regulation M-A,
584,"",Vanilluxe,snore,machine,0,Regulation M-A,
584,"",Vanilluxe,snowscape,machine,0,Regulation M-A,
584,"",Vanilluxe,substitute,machine,0,Regulation M-A,
584,"",Vanilluxe,taunt,machine,0,Regulation M-A,
584,"",Vanilluxe,uproar,machine,0,Regulation M-A,
584,"",Vanilluxe,weather-ball,machine,0,Regulation M-A,
587,"",Emolga,acrobatics,machine,0,Regulation M-A,
587,"",Emolga,agility,machine,0,Regulation M-A,
587,"",Emolga,air-slash,machine,0,Regulation M-A,
587,"",Emolga,attract,machine,0,Regulation M-A,
587,"",Emolga,baton-pass,machine,0,Regulation M-A,
587,"",Emolga,charge,machine,0,Regulation M-A,
587,"",Emolga,charge-beam,machine,0,Regulation M-A,
587,"",Emolga,charm,machine,0,Regulation M-A,
587,"",Emolga,covet,machine,0,Regulation M-A,
587,"",Emolga,defog,machine,0,Regulation M-A,
587,"",Emolga,discharge,machine,0,Regulation M-A,
587,"",Emolga,double-team,machine,0,Regulation M-A,
587,"",Emolga,dual-wingbeat,machine,0,Regulation M-A,
587,"",Emolga,eerie-impulse,machine,0,Regulation M-A,
587,"",Emolga,electro-ball,machine,0,Regulation M-A,
587,"",Emolga,electroweb,machine,0,Regulation M-A,
587,"",Emolga,encore,machine,0,Regulation M-A,
587,"",Emolga,endure,machine,0,Regulation M-A,
587,"",Emolga,energy-ball,machine,0,Regulation M-A,
587,"",Emolga,facade,machine,0,Regulation M-A,
587,"",Emolga,fling,machine,0,Regulation M-A,
587,"",Emolga,helping-hand,machine,0,Regulation M-A,
587,"",Emolga,iron-tail,machine,0,Regulation M-A,
587,"",Emolga,light-screen,machine,0,Regulation M-A,
587,"",Emolga,nuzzle,machine,0,Regulation M-A,
587,"",Emolga,pounce,machine,0,Regulation M-A,
587,"",Emolga,protect,machine,0,Regulation M-A,
587,"",Emolga,quick-attack,machine,0,Regulation M-A,
587,"",Emolga,rain-dance,machine,0,Regulation M-A,
587,"",Emolga,rest,machine,0,Regulation M-A,
587,"",Emolga,rising-voltage,machine,0,Regulation M-A,
587,"",Emolga,roost,machine,0,Regulation M-A,
587,"",Emolga,round,machine,0,Regulation M-A,
587,"",Emolga,sleep-talk,machine,0,Regulation M-A,
587,"",Emolga,snore,machine,0,Regulation M-A,
587,"",Emolga,solar-beam,machine,0,Regulation M-A,
587,"",Emolga,speed-swap,machine,0,Regulation M-A,
587,"",Emolga,substitute,machine,0,Regulation M-A,
587,"",Emolga,taunt,machine,0,Regulation M-A,
587,"",Emolga,thunder,machine,0,Regulation M-A,
587,"",Emolga,thunder-wave,machine,0,Regulation M-A,
587,"",Emolga,thunderbolt,machine,0,Regulation M-A,
587,"",Emolga,tickle,machine,0,Regulation M-A,
587,"",Emolga,u-turn,machine,0,Regulation M-A,
587,"",Emolga,volt-switch,machine,0,Regulation M-A,
587,"",Emolga,wild-charge,machine,0,Regulation M-A,
604,"",Eelektross,acid-spray,machine,0,Regulation M-B,
604,"",Eelektross,acrobatics,machine,0,Regulation M-B,
604,"",Eelektross,body-press,machine,0,Regulation M-B,
604,"",Eelektross,body-slam,machine,0,Regulation M-B,
604,"",Eelektross,bounce,machine,0,Regulation M-B,
604,"",Eelektross,brick-break,machine,0,Regulation M-B,
604,"",Eelektross,bulk-up,machine,0,Regulation M-B,
604,"",Eelektross,bulldoze,machine,0,Regulation M-B,
604,"",Eelektross,charge,machine,0,Regulation M-B,
604,"",Eelektross,charge-beam,machine,0,Regulation M-B,
604,"",Eelektross,close-combat,machine,0,Regulation M-B,
604,"",Eelektross,coil,machine,0,Regulation M-B,
604,"",Eelektross,confuse-ray,machine,0,Regulation M-B,
604,"",Eelektross,crunch,machine,0,Regulation M-B,
604,"",Eelektross,crush-claw,machine,0,Regulation M-B,
604,"",Eelektross,discharge,machine,0,Regulation M-B,
604,"",Eelektross,dragon-claw,machine,0,Regulation M-B,
604,"",Eelektross,dragon-pulse,machine,0,Regulation M-B,
604,"",Eelektross,dragon-tail,machine,0,Regulation M-B,
604,"",Eelektross,drain-punch,machine,0,Regulation M-B,
604,"",Eelektross,eerie-impulse,machine,0,Regulation M-B,
604,"",Eelektross,electric-terrain,machine,0,Regulation M-B,
604,"",Eelektross,electro-ball,machine,0,Regulation M-B,
604,"",Eelektross,electroweb,machine,0,Regulation M-B,
604,"",Eelektross,endure,machine,0,Regulation M-B,
604,"",Eelektross,facade,machine,0,Regulation M-B,
604,"",Eelektross,fire-punch,machine,0,Regulation M-B,
604,"",Eelektross,flamethrower,machine,0,Regulation M-B,
604,"",Eelektross,flash-cannon,machine,0,Regulation M-B,
604,"",Eelektross,focus-punch,machine,0,Regulation M-B,
604,"",Eelektross,gastro-acid,machine,0,Regulation M-B,
604,"",Eelektross,giga-drain,machine,0,Regulation M-B,
604,"",Eelektross,giga-impact,machine,0,Regulation M-B,
604,"",Eelektross,grass-knot,machine,0,Regulation M-B,
604,"",Eelektross,heavy-slam,machine,0,Regulation M-B,
604,"",Eelektross,hex,machine,0,Regulation M-B,
604,"",Eelektross,hyper-beam,machine,0,Regulation M-B,
604,"",Eelektross,iron-tail,machine,0,Regulation M-B,
604,"",Eelektross,knock-off,machine,0,Regulation M-B,
604,"",Eelektross,light-screen,machine,0,Regulation M-B,
604,"",Eelektross,liquidation,machine,0,Regulation M-B,
604,"",Eelektross,lunge,machine,0,Regulation M-B,
604,"",Eelektross,muddy-water,machine,0,Regulation M-B,
604,"",Eelektross,outrage,machine,0,Regulation M-B,
604,"",Eelektross,poison-fang,machine,0,Regulation M-B,
604,"",Eelektross,protect,machine,0,Regulation M-B,
604,"",Eelektross,psychic-fangs,machine,0,Regulation M-B,
604,"",Eelektross,rain-dance,machine,0,Regulation M-B,
604,"",Eelektross,rest,machine,0,Regulation M-B,
604,"",Eelektross,rising-voltage,machine,0,Regulation M-B,
604,"",Eelektross,rock-slide,machine,0,Regulation M-B,
604,"",Eelektross,rock-tomb,machine,0,Regulation M-B,
604,"",Eelektross,round,machine,0,Regulation M-B,
604,"",Eelektross,scary-face,machine,0,Regulation M-B,
604,"",Eelektross,sleep-talk,machine,0,Regulation M-B,
604,"",Eelektross,snore,machine,0,Regulation M-B,
604,"",Eelektross,stomping-tantrum,machine,0,Regulation M-B,
604,"",Eelektross,substitute,machine,0,Regulation M-B,
604,"",Eelektross,sunny-day,machine,0,Regulation M-B,
604,"",Eelektross,super-fang,machine,0,Regulation M-B,
604,"",Eelektross,supercell-slam,machine,0,Regulation M-B,
604,"",Eelektross,superpower,machine,0,Regulation M-B,
604,"",Eelektross,thrash,machine,0,Regulation M-B,
604,"",Eelektross,throat-chop,machine,0,Regulation M-B,
604,"",Eelektross,thunder,machine,0,Regulation M-B,
604,"",Eelektross,thunder-fang,machine,0,Regulation M-B,
604,"",Eelektross,thunder-punch,machine,0,Regulation M-B,
604,"",Eelektross,thunder-wave,machine,0,Regulation M-B,
604,"",Eelektross,thunderbolt,machine,0,Regulation M-B,
604,"",Eelektross,u-turn,machine,0,Regulation M-B,
604,"",Eelektross,volt-switch,machine,0,Regulation M-B,
604,"",Eelektross,waterfall,machine,0,Regulation M-B,
604,"",Eelektross,wild-charge,machine,0,Regulation M-B,
604,"",Eelektross,zap-cannon,machine,0,Regulation M-B,
604,"",Eelektross,zen-headbutt,machine,0,Regulation M-B,
609,"",Chandelure,acid-armor,machine,0,Regulation M-A,
609,"",Chandelure,burning-jealousy,machine,0,Regulation M-A,
609,"",Chandelure,calm-mind,machine,0,Regulation M-A,
609,"",Chandelure,clear-smog,machine,0,Regulation M-A,
609,"",Chandelure,confuse-ray,machine,0,Regulation M-A,
609,"",Chandelure,curse,machine,0,Regulation M-A,
609,"",Chandelure,dark-pulse,machine,0,Regulation M-A,
609,"",Chandelure,double-team,machine,0,Regulation M-A,
609,"",Chandelure,endure,machine,0,Regulation M-A,
609,"",Chandelure,energy-ball,machine,0,Regulation M-A,
609,"",Chandelure,facade,machine,0,Regulation M-A,
609,"",Chandelure,fire-blast,machine,0,Regulation M-A,
609,"",Chandelure,fire-spin,machine,0,Regulation M-A,
609,"",Chandelure,flame-charge,machine,0,Regulation M-A,
609,"",Chandelure,flamethrower,machine,0,Regulation M-A,
609,"",Chandelure,flare-blitz,machine,0,Regulation M-A,
609,"",Chandelure,giga-impact,machine,0,Regulation M-A,
609,"",Chandelure,haze,machine,0,Regulation M-A,
609,"",Chandelure,heat-wave,machine,0,Regulation M-A,
609,"",Chandelure,hex,machine,0,Regulation M-A,
609,"",Chandelure,hyper-beam,machine,0,Regulation M-A,
609,"",Chandelure,imprison,machine,0,Regulation M-A,
609,"",Chandelure,inferno,machine,0,Regulation M-A,
609,"",Chandelure,lash-out,machine,0,Regulation M-A,
609,"",Chandelure,memento,machine,0,Regulation M-A,
609,"",Chandelure,minimize,machine,0,Regulation M-A,
609,"",Chandelure,mystical-fire,machine,0,Regulation M-A,
609,"",Chandelure,night-shade,machine,0,Regulation M-A,
609,"",Chandelure,overheat,machine,0,Regulation M-A,
609,"",Chandelure,pain-split,machine,0,Regulation M-A,
609,"",Chandelure,payback,machine,0,Regulation M-A,
609,"",Chandelure,poltergeist,machine,0,Regulation M-A,
609,"",Chandelure,power-split,machine,0,Regulation M-A,
609,"",Chandelure,protect,machine,0,Regulation M-A,
609,"",Chandelure,psych-up,machine,0,Regulation M-A,
609,"",Chandelure,psychic,machine,0,Regulation M-A,
609,"",Chandelure,rest,machine,0,Regulation M-A,
609,"",Chandelure,round,machine,0,Regulation M-A,
609,"",Chandelure,safeguard,machine,0,Regulation M-A,
609,"",Chandelure,shadow-ball,machine,0,Regulation M-A,
609,"",Chandelure,skitter-smack,machine,0,Regulation M-A,
609,"",Chandelure,sleep-talk,machine,0,Regulation M-A,
609,"",Chandelure,snore,machine,0,Regulation M-A,
609,"",Chandelure,solar-beam,machine,0,Regulation M-A,
609,"",Chandelure,spite,machine,0,Regulation M-A,
609,"",Chandelure,substitute,machine,0,Regulation M-A,
609,"",Chandelure,sunny-day,machine,0,Regulation M-A,
609,"",Chandelure,taunt,machine,0,Regulation M-A,
609,"",Chandelure,temper-flare,machine,0,Regulation M-A,
609,"",Chandelure,thief,machine,0,Regulation M-A,
609,"",Chandelure,trailblaze,machine,0,Regulation M-A,
609,"",Chandelure,trick,machine,0,Regulation M-A,
609,"",Chandelure,trick-room,machine,0,Regulation M-A,
609,"",Chandelure,will-o-wisp,machine,0,Regulation M-A,
614,"",Beartic,aerial-ace,machine,0,Regulation M-A,
614,"",Beartic,aqua-jet,machine,0,Regulation M-A,
614,"",Beartic,assurance,machine,0,Regulation M-A,
614,"",Beartic,avalanche,machine,0,Regulation M-A,
614,"",Beartic,blizzard,machine,0,Regulation M-A,
614,"",Beartic,body-press,machine,0,Regulation M-A,
614,"",Beartic,body-slam,machine,0,Regulation M-A,
614,"",Beartic,brick-break,machine,0,Regulation M-A,
614,"",Beartic,bulk-up,machine,0,Regulation M-A,
614,"",Beartic,bulldoze,machine,0,Regulation M-A,
614,"",Beartic,charm,machine,0,Regulation M-A,
614,"",Beartic,chilling-water,machine,0,Regulation M-A,
614,"",Beartic,close-combat,machine,0,Regulation M-A,
614,"",Beartic,crunch,machine,0,Regulation M-A,
614,"",Beartic,curse,machine,0,Regulation M-A,
614,"",Beartic,dig,machine,0,Regulation M-A,
614,"",Beartic,dive,machine,0,Regulation M-A,
614,"",Beartic,double-edge,machine,0,Regulation M-A,
614,"",Beartic,earthquake,machine,0,Regulation M-A,
614,"",Beartic,encore,machine,0,Regulation M-A,
614,"",Beartic,endeavor,machine,0,Regulation M-A,
614,"",Beartic,endure,machine,0,Regulation M-A,
614,"",Beartic,facade,machine,0,Regulation M-A,
614,"",Beartic,flail,machine,0,Regulation M-A,
614,"",Beartic,fling,machine,0,Regulation M-A,
614,"",Beartic,focus-blast,machine,0,Regulation M-A,
614,"",Beartic,focus-punch,machine,0,Regulation M-A,
614,"",Beartic,frost-breath,machine,0,Regulation M-A,
614,"",Beartic,giga-impact,machine,0,Regulation M-A,
614,"",Beartic,grass-knot,machine,0,Regulation M-A,
614,"",Beartic,hard-press,machine,0,Regulation M-A,
614,"",Beartic,heavy-slam,machine,0,Regulation M-A,
614,"",Beartic,hyper-beam,machine,0,Regulation M-A,
614,"",Beartic,ice-beam,machine,0,Regulation M-A,
614,"",Beartic,ice-fang,machine,0,Regulation M-A,
614,"",Beartic,ice-punch,machine,0,Regulation M-A,
614,"",Beartic,icicle-crash,machine,0,Regulation M-A,
614,"",Beartic,icicle-spear,machine,0,Regulation M-A,
614,"",Beartic,icy-wind,machine,0,Regulation M-A,
614,"",Beartic,liquidation,machine,0,Regulation M-A,
614,"",Beartic,low-kick,machine,0,Regulation M-A,
614,"",Beartic,mega-kick,machine,0,Regulation M-A,
614,"",Beartic,mud-shot,machine,0,Regulation M-A,
614,"",Beartic,mud-slap,machine,0,Regulation M-A,
614,"",Beartic,night-slash,machine,0,Regulation M-A,
614,"",Beartic,play-rough,machine,0,Regulation M-A,
614,"",Beartic,protect,machine,0,Regulation M-A,
614,"",Beartic,rain-dance,machine,0,Regulation M-A,
614,"",Beartic,rest,machine,0,Regulation M-A,
614,"",Beartic,reversal,machine,0,Regulation M-A,
614,"",Beartic,roar,machine,0,Regulation M-A,
614,"",Beartic,rock-slide,machine,0,Regulation M-A,
614,"",Beartic,rock-tomb,machine,0,Regulation M-A,
614,"",Beartic,round,machine,0,Regulation M-A,
614,"",Beartic,scary-face,machine,0,Regulation M-A,
614,"",Beartic,shadow-claw,machine,0,Regulation M-A,
614,"",Beartic,sheer-cold,machine,0,Regulation M-A,
614,"",Beartic,sleep-talk,machine,0,Regulation M-A,
614,"",Beartic,snarl,machine,0,Regulation M-A,
614,"",Beartic,snore,machine,0,Regulation M-A,
614,"",Beartic,snowscape,machine,0,Regulation M-A,
614,"",Beartic,stone-edge,machine,0,Regulation M-A,
614,"",Beartic,substitute,machine,0,Regulation M-A,
614,"",Beartic,superpower,machine,0,Regulation M-A,
614,"",Beartic,surf,machine,0,Regulation M-A,
614,"",Beartic,swagger,machine,0,Regulation M-A,
614,"",Beartic,swords-dance,machine,0,Regulation M-A,
614,"",Beartic,taunt,machine,0,Regulation M-A,
614,"",Beartic,thief,machine,0,Regulation M-A,
614,"",Beartic,thrash,machine,0,Regulation M-A,
614,"",Beartic,throat-chop,machine,0,Regulation M-A,
614,"",Beartic,trailblaze,machine,0,Regulation M-A,
614,"",Beartic,water-pulse,machine,0,Regulation M-A,
614,"",Beartic,x-scissor,machine,0,Regulation M-A,
614,"",Beartic,yawn,machine,0,Regulation M-A,
618,"",Stunfisk,attract,machine,0,Regulation M-A,
618,"",Stunfisk,bounce,machine,0,Regulation M-A,
618,"",Stunfisk,bulldoze,machine,0,Regulation M-A,
618,"",Stunfisk,charge,machine,0,Regulation M-A,
618,"",Stunfisk,curse,machine,0,Regulation M-A,
618,"",Stunfisk,dig,machine,0,Regulation M-A,
618,"",Stunfisk,discharge,machine,0,Regulation M-A,
618,"",Stunfisk,earth-power,machine,0,Regulation M-A,
618,"",Stunfisk,earthquake,machine,0,Regulation M-A,
618,"",Stunfisk,eerie-impulse,machine,0,Regulation M-A,
618,"",Stunfisk,electric-terrain,machine,0,Regulation M-A,
618,"",Stunfisk,electroweb,machine,0,Regulation M-A,
618,"",Stunfisk,endure,machine,0,Regulation M-A,
618,"",Stunfisk,facade,machine,0,Regulation M-A,
618,"",Stunfisk,fissure,machine,0,Regulation M-A,
618,"",Stunfisk,flail,machine,0,Regulation M-A,
618,"",Stunfisk,foul-play,machine,0,Regulation M-A,
618,"",Stunfisk,lash-out,machine,0,Regulation M-A,
618,"",Stunfisk,mud-shot,machine,0,Regulation M-A,
618,"",Stunfisk,mud-slap,machine,0,Regulation M-A,
618,"",Stunfisk,muddy-water,machine,0,Regulation M-A,
618,"",Stunfisk,pain-split,machine,0,Regulation M-A,
618,"",Stunfisk,payback,machine,0,Regulation M-A,
618,"",Stunfisk,protect,machine,0,Regulation M-A,
618,"",Stunfisk,rain-dance,machine,0,Regulation M-A,
618,"",Stunfisk,reflect-type,machine,0,Regulation M-A,
618,"",Stunfisk,rest,machine,0,Regulation M-A,
618,"",Stunfisk,rock-slide,machine,0,Regulation M-A,
618,"",Stunfisk,rock-tomb,machine,0,Regulation M-A,
618,"",Stunfisk,round,machine,0,Regulation M-A,
618,"",Stunfisk,sandstorm,machine,0,Regulation M-A,
618,"",Stunfisk,scald,machine,0,Regulation M-A,
618,"",Stunfisk,sleep-talk,machine,0,Regulation M-A,
618,"",Stunfisk,sludge-bomb,machine,0,Regulation M-A,
618,"",Stunfisk,sludge-wave,machine,0,Regulation M-A,
618,"",Stunfisk,snore,machine,0,Regulation M-A,
618,"",Stunfisk,spite,machine,0,Regulation M-A,
618,"",Stunfisk,stealth-rock,machine,0,Regulation M-A,
618,"",Stunfisk,stomping-tantrum,machine,0,Regulation M-A,
618,"",Stunfisk,stone-edge,machine,0,Regulation M-A,
618,"",Stunfisk,substitute,machine,0,Regulation M-A,
618,"",Stunfisk,sucker-punch,machine,0,Regulation M-A,
618,"",Stunfisk,surf,machine,0,Regulation M-A,
618,"",Stunfisk,thunder,machine,0,Regulation M-A,
618,"",Stunfisk,thunder-wave,machine,0,Regulation M-A,
618,"",Stunfisk,thunderbolt,machine,0,Regulation M-A,
618,"",Stunfisk,uproar,machine,0,Regulation M-A,
618,"",Stunfisk,yawn,machine,0,Regulation M-A,
618,galar,Stunfisk-Galar,attract,machine,0,Regulation M-A,
618,galar,Stunfisk-Galar,bind,machine,0,Regulation M-A,
618,galar,Stunfisk-Galar,bounce,machine,0,Regulation M-A,
618,galar,Stunfisk-Galar,bulldoze,machine,0,Regulation M-A,
618,galar,Stunfisk-Galar,counter,machine,0,Regulation M-A,
618,galar,Stunfisk-Galar,crunch,machine,0,Regulation M-A,
618,galar,Stunfisk-Galar,curse,machine,0,Regulation M-A,
618,galar,Stunfisk-Galar,dig,machine,0,Regulation M-A,
618,galar,Stunfisk-Galar,earth-power,machine,0,Regulation M-A,
618,galar,Stunfisk-Galar,earthquake,machine,0,Regulation M-A,
618,galar,Stunfisk-Galar,endure,machine,0,Regulation M-A,
618,galar,Stunfisk-Galar,facade,machine,0,Regulation M-A,
618,galar,Stunfisk-Galar,fissure,machine,0,Regulation M-A,
618,galar,Stunfisk-Galar,flail,machine,0,Regulation M-A,
618,galar,Stunfisk-Galar,flash-cannon,machine,0,Regulation M-A,
618,galar,Stunfisk-Galar,foul-play,machine,0,Regulation M-A,
618,galar,Stunfisk-Galar,ice-fang,machine,0,Regulation M-A,
618,galar,Stunfisk-Galar,iron-defense,machine,0,Regulation M-A,
618,galar,Stunfisk-Galar,lash-out,machine,0,Regulation M-A,
618,galar,Stunfisk-Galar,metal-sound,machine,0,Regulation M-A,
618,galar,Stunfisk-Galar,mud-shot,machine,0,Regulation M-A,
618,galar,Stunfisk-Galar,mud-slap,machine,0,Regulation M-A,
618,galar,Stunfisk-Galar,muddy-water,machine,0,Regulation M-A,
618,galar,Stunfisk-Galar,pain-split,machine,0,Regulation M-A,
618,galar,Stunfisk-Galar,payback,machine,0,Regulation M-A,
618,galar,Stunfisk-Galar,protect,machine,0,Regulation M-A,
618,galar,Stunfisk-Galar,rain-dance,machine,0,Regulation M-A,
618,galar,Stunfisk-Galar,reflect-type,machine,0,Regulation M-A,
618,galar,Stunfisk-Galar,rest,machine,0,Regulation M-A,
618,galar,Stunfisk-Galar,rock-slide,machine,0,Regulation M-A,
618,galar,Stunfisk-Galar,rock-tomb,machine,0,Regulation M-A,
618,galar,Stunfisk-Galar,round,machine,0,Regulation M-A,
618,galar,Stunfisk-Galar,sandstorm,machine,0,Regulation M-A,
618,galar,Stunfisk-Galar,scald,machine,0,Regulation M-A,
618,galar,Stunfisk-Galar,screech,machine,0,Regulation M-A,
618,galar,Stunfisk-Galar,sleep-talk,machine,0,Regulation M-A,
618,galar,Stunfisk-Galar,sludge-bomb,machine,0,Regulation M-A,
618,galar,Stunfisk-Galar,sludge-wave,machine,0,Regulation M-A,
618,galar,Stunfisk-Galar,snap-trap,machine,0,Regulation M-A,
618,galar,Stunfisk-Galar,snore,machine,0,Regulation M-A,
618,galar,Stunfisk-Galar,spite,machine,0,Regulation M-A,
618,galar,Stunfisk-Galar,stealth-rock,machine,0,Regulation M-A,
618,galar,Stunfisk-Galar,steel-beam,machine,0,Regulation M-A,
618,galar,Stunfisk-Galar,stomping-tantrum,machine,0,Regulation M-A,
618,galar,Stunfisk-Galar,stone-edge,machine,0,Regulation M-A,
618,galar,Stunfisk-Galar,substitute,machine,0,Regulation M-A,
618,galar,Stunfisk-Galar,sucker-punch,machine,0,Regulation M-A,
618,galar,Stunfisk-Galar,surf,machine,0,Regulation M-A,
618,galar,Stunfisk-Galar,terrain-pulse,machine,0,Regulation M-A,
618,galar,Stunfisk-Galar,thunder-wave,machine,0,Regulation M-A,
618,galar,Stunfisk-Galar,uproar,machine,0,Regulation M-A,
618,galar,Stunfisk-Galar,yawn,machine,0,Regulation M-A,
623,"",Golurk,body-press,machine,0,Regulation M-A,
623,"",Golurk,body-slam,machine,0,Regulation M-A,
623,"",Golurk,brick-break,machine,0,Regulation M-A,
623,"",Golurk,bulldoze,machine,0,Regulation M-A,
623,"",Golurk,charge-beam,machine,0,Regulation M-A,
623,"",Golurk,close-combat,machine,0,Regulation M-A,
623,"",Golurk,confuse-ray,machine,0,Regulation M-A,
623,"",Golurk,curse,machine,0,Regulation M-A,
623,"",Golurk,dig,machine,0,Regulation M-A,
623,"",Golurk,double-edge,machine,0,Regulation M-A,
623,"",Golurk,drain-punch,machine,0,Regulation M-A,
623,"",Golurk,dynamic-punch,machine,0,Regulation M-A,
623,"",Golurk,earth-power,machine,0,Regulation M-A,
623,"",Golurk,earthquake,machine,0,Regulation M-A,
623,"",Golurk,endure,machine,0,Regulation M-A,
623,"",Golurk,facade,machine,0,Regulation M-A,
623,"",Golurk,fire-punch,machine,0,Regulation M-A,
623,"",Golurk,flash-cannon,machine,0,Regulation M-A,
623,"",Golurk,fling,machine,0,Regulation M-A,
623,"",Golurk,fly,machine,0,Regulation M-A,
623,"",Golurk,focus-blast,machine,0,Regulation M-A,
623,"",Golurk,focus-punch,machine,0,Regulation M-A,
623,"",Golurk,giga-impact,machine,0,Regulation M-A,
623,"",Golurk,grass-knot,machine,0,Regulation M-A,
623,"",Golurk,gravity,machine,0,Regulation M-A,
623,"",Golurk,gyro-ball,machine,0,Regulation M-A,
623,"",Golurk,hammer-arm,machine,0,Regulation M-A,
623,"",Golurk,hard-press,machine,0,Regulation M-A,
623,"",Golurk,headlong-rush,machine,0,Regulation M-A,
623,"",Golurk,heat-crash,machine,0,Regulation M-A,
623,"",Golurk,heavy-slam,machine,0,Regulation M-A,
623,"",Golurk,helping-hand,machine,0,Regulation M-A,
623,"",Golurk,hex,machine,0,Regulation M-A,
623,"",Golurk,high-horsepower,machine,0,Regulation M-A,
623,"",Golurk,hyper-beam,machine,0,Regulation M-A,
623,"",Golurk,ice-beam,machine,0,Regulation M-A,
623,"",Golurk,ice-punch,machine,0,Regulation M-A,
623,"",Golurk,icy-wind,machine,0,Regulation M-A,
623,"",Golurk,imprison,machine,0,Regulation M-A,
623,"",Golurk,iron-defense,machine,0,Regulation M-A,
623,"",Golurk,iron-head,machine,0,Regulation M-A,
623,"",Golurk,knock-off,machine,0,Regulation M-A,
623,"",Golurk,low-kick,machine,0,Regulation M-A,
623,"",Golurk,low-sweep,machine,0,Regulation M-A,
623,"",Golurk,mega-kick,machine,0,Regulation M-A,
623,"",Golurk,mud-slap,machine,0,Regulation M-A,
623,"",Golurk,night-shade,machine,0,Regulation M-A,
623,"",Golurk,phantom-force,machine,0,Regulation M-A,
623,"",Golurk,poltergeist,machine,0,Regulation M-A,
623,"",Golurk,protect,machine,0,Regulation M-A,
623,"",Golurk,psych-up,machine,0,Regulation M-A,
623,"",Golurk,psychic,machine,0,Regulation M-A,
623,"",Golurk,rain-dance,machine,0,Regulation M-A,
623,"",Golurk,reflect,machine,0,Regulation M-A,
623,"",Golurk,rest,machine,0,Regulation M-A,
623,"",Golurk,rock-slide,machine,0,Regulation M-A,
623,"",Golurk,rock-tomb,machine,0,Regulation M-A,
623,"",Golurk,round,machine,0,Regulation M-A,
623,"",Golurk,sandstorm,machine,0,Regulation M-A,
623,"",Golurk,scorching-sands,machine,0,Regulation M-A,
623,"",Golurk,self-destruct,machine,0,Regulation M-A,
623,"",Golurk,shadow-ball,machine,0,Regulation M-A,
623,"",Golurk,shadow-punch,machine,0,Regulation M-A,
623,"",Golurk,sleep-talk,machine,0,Regulation M-A,
623,"",Golurk,smack-down,machine,0,Regulation M-A,
623,"",Golurk,snore,machine,0,Regulation M-A,
623,"",Golurk,solar-beam,machine,0,Regulation M-A,
623,"",Golurk,stealth-rock,machine,0,Regulation M-A,
623,"",Golurk,stomping-tantrum,machine,0,Regulation M-A,
623,"",Golurk,stone-edge,machine,0,Regulation M-A,
623,"",Golurk,substitute,machine,0,Regulation M-A,
623,"",Golurk,sunny-day,machine,0,Regulation M-A,
623,"",Golurk,superpower,machine,0,Regulation M-A,
623,"",Golurk,thief,machine,0,Regulation M-A,
623,"",Golurk,thunder-punch,machine,0,Regulation M-A,
623,"",Golurk,thunderbolt,machine,0,Regulation M-A,
623,"",Golurk,trick,machine,0,Regulation M-A,
623,"",Golurk,zen-headbutt,machine,0,Regulation M-A,
635,"",Hydreigon,acrobatics,machine,0,Regulation M-A,
635,"",Hydreigon,assurance,machine,0,Regulation M-A,
635,"",Hydreigon,beat-up,machine,0,Regulation M-A,
635,"",Hydreigon,belch,machine,0,Regulation M-A,
635,"",Hydreigon,bite,machine,0,Regulation M-A,
635,"",Hydreigon,body-slam,machine,0,Regulation M-A,
635,"",Hydreigon,breaking-swipe,machine,0,Regulation M-A,
635,"",Hydreigon,brutal-swing,machine,0,Regulation M-A,
635,"",Hydreigon,bulldoze,machine,0,Regulation M-A,
635,"",Hydreigon,crunch,machine,0,Regulation M-A,
635,"",Hydreigon,dark-pulse,machine,0,Regulation M-A,
635,"",Hydreigon,double-hit,machine,0,Regulation M-A,
635,"",Hydreigon,draco-meteor,machine,0,Regulation M-A,
635,"",Hydreigon,dragon-cheer,machine,0,Regulation M-A,
635,"",Hydreigon,dragon-dance,machine,0,Regulation M-A,
635,"",Hydreigon,dragon-pulse,machine,0,Regulation M-A,
635,"",Hydreigon,dragon-rush,machine,0,Regulation M-A,
635,"",Hydreigon,dragon-tail,machine,0,Regulation M-A,
635,"",Hydreigon,dual-wingbeat,machine,0,Regulation M-A,
635,"",Hydreigon,earth-power,machine,0,Regulation M-A,
635,"",Hydreigon,earthquake,machine,0,Regulation M-A,
635,"",Hydreigon,endure,machine,0,Regulation M-A,
635,"",Hydreigon,facade,machine,0,Regulation M-A,
635,"",Hydreigon,fire-blast,machine,0,Regulation M-A,
635,"",Hydreigon,fire-fang,machine,0,Regulation M-A,
635,"",Hydreigon,fire-spin,machine,0,Regulation M-A,
635,"",Hydreigon,flamethrower,machine,0,Regulation M-A,
635,"",Hydreigon,flash-cannon,machine,0,Regulation M-A,
635,"",Hydreigon,fly,machine,0,Regulation M-A,
635,"",Hydreigon,focus-blast,machine,0,Regulation M-A,
635,"",Hydreigon,focus-energy,machine,0,Regulation M-A,
635,"",Hydreigon,giga-impact,machine,0,Regulation M-A,
635,"",Hydreigon,head-smash,machine,0,Regulation M-A,
635,"",Hydreigon,heat-wave,machine,0,Regulation M-A,
635,"",Hydreigon,helping-hand,machine,0,Regulation M-A,
635,"",Hydreigon,hydro-pump,machine,0,Regulation M-A,
635,"",Hydreigon,hyper-beam,machine,0,Regulation M-A,
635,"",Hydreigon,hyper-voice,machine,0,Regulation M-A,
635,"",Hydreigon,ice-fang,machine,0,Regulation M-A,
635,"",Hydreigon,iron-tail,machine,0,Regulation M-A,
635,"",Hydreigon,lash-out,machine,0,Regulation M-A,
635,"",Hydreigon,nasty-plot,machine,0,Regulation M-A,
635,"",Hydreigon,outrage,machine,0,Regulation M-A,
635,"",Hydreigon,payback,machine,0,Regulation M-A,
635,"",Hydreigon,protect,machine,0,Regulation M-A,
635,"",Hydreigon,psych-up,machine,0,Regulation M-A,
635,"",Hydreigon,rain-dance,machine,0,Regulation M-A,
635,"",Hydreigon,reflect,machine,0,Regulation M-A,
635,"",Hydreigon,rest,machine,0,Regulation M-A,
635,"",Hydreigon,roar,machine,0,Regulation M-A,
635,"",Hydreigon,rock-slide,machine,0,Regulation M-A,
635,"",Hydreigon,rock-tomb,machine,0,Regulation M-A,
635,"",Hydreigon,round,machine,0,Regulation M-A,
635,"",Hydreigon,scale-shot,machine,0,Regulation M-A,
635,"",Hydreigon,scary-face,machine,0,Regulation M-A,
635,"",Hydreigon,screech,machine,0,Regulation M-A,
635,"",Hydreigon,sleep-talk,machine,0,Regulation M-A,
635,"",Hydreigon,snarl,machine,0,Regulation M-A,
635,"",Hydreigon,snore,machine,0,Regulation M-A,
635,"",Hydreigon,spite,machine,0,Regulation M-A,
635,"",Hydreigon,stealth-rock,machine,0,Regulation M-A,
635,"",Hydreigon,steel-wing,machine,0,Regulation M-A,
635,"",Hydreigon,stomping-tantrum,machine,0,Regulation M-A,
635,"",Hydreigon,stone-edge,machine,0,Regulation M-A,
635,"",Hydreigon,substitute,machine,0,Regulation M-A,
635,"",Hydreigon,sunny-day,machine,0,Regulation M-A,
635,"",Hydreigon,superpower,machine,0,Regulation M-A,
635,"",Hydreigon,surf,machine,0,Regulation M-A,
635,"",Hydreigon,tailwind,machine,0,Regulation M-A,
635,"",Hydreigon,taunt,machine,0,Regulation M-A,
635,"",Hydreigon,thief,machine,0,Regulation M-A,
635,"",Hydreigon,throat-chop,machine,0,Regulation M-A,
635,"",Hydreigon,thunder-fang,machine,0,Regulation M-A,
635,"",Hydreigon,thunder-wave,machine,0,Regulation M-A,
635,"",Hydreigon,tri-attack,machine,0,Regulation M-A,
635,"",Hydreigon,u-turn,machine,0,Regulation M-A,
635,"",Hydreigon,uproar,machine,0,Regulation M-A,
635,"",Hydreigon,zen-headbutt,machine,0,Regulation M-A,
637,"",Volcarona,acrobatics,machine,0,Regulation M-A,
637,"",Volcarona,air-cutter,machine,0,Regulation M-A,
637,"",Volcarona,air-slash,machine,0,Regulation M-A,
637,"",Volcarona,amnesia,machine,0,Regulation M-A,
637,"",Volcarona,body-slam,machine,0,Regulation M-A,
637,"",Volcarona,bug-bite,machine,0,Regulation M-A,
637,"",Volcarona,bug-buzz,machine,0,Regulation M-A,
637,"",Volcarona,calm-mind,machine,0,Regulation M-A,
637,"",Volcarona,double-edge,machine,0,Regulation M-A,
637,"",Volcarona,dual-wingbeat,machine,0,Regulation M-A,
637,"",Volcarona,endure,machine,0,Regulation M-A,
637,"",Volcarona,facade,machine,0,Regulation M-A,
637,"",Volcarona,fiery-dance,machine,0,Regulation M-A,
637,"",Volcarona,fire-blast,machine,0,Regulation M-A,
637,"",Volcarona,fire-spin,machine,0,Regulation M-A,
637,"",Volcarona,flame-charge,machine,0,Regulation M-A,
637,"",Volcarona,flamethrower,machine,0,Regulation M-A,
637,"",Volcarona,flare-blitz,machine,0,Regulation M-A,
637,"",Volcarona,fly,machine,0,Regulation M-A,
637,"",Volcarona,giga-drain,machine,0,Regulation M-A,
637,"",Volcarona,giga-impact,machine,0,Regulation M-A,
637,"",Volcarona,heat-wave,machine,0,Regulation M-A,
637,"",Volcarona,hurricane,machine,0,Regulation M-A,
637,"",Volcarona,hyper-beam,machine,0,Regulation M-A,
637,"",Volcarona,leech-life,machine,0,Regulation M-A,
637,"",Volcarona,light-screen,machine,0,Regulation M-A,
637,"",Volcarona,lunge,machine,0,Regulation M-A,
637,"",Volcarona,morning-sun,machine,0,Regulation M-A,
637,"",Volcarona,mystical-fire,machine,0,Regulation M-A,
637,"",Volcarona,overheat,machine,0,Regulation M-A,
637,"",Volcarona,poison-jab,machine,0,Regulation M-A,
637,"",Volcarona,pounce,machine,0,Regulation M-A,
637,"",Volcarona,protect,machine,0,Regulation M-A,
637,"",Volcarona,psychic,machine,0,Regulation M-A,
637,"",Volcarona,quiver-dance,machine,0,Regulation M-A,
637,"",Volcarona,rage-powder,machine,0,Regulation M-A,
637,"",Volcarona,rain-dance,machine,0,Regulation M-A,
637,"",Volcarona,rest,machine,0,Regulation M-A,
637,"",Volcarona,round,machine,0,Regulation M-A,
637,"",Volcarona,safeguard,machine,0,Regulation M-A,
637,"",Volcarona,screech,machine,0,Regulation M-A,
637,"",Volcarona,skitter-smack,machine,0,Regulation M-A,
637,"",Volcarona,sleep-talk,machine,0,Regulation M-A,
637,"",Volcarona,snore,machine,0,Regulation M-A,
637,"",Volcarona,solar-beam,machine,0,Regulation M-A,
637,"",Volcarona,string-shot,machine,0,Regulation M-A,
637,"",Volcarona,struggle-bug,machine,0,Regulation M-A,
637,"",Volcarona,substitute,machine,0,Regulation M-A,
637,"",Volcarona,sunny-day,machine,0,Regulation M-A,
637,"",Volcarona,tailwind,machine,0,Regulation M-A,
637,"",Volcarona,thrash,machine,0,Regulation M-A,
637,"",Volcarona,trailblaze,machine,0,Regulation M-A,
637,"",Volcarona,u-turn,machine,0,Regulation M-A,
637,"",Volcarona,whirlwind,machine,0,Regulation M-A,
637,"",Volcarona,wild-charge,machine,0,Regulation M-A,
637,"",Volcarona,will-o-wisp,machine,0,Regulation M-A,
637,"",Volcarona,zen-headbutt,machine,0,Regulation M-A,
652,"",Chesnaught,aerial-ace,machine,0,Regulation M-A,
652,"",Chesnaught,belly-drum,machine,0,Regulation M-A,
652,"",Chesnaught,bite,machine,0,Regulation M-A,
652,"",Chesnaught,body-press,machine,0,Regulation M-A,
652,"",Chesnaught,body-slam,machine,0,Regulation M-A,
652,"",Chesnaught,brick-break,machine,0,Regulation M-A,
652,"",Chesnaught,bulk-up,machine,0,Regulation M-A,
652,"",Chesnaught,bulldoze,machine,0,Regulation M-A,
652,"",Chesnaught,bullet-seed,machine,0,Regulation M-A,
652,"",Chesnaught,close-combat,machine,0,Regulation M-A,
652,"",Chesnaught,coaching,machine,0,Regulation M-A,
652,"",Chesnaught,crunch,machine,0,Regulation M-A,
652,"",Chesnaught,curse,machine,0,Regulation M-A,
652,"",Chesnaught,dig,machine,0,Regulation M-A,
652,"",Chesnaught,double-edge,machine,0,Regulation M-A,
652,"",Chesnaught,dragon-claw,machine,0,Regulation M-A,
652,"",Chesnaught,drain-punch,machine,0,Regulation M-A,
652,"",Chesnaught,earthquake,machine,0,Regulation M-A,
652,"",Chesnaught,endeavor,machine,0,Regulation M-A,
652,"",Chesnaught,endure,machine,0,Regulation M-A,
652,"",Chesnaught,energy-ball,machine,0,Regulation M-A,
652,"",Chesnaught,facade,machine,0,Regulation M-A,
652,"",Chesnaught,feint,machine,0,Regulation M-A,
652,"",Chesnaught,fling,machine,0,Regulation M-A,
652,"",Chesnaught,focus-blast,machine,0,Regulation M-A,
652,"",Chesnaught,focus-punch,machine,0,Regulation M-A,
652,"",Chesnaught,frenzy-plant,machine,0,Regulation M-A,
652,"",Chesnaught,giga-drain,machine,0,Regulation M-A,
652,"",Chesnaught,giga-impact,machine,0,Regulation M-A,
652,"",Chesnaught,grass-knot,machine,0,Regulation M-A,
652,"",Chesnaught,grassy-glide,machine,0,Regulation M-A,
652,"",Chesnaught,grassy-terrain,machine,0,Regulation M-A,
652,"",Chesnaught,growth,machine,0,Regulation M-A,
652,"",Chesnaught,gyro-ball,machine,0,Regulation M-A,
652,"",Chesnaught,hammer-arm,machine,0,Regulation M-A,
652,"",Chesnaught,helping-hand,machine,0,Regulation M-A,
652,"",Chesnaught,high-horsepower,machine,0,Regulation M-A,
652,"",Chesnaught,hyper-beam,machine,0,Regulation M-A,
652,"",Chesnaught,iron-defense,machine,0,Regulation M-A,
652,"",Chesnaught,iron-head,machine,0,Regulation M-A,
652,"",Chesnaught,iron-tail,machine,0,Regulation M-A,
652,"",Chesnaught,knock-off,machine,0,Regulation M-A,
652,"",Chesnaught,leaf-storm,machine,0,Regulation M-A,
652,"",Chesnaught,leech-seed,machine,0,Regulation M-A,
652,"",Chesnaught,low-kick,machine,0,Regulation M-A,
652,"",Chesnaught,low-sweep,machine,0,Regulation M-A,
652,"",Chesnaught,mud-shot,machine,0,Regulation M-A,
652,"",Chesnaught,mud-slap,machine,0,Regulation M-A,
652,"",Chesnaught,pain-split,machine,0,Regulation M-A,
652,"",Chesnaught,payback,machine,0,Regulation M-A,
652,"",Chesnaught,pin-missile,machine,0,Regulation M-A,
652,"",Chesnaught,poison-jab,machine,0,Regulation M-A,
652,"",Chesnaught,protect,machine,0,Regulation M-A,
652,"",Chesnaught,quick-guard,machine,0,Regulation M-A,
652,"",Chesnaught,rain-dance,machine,0,Regulation M-A,
652,"",Chesnaught,reflect,machine,0,Regulation M-A,
652,"",Chesnaught,rest,machine,0,Regulation M-A,
652,"",Chesnaught,reversal,machine,0,Regulation M-A,
652,"",Chesnaught,roar,machine,0,Regulation M-A,
652,"",Chesnaught,rock-slide,machine,0,Regulation M-A,
652,"",Chesnaught,rock-tomb,machine,0,Regulation M-A,
652,"",Chesnaught,round,machine,0,Regulation M-A,
652,"",Chesnaught,scary-face,machine,0,Regulation M-A,
652,"",Chesnaught,seed-bomb,machine,0,Regulation M-A,
652,"",Chesnaught,shadow-claw,machine,0,Regulation M-A,
652,"",Chesnaught,sleep-talk,machine,0,Regulation M-A,
652,"",Chesnaught,sludge-bomb,machine,0,Regulation M-A,
652,"",Chesnaught,smack-down,machine,0,Regulation M-A,
652,"",Chesnaught,snore,machine,0,Regulation M-A,
652,"",Chesnaught,solar-beam,machine,0,Regulation M-A,
652,"",Chesnaught,spikes,machine,0,Regulation M-A,
652,"",Chesnaught,spiky-shield,machine,0,Regulation M-A,
652,"",Chesnaught,steel-roller,machine,0,Regulation M-A,
652,"",Chesnaught,stomping-tantrum,machine,0,Regulation M-A,
652,"",Chesnaught,stone-edge,machine,0,Regulation M-A,
652,"",Chesnaught,substitute,machine,0,Regulation M-A,
652,"",Chesnaught,sunny-day,machine,0,Regulation M-A,
652,"",Chesnaught,super-fang,machine,0,Regulation M-A,
652,"",Chesnaught,superpower,machine,0,Regulation M-A,
652,"",Chesnaught,swords-dance,machine,0,Regulation M-A,
652,"",Chesnaught,synthesis,machine,0,Regulation M-A,
652,"",Chesnaught,taunt,machine,0,Regulation M-A,
652,"",Chesnaught,thunder-punch,machine,0,Regulation M-A,
652,"",Chesnaught,trailblaze,machine,0,Regulation M-A,
652,"",Chesnaught,wide-guard,machine,0,Regulation M-A,
652,"",Chesnaught,wood-hammer,machine,0,Regulation M-A,
652,"",Chesnaught,zen-headbutt,machine,0,Regulation M-A,
655,"",Delphox,agility,machine,0,Regulation M-A,
655,"",Delphox,blast-burn,machine,0,Regulation M-A,
655,"",Delphox,burning-jealousy,machine,0,Regulation M-A,
655,"",Delphox,calm-mind,machine,0,Regulation M-A,
655,"",Delphox,charm,machine,0,Regulation M-A,
655,"",Delphox,confuse-ray,machine,0,Regulation M-A,
655,"",Delphox,copycat,machine,0,Regulation M-A,
655,"",Delphox,dazzling-gleam,machine,0,Regulation M-A,
655,"",Delphox,double-team,machine,0,Regulation M-A,
655,"",Delphox,encore,machine,0,Regulation M-A,
655,"",Delphox,endure,machine,0,Regulation M-A,
655,"",Delphox,expanding-force,machine,0,Regulation M-A,
655,"",Delphox,facade,machine,0,Regulation M-A,
655,"",Delphox,fire-blast,machine,0,Regulation M-A,
655,"",Delphox,fire-punch,machine,0,Regulation M-A,
655,"",Delphox,fire-spin,machine,0,Regulation M-A,
655,"",Delphox,flame-charge,machine,0,Regulation M-A,
655,"",Delphox,flamethrower,machine,0,Regulation M-A,
655,"",Delphox,flare-blitz,machine,0,Regulation M-A,
655,"",Delphox,focus-blast,machine,0,Regulation M-A,
655,"",Delphox,foul-play,machine,0,Regulation M-A,
655,"",Delphox,future-sight,machine,0,Regulation M-A,
655,"",Delphox,giga-impact,machine,0,Regulation M-A,
655,"",Delphox,grass-knot,machine,0,Regulation M-A,
655,"",Delphox,heat-wave,machine,0,Regulation M-A,
655,"",Delphox,helping-hand,machine,0,Regulation M-A,
655,"",Delphox,hex,machine,0,Regulation M-A,
655,"",Delphox,howl,machine,0,Regulation M-A,
655,"",Delphox,hyper-beam,machine,0,Regulation M-A,
655,"",Delphox,hyper-voice,machine,0,Regulation M-A,
655,"",Delphox,hypnosis,machine,0,Regulation M-A,
655,"",Delphox,imprison,machine,0,Regulation M-A,
655,"",Delphox,iron-tail,machine,0,Regulation M-A,
655,"",Delphox,light-screen,machine,0,Regulation M-A,
655,"",Delphox,low-kick,machine,0,Regulation M-A,
655,"",Delphox,magic-room,machine,0,Regulation M-A,
655,"",Delphox,mud-shot,machine,0,Regulation M-A,
655,"",Delphox,mud-slap,machine,0,Regulation M-A,
655,"",Delphox,mystical-fire,machine,0,Regulation M-A,
655,"",Delphox,nasty-plot,machine,0,Regulation M-A,
655,"",Delphox,night-shade,machine,0,Regulation M-A,
655,"",Delphox,overheat,machine,0,Regulation M-A,
655,"",Delphox,protect,machine,0,Regulation M-A,
655,"",Delphox,psych-up,machine,0,Regulation M-A,
655,"",Delphox,psychic,machine,0,Regulation M-A,
655,"",Delphox,psychic-noise,machine,0,Regulation M-A,
655,"",Delphox,psychic-terrain,machine,0,Regulation M-A,
655,"",Delphox,psyshock,machine,0,Regulation M-A,
655,"",Delphox,rain-dance,machine,0,Regulation M-A,
655,"",Delphox,reflect,machine,0,Regulation M-A,
655,"",Delphox,rest,machine,0,Regulation M-A,
655,"",Delphox,role-play,machine,0,Regulation M-A,
655,"",Delphox,round,machine,0,Regulation M-A,
655,"",Delphox,safeguard,machine,0,Regulation M-A,
655,"",Delphox,scorching-sands,machine,0,Regulation M-A,
655,"",Delphox,shadow-ball,machine,0,Regulation M-A,
655,"",Delphox,skill-swap,machine,0,Regulation M-A,
655,"",Delphox,sleep-talk,machine,0,Regulation M-A,
655,"",Delphox,snore,machine,0,Regulation M-A,
655,"",Delphox,solar-beam,machine,0,Regulation M-A,
655,"",Delphox,stored-power,machine,0,Regulation M-A,
655,"",Delphox,substitute,machine,0,Regulation M-A,
655,"",Delphox,sunny-day,machine,0,Regulation M-A,
655,"",Delphox,switcheroo,machine,0,Regulation M-A,
655,"",Delphox,thief,machine,0,Regulation M-A,
655,"",Delphox,thunder-punch,machine,0,Regulation M-A,
655,"",Delphox,trick,machine,0,Regulation M-A,
655,"",Delphox,trick-room,machine,0,Regulation M-A,
655,"",Delphox,will-o-wisp,machine,0,Regulation M-A,
655,"",Delphox,wish,machine,0,Regulation M-A,
655,"",Delphox,wonder-room,machine,0,Regulation M-A,
655,"",Delphox,zen-headbutt,machine,0,Regulation M-A,
658,"",Greninja,acrobatics,machine,0,Regulation M-A,
658,"",Greninja,aerial-ace,machine,0,Regulation M-A,
658,"",Greninja,blizzard,machine,0,Regulation M-A,
658,"",Greninja,bounce,machine,0,Regulation M-A,
658,"",Greninja,brick-break,machine,0,Regulation M-A,
658,"",Greninja,brutal-swing,machine,0,Regulation M-A,
658,"",Greninja,chilling-water,machine,0,Regulation M-A,
658,"",Greninja,counter,machine,0,Regulation M-A,
658,"",Greninja,dark-pulse,machine,0,Regulation M-A,
658,"",Greninja,dig,machine,0,Regulation M-A,
658,"",Greninja,dive,machine,0,Regulation M-A,
658,"",Greninja,double-team,machine,0,Regulation M-A,
658,"",Greninja,endure,machine,0,Regulation M-A,
658,"",Greninja,extrasensory,machine,0,Regulation M-A,
658,"",Greninja,facade,machine,0,Regulation M-A,
658,"",Greninja,fling,machine,0,Regulation M-A,
658,"",Greninja,flip-turn,machine,0,Regulation M-A,
658,"",Greninja,giga-impact,machine,0,Regulation M-A,
658,"",Greninja,grass-knot,machine,0,Regulation M-A,
658,"",Greninja,gunk-shot,machine,0,Regulation M-A,
658,"",Greninja,haze,machine,0,Regulation M-A,
658,"",Greninja,helping-hand,machine,0,Regulation M-A,
658,"",Greninja,hydro-cannon,machine,0,Regulation M-A,
658,"",Greninja,hydro-pump,machine,0,Regulation M-A,
658,"",Greninja,hyper-beam,machine,0,Regulation M-A,
658,"",Greninja,ice-beam,machine,0,Regulation M-A,
658,"",Greninja,ice-punch,machine,0,Regulation M-A,
658,"",Greninja,icy-wind,machine,0,Regulation M-A,
658,"",Greninja,liquidation,machine,0,Regulation M-A,
658,"",Greninja,low-kick,machine,0,Regulation M-A,
658,"",Greninja,low-sweep,machine,0,Regulation M-A,
658,"",Greninja,mud-shot,machine,0,Regulation M-A,
658,"",Greninja,mud-slap,machine,0,Regulation M-A,
658,"",Greninja,night-slash,machine,0,Regulation M-A,
658,"",Greninja,protect,machine,0,Regulation M-A,
658,"",Greninja,quick-attack,machine,0,Regulation M-A,
658,"",Greninja,rain-dance,machine,0,Regulation M-A,
658,"",Greninja,rest,machine,0,Regulation M-A,
658,"",Greninja,rock-slide,machine,0,Regulation M-A,
658,"",Greninja,rock-tomb,machine,0,Regulation M-A,
658,"",Greninja,role-play,machine,0,Regulation M-A,
658,"",Greninja,round,machine,0,Regulation M-A,
658,"",Greninja,shadow-sneak,machine,0,Regulation M-A,
658,"",Greninja,skitter-smack,machine,0,Regulation M-A,
658,"",Greninja,sleep-talk,machine,0,Regulation M-A,
658,"",Greninja,sludge-wave,machine,0,Regulation M-A,
658,"",Greninja,smack-down,machine,0,Regulation M-A,
658,"",Greninja,snore,machine,0,Regulation M-A,
658,"",Greninja,snowscape,machine,0,Regulation M-A,
658,"",Greninja,spikes,machine,0,Regulation M-A,
658,"",Greninja,substitute,machine,0,Regulation M-A,
658,"",Greninja,surf,machine,0,Regulation M-A,
658,"",Greninja,switcheroo,machine,0,Regulation M-A,
658,"",Greninja,swords-dance,machine,0,Regulation M-A,
658,"",Greninja,taunt,machine,0,Regulation M-A,
658,"",Greninja,thief,machine,0,Regulation M-A,
658,"",Greninja,toxic-spikes,machine,0,Regulation M-A,
658,"",Greninja,trailblaze,machine,0,Regulation M-A,
658,"",Greninja,u-turn,machine,0,Regulation M-A,
658,"",Greninja,upper-hand,machine,0,Regulation M-A,
658,"",Greninja,water-pulse,machine,0,Regulation M-A,
658,"",Greninja,water-shuriken,machine,0,Regulation M-A,
658,"",Greninja,waterfall,machine,0,Regulation M-A,
658,"",Greninja,weather-ball,machine,0,Regulation M-A,
660,"",Diggersby,agility,machine,0,Regulation M-A,
660,"",Diggersby,attract,machine,0,Regulation M-A,
660,"",Diggersby,body-slam,machine,0,Regulation M-A,
660,"",Diggersby,bounce,machine,0,Regulation M-A,
660,"",Diggersby,brick-break,machine,0,Regulation M-A,
660,"",Diggersby,brutal-swing,machine,0,Regulation M-A,
660,"",Diggersby,bulk-up,machine,0,Regulation M-A,
660,"",Diggersby,bulldoze,machine,0,Regulation M-A,
660,"",Diggersby,dig,machine,0,Regulation M-A,
660,"",Diggersby,earth-power,machine,0,Regulation M-A,
660,"",Diggersby,earthquake,machine,0,Regulation M-A,
660,"",Diggersby,endure,machine,0,Regulation M-A,
660,"",Diggersby,facade,machine,0,Regulation M-A,
660,"",Diggersby,fire-punch,machine,0,Regulation M-A,
660,"",Diggersby,fissure,machine,0,Regulation M-A,
660,"",Diggersby,flail,machine,0,Regulation M-A,
660,"",Diggersby,fling,machine,0,Regulation M-A,
660,"",Diggersby,foul-play,machine,0,Regulation M-A,
660,"",Diggersby,giga-impact,machine,0,Regulation M-A,
660,"",Diggersby,grass-knot,machine,0,Regulation M-A,
660,"",Diggersby,gunk-shot,machine,0,Regulation M-A,
660,"",Diggersby,hammer-arm,machine,0,Regulation M-A,
660,"",Diggersby,high-horsepower,machine,0,Regulation M-A,
660,"",Diggersby,hyper-beam,machine,0,Regulation M-A,
660,"",Diggersby,ice-punch,machine,0,Regulation M-A,
660,"",Diggersby,iron-head,machine,0,Regulation M-A,
660,"",Diggersby,iron-tail,machine,0,Regulation M-A,
660,"",Diggersby,low-kick,machine,0,Regulation M-A,
660,"",Diggersby,mega-kick,machine,0,Regulation M-A,
660,"",Diggersby,mud-shot,machine,0,Regulation M-A,
660,"",Diggersby,mud-slap,machine,0,Regulation M-A,
660,"",Diggersby,payback,machine,0,Regulation M-A,
660,"",Diggersby,protect,machine,0,Regulation M-A,
660,"",Diggersby,quick-attack,machine,0,Regulation M-A,
660,"",Diggersby,rest,machine,0,Regulation M-A,
660,"",Diggersby,rock-slide,machine,0,Regulation M-A,
660,"",Diggersby,rock-tomb,machine,0,Regulation M-A,
660,"",Diggersby,round,machine,0,Regulation M-A,
660,"",Diggersby,sand-tomb,machine,0,Regulation M-A,
660,"",Diggersby,sandstorm,machine,0,Regulation M-A,
660,"",Diggersby,scorching-sands,machine,0,Regulation M-A,
660,"",Diggersby,sleep-talk,machine,0,Regulation M-A,
660,"",Diggersby,sludge-bomb,machine,0,Regulation M-A,
660,"",Diggersby,snore,machine,0,Regulation M-A,
660,"",Diggersby,spikes,machine,0,Regulation M-A,
660,"",Diggersby,stomping-tantrum,machine,0,Regulation M-A,
660,"",Diggersby,stone-edge,machine,0,Regulation M-A,
660,"",Diggersby,substitute,machine,0,Regulation M-A,
660,"",Diggersby,super-fang,machine,0,Regulation M-A,
660,"",Diggersby,superpower,machine,0,Regulation M-A,
660,"",Diggersby,surf,machine,0,Regulation M-A,
660,"",Diggersby,swords-dance,machine,0,Regulation M-A,
660,"",Diggersby,thief,machine,0,Regulation M-A,
660,"",Diggersby,thunder-punch,machine,0,Regulation M-A,
660,"",Diggersby,trailblaze,machine,0,Regulation M-A,
660,"",Diggersby,u-turn,machine,0,Regulation M-A,
660,"",Diggersby,uproar,machine,0,Regulation M-A,
660,"",Diggersby,wild-charge,machine,0,Regulation M-A,
663,"",Talonflame,acrobatics,machine,0,Regulation M-A,
663,"",Talonflame,aerial-ace,machine,0,Regulation M-A,
663,"",Talonflame,agility,machine,0,Regulation M-A,
663,"",Talonflame,air-cutter,machine,0,Regulation M-A,
663,"",Talonflame,air-slash,machine,0,Regulation M-A,
663,"",Talonflame,blaze-kick,machine,0,Regulation M-A,
663,"",Talonflame,brave-bird,machine,0,Regulation M-A,
663,"",Talonflame,bulk-up,machine,0,Regulation M-A,
663,"",Talonflame,defog,machine,0,Regulation M-A,
663,"",Talonflame,double-edge,machine,0,Regulation M-A,
663,"",Talonflame,dual-wingbeat,machine,0,Regulation M-A,
663,"",Talonflame,endure,machine,0,Regulation M-A,
663,"",Talonflame,facade,machine,0,Regulation M-A,
663,"",Talonflame,feather-dance,machine,0,Regulation M-A,
663,"",Talonflame,feint,machine,0,Regulation M-A,
663,"",Talonflame,fire-blast,machine,0,Regulation M-A,
663,"",Talonflame,fire-spin,machine,0,Regulation M-A,
663,"",Talonflame,flail,machine,0,Regulation M-A,
663,"",Talonflame,flame-charge,machine,0,Regulation M-A,
663,"",Talonflame,flamethrower,machine,0,Regulation M-A,
663,"",Talonflame,flare-blitz,machine,0,Regulation M-A,
663,"",Talonflame,fly,machine,0,Regulation M-A,
663,"",Talonflame,giga-impact,machine,0,Regulation M-A,
663,"",Talonflame,heat-wave,machine,0,Regulation M-A,
663,"",Talonflame,hurricane,machine,0,Regulation M-A,
663,"",Talonflame,hyper-beam,machine,0,Regulation M-A,
663,"",Talonflame,overheat,machine,0,Regulation M-A,
663,"",Talonflame,protect,machine,0,Regulation M-A,
663,"",Talonflame,quick-attack,machine,0,Regulation M-A,
663,"",Talonflame,quick-guard,machine,0,Regulation M-A,
663,"",Talonflame,rain-dance,machine,0,Regulation M-A,
663,"",Talonflame,rest,machine,0,Regulation M-A,
663,"",Talonflame,roost,machine,0,Regulation M-A,
663,"",Talonflame,round,machine,0,Regulation M-A,
663,"",Talonflame,sky-attack,machine,0,Regulation M-A,
663,"",Talonflame,sleep-talk,machine,0,Regulation M-A,
663,"",Talonflame,snore,machine,0,Regulation M-A,
663,"",Talonflame,solar-beam,machine,0,Regulation M-A,
663,"",Talonflame,steel-wing,machine,0,Regulation M-A,
663,"",Talonflame,substitute,machine,0,Regulation M-A,
663,"",Talonflame,sunny-day,machine,0,Regulation M-A,
663,"",Talonflame,swords-dance,machine,0,Regulation M-A,
663,"",Talonflame,tailwind,machine,0,Regulation M-A,
663,"",Talonflame,taunt,machine,0,Regulation M-A,
663,"",Talonflame,temper-flare,machine,0,Regulation M-A,
663,"",Talonflame,thief,machine,0,Regulation M-A,
663,"",Talonflame,u-turn,machine,0,Regulation M-A,
663,"",Talonflame,upper-hand,machine,0,Regulation M-A,
663,"",Talonflame,whirlwind,machine,0,Regulation M-A,
663,"",Talonflame,will-o-wisp,machine,0,Regulation M-A,
666,"",Vivillon,acrobatics,machine,0,Regulation M-A,
666,"",Vivillon,air-cutter,machine,0,Regulation M-A,
666,"",Vivillon,air-slash,machine,0,Regulation M-A,
666,"",Vivillon,bug-bite,machine,0,Regulation M-A,
666,"",Vivillon,bug-buzz,machine,0,Regulation M-A,
666,"",Vivillon,calm-mind,machine,0,Regulation M-A,
666,"",Vivillon,confuse-ray,machine,0,Regulation M-A,
666,"",Vivillon,draining-kiss,machine,0,Regulation M-A,
666,"",Vivillon,endure,machine,0,Regulation M-A,
666,"",Vivillon,energy-ball,machine,0,Regulation M-A,
666,"",Vivillon,facade,machine,0,Regulation M-A,
666,"",Vivillon,giga-drain,machine,0,Regulation M-A,
666,"",Vivillon,giga-impact,machine,0,Regulation M-A,
666,"",Vivillon,hurricane,machine,0,Regulation M-A,
666,"",Vivillon,hyper-beam,machine,0,Regulation M-A,
666,"",Vivillon,iron-defense,machine,0,Regulation M-A,
666,"",Vivillon,light-screen,machine,0,Regulation M-A,
666,"",Vivillon,poison-powder,machine,0,Regulation M-A,
666,"",Vivillon,pollen-puff,machine,0,Regulation M-A,
666,"",Vivillon,pounce,machine,0,Regulation M-A,
666,"",Vivillon,protect,machine,0,Regulation M-A,
666,"",Vivillon,psychic,machine,0,Regulation M-A,
666,"",Vivillon,quiver-dance,machine,0,Regulation M-A,
666,"",Vivillon,rage-powder,machine,0,Regulation M-A,
666,"",Vivillon,rain-dance,machine,0,Regulation M-A,
666,"",Vivillon,rest,machine,0,Regulation M-A,
666,"",Vivillon,round,machine,0,Regulation M-A,
666,"",Vivillon,safeguard,machine,0,Regulation M-A,
666,"",Vivillon,skitter-smack,machine,0,Regulation M-A,
666,"",Vivillon,sleep-powder,machine,0,Regulation M-A,
666,"",Vivillon,sleep-talk,machine,0,Regulation M-A,
666,"",Vivillon,snore,machine,0,Regulation M-A,
666,"",Vivillon,solar-beam,machine,0,Regulation M-A,
666,"",Vivillon,string-shot,machine,0,Regulation M-A,
666,"",Vivillon,struggle-bug,machine,0,Regulation M-A,
666,"",Vivillon,stun-spore,machine,0,Regulation M-A,
666,"",Vivillon,substitute,machine,0,Regulation M-A,
666,"",Vivillon,sunny-day,machine,0,Regulation M-A,
666,"",Vivillon,tailwind,machine,0,Regulation M-A,
666,"",Vivillon,thief,machine,0,Regulation M-A,
666,"",Vivillon,u-turn,machine,0,Regulation M-A,
666,"",Vivillon,weather-ball,machine,0,Regulation M-A,
666,"",Vivillon,whirlwind,machine,0,Regulation M-A,
668,"",Pyroar,acrobatics,machine,0,Regulation M-B,
668,"",Pyroar,body-slam,machine,0,Regulation M-B,
668,"",Pyroar,bulldoze,machine,0,Regulation M-B,
668,"",Pyroar,burning-jealousy,machine,0,Regulation M-B,
668,"",Pyroar,crunch,machine,0,Regulation M-B,
668,"",Pyroar,dark-pulse,machine,0,Regulation M-B,
668,"",Pyroar,dig,machine,0,Regulation M-B,
668,"",Pyroar,double-edge,machine,0,Regulation M-B,
668,"",Pyroar,endeavor,machine,0,Regulation M-B,
668,"",Pyroar,endure,machine,0,Regulation M-B,
668,"",Pyroar,entrainment,machine,0,Regulation M-B,
668,"",Pyroar,facade,machine,0,Regulation M-B,
668,"",Pyroar,fire-blast,machine,0,Regulation M-B,
668,"",Pyroar,fire-fang,machine,0,Regulation M-B,
668,"",Pyroar,fire-spin,machine,0,Regulation M-B,
668,"",Pyroar,flame-charge,machine,0,Regulation M-B,
668,"",Pyroar,flamethrower,machine,0,Regulation M-B,
668,"",Pyroar,flare-blitz,machine,0,Regulation M-B,
668,"",Pyroar,giga-impact,machine,0,Regulation M-B,
668,"",Pyroar,heat-wave,machine,0,Regulation M-B,
668,"",Pyroar,helping-hand,machine,0,Regulation M-B,
668,"",Pyroar,hyper-beam,machine,0,Regulation M-B,
668,"",Pyroar,hyper-voice,machine,0,Regulation M-B,
668,"",Pyroar,iron-tail,machine,0,Regulation M-B,
668,"",Pyroar,mud-slap,machine,0,Regulation M-B,
668,"",Pyroar,noble-roar,machine,0,Regulation M-B,
668,"",Pyroar,overheat,machine,0,Regulation M-B,
668,"",Pyroar,payback,machine,0,Regulation M-B,
668,"",Pyroar,protect,machine,0,Regulation M-B,
668,"",Pyroar,psychic-fangs,machine,0,Regulation M-B,
668,"",Pyroar,rain-dance,machine,0,Regulation M-B,
668,"",Pyroar,rest,machine,0,Regulation M-B,
668,"",Pyroar,roar,machine,0,Regulation M-B,
668,"",Pyroar,round,machine,0,Regulation M-B,
668,"",Pyroar,scorching-sands,machine,0,Regulation M-B,
668,"",Pyroar,sleep-talk,machine,0,Regulation M-B,
668,"",Pyroar,snarl,machine,0,Regulation M-B,
668,"",Pyroar,snore,machine,0,Regulation M-B,
668,"",Pyroar,solar-beam,machine,0,Regulation M-B,
668,"",Pyroar,substitute,machine,0,Regulation M-B,
668,"",Pyroar,sunny-day,machine,0,Regulation M-B,
668,"",Pyroar,taunt,machine,0,Regulation M-B,
668,"",Pyroar,temper-flare,machine,0,Regulation M-B,
668,"",Pyroar,thief,machine,0,Regulation M-B,
668,"",Pyroar,thunder-fang,machine,0,Regulation M-B,
668,"",Pyroar,trailblaze,machine,0,Regulation M-B,
668,"",Pyroar,wild-charge,machine,0,Regulation M-B,
668,"",Pyroar,will-o-wisp,machine,0,Regulation M-B,
668,"",Pyroar,yawn,machine,0,Regulation M-B,
670,eternal,Floette-Eternal,alluring-voice,machine,0,Regulation M-A,
670,eternal,Floette-Eternal,baton-pass,machine,0,Regulation M-A,
670,eternal,Floette-Eternal,calm-mind,machine,0,Regulation M-A,
670,eternal,Floette-Eternal,charm,machine,0,Regulation M-A,
670,eternal,Floette-Eternal,chilling-water,machine,0,Regulation M-A,
670,eternal,Floette-Eternal,copycat,machine,0,Regulation M-A,
670,eternal,Floette-Eternal,dazzling-gleam,machine,0,Regulation M-A,
670,eternal,Floette-Eternal,draining-kiss,machine,0,Regulation M-A,
670,eternal,Floette-Eternal,endeavor,machine,0,Regulation M-A,
670,eternal,Floette-Eternal,endure,machine,0,Regulation M-A,
670,eternal,Floette-Eternal,energy-ball,machine,0,Regulation M-A,
670,eternal,Floette-Eternal,facade,machine,0,Regulation M-A,
670,eternal,Floette-Eternal,giga-drain,machine,0,Regulation M-A,
670,eternal,Floette-Eternal,grass-knot,machine,0,Regulation M-A,
670,eternal,Floette-Eternal,grassy-terrain,machine,0,Regulation M-A,
670,eternal,Floette-Eternal,helping-hand,machine,0,Regulation M-A,
670,eternal,Floette-Eternal,hyper-beam,machine,0,Regulation M-A,
670,eternal,Floette-Eternal,light-of-ruin,machine,0,Regulation M-A,
670,eternal,Floette-Eternal,light-screen,machine,0,Regulation M-A,
670,eternal,Floette-Eternal,misty-terrain,machine,0,Regulation M-A,
670,eternal,Floette-Eternal,moonblast,machine,0,Regulation M-A,
670,eternal,Floette-Eternal,petal-blizzard,machine,0,Regulation M-A,
670,eternal,Floette-Eternal,petal-dance,machine,0,Regulation M-A,
670,eternal,Floette-Eternal,pollen-puff,machine,0,Regulation M-A,
670,eternal,Floette-Eternal,protect,machine,0,Regulation M-A,
670,eternal,Floette-Eternal,psychic,machine,0,Regulation M-A,
670,eternal,Floette-Eternal,rain-dance,machine,0,Regulation M-A,
670,eternal,Floette-Eternal,rest,machine,0,Regulation M-A,
670,eternal,Floette-Eternal,safeguard,machine,0,Regulation M-A,
670,eternal,Floette-Eternal,seed-bomb,machine,0,Regulation M-A,
670,eternal,Floette-Eternal,skill-swap,machine,0,Regulation M-A,
670,eternal,Floette-Eternal,sleep-talk,machine,0,Regulation M-A,
670,eternal,Floette-Eternal,solar-beam,machine,0,Regulation M-A,
670,eternal,Floette-Eternal,stored-power,machine,0,Regulation M-A,
670,eternal,Floette-Eternal,substitute,machine,0,Regulation M-A,
670,eternal,Floette-Eternal,sunny-day,machine,0,Regulation M-A,
670,eternal,Floette-Eternal,synthesis,machine,0,Regulation M-A,
670,eternal,Floette-Eternal,tearful-look,machine,0,Regulation M-A,
670,eternal,Floette-Eternal,trailblaze,machine,0,Regulation M-A,
670,eternal,Floette-Eternal,trick,machine,0,Regulation M-A,
670,eternal,Floette-Eternal,wish,machine,0,Regulation M-A,
671,"",Florges,alluring-voice,machine,0,Regulation M-A,
671,"",Florges,baton-pass,machine,0,Regulation M-A,
671,"",Florges,calm-mind,machine,0,Regulation M-A,
671,"",Florges,charm,machine,0,Regulation M-A,
671,"",Florges,chilling-water,machine,0,Regulation M-A,
671,"",Florges,copycat,machine,0,Regulation M-A,
671,"",Florges,dazzling-gleam,machine,0,Regulation M-A,
671,"",Florges,draining-kiss,machine,0,Regulation M-A,
671,"",Florges,endeavor,machine,0,Regulation M-A,
671,"",Florges,endure,machine,0,Regulation M-A,
671,"",Florges,energy-ball,machine,0,Regulation M-A,
671,"",Florges,facade,machine,0,Regulation M-A,
671,"",Florges,giga-drain,machine,0,Regulation M-A,
671,"",Florges,giga-impact,machine,0,Regulation M-A,
671,"",Florges,grass-knot,machine,0,Regulation M-A,
671,"",Florges,grassy-glide,machine,0,Regulation M-A,
671,"",Florges,grassy-terrain,machine,0,Regulation M-A,
671,"",Florges,helping-hand,machine,0,Regulation M-A,
671,"",Florges,hyper-beam,machine,0,Regulation M-A,
671,"",Florges,light-screen,machine,0,Regulation M-A,
671,"",Florges,misty-explosion,machine,0,Regulation M-A,
671,"",Florges,misty-terrain,machine,0,Regulation M-A,
671,"",Florges,moonblast,machine,0,Regulation M-A,
671,"",Florges,petal-blizzard,machine,0,Regulation M-A,
671,"",Florges,petal-dance,machine,0,Regulation M-A,
671,"",Florges,pollen-puff,machine,0,Regulation M-A,
671,"",Florges,protect,machine,0,Regulation M-A,
671,"",Florges,psychic,machine,0,Regulation M-A,
671,"",Florges,psychic-noise,machine,0,Regulation M-A,
671,"",Florges,rain-dance,machine,0,Regulation M-A,
671,"",Florges,rest,machine,0,Regulation M-A,
671,"",Florges,round,machine,0,Regulation M-A,
671,"",Florges,safeguard,machine,0,Regulation M-A,
671,"",Florges,seed-bomb,machine,0,Regulation M-A,
671,"",Florges,skill-swap,machine,0,Regulation M-A,
671,"",Florges,sleep-talk,machine,0,Regulation M-A,
671,"",Florges,snore,machine,0,Regulation M-A,
671,"",Florges,solar-beam,machine,0,Regulation M-A,
671,"",Florges,stored-power,machine,0,Regulation M-A,
671,"",Florges,substitute,machine,0,Regulation M-A,
671,"",Florges,sunny-day,machine,0,Regulation M-A,
671,"",Florges,synthesis,machine,0,Regulation M-A,
671,"",Florges,tearful-look,machine,0,Regulation M-A,
671,"",Florges,trailblaze,machine,0,Regulation M-A,
671,"",Florges,trick,machine,0,Regulation M-A,
671,"",Florges,wish,machine,0,Regulation M-A,
675,"",Pangoro,attract,machine,0,Regulation M-A,
675,"",Pangoro,beat-up,machine,0,Regulation M-A,
675,"",Pangoro,body-slam,machine,0,Regulation M-A,
675,"",Pangoro,brick-break,machine,0,Regulation M-A,
675,"",Pangoro,brutal-swing,machine,0,Regulation M-A,
675,"",Pangoro,bulk-up,machine,0,Regulation M-A,
675,"",Pangoro,bulldoze,machine,0,Regulation M-A,
675,"",Pangoro,bullet-punch,machine,0,Regulation M-A,
675,"",Pangoro,circle-throw,machine,0,Regulation M-A,
675,"",Pangoro,close-combat,machine,0,Regulation M-A,
675,"",Pangoro,coaching,machine,0,Regulation M-A,
675,"",Pangoro,comeuppance,machine,0,Regulation M-A,
675,"",Pangoro,crunch,machine,0,Regulation M-A,
675,"",Pangoro,dark-pulse,machine,0,Regulation M-A,
675,"",Pangoro,darkest-lariat,machine,0,Regulation M-A,
675,"",Pangoro,detect,machine,0,Regulation M-A,
675,"",Pangoro,dig,machine,0,Regulation M-A,
675,"",Pangoro,dragon-claw,machine,0,Regulation M-A,
675,"",Pangoro,drain-punch,machine,0,Regulation M-A,
675,"",Pangoro,earthquake,machine,0,Regulation M-A,
675,"",Pangoro,endure,machine,0,Regulation M-A,
675,"",Pangoro,entrainment,machine,0,Regulation M-A,
675,"",Pangoro,facade,machine,0,Regulation M-A,
675,"",Pangoro,fire-punch,machine,0,Regulation M-A,
675,"",Pangoro,fling,machine,0,Regulation M-A,
675,"",Pangoro,focus-blast,machine,0,Regulation M-A,
675,"",Pangoro,focus-energy,machine,0,Regulation M-A,
675,"",Pangoro,foul-play,machine,0,Regulation M-A,
675,"",Pangoro,giga-impact,machine,0,Regulation M-A,
675,"",Pangoro,grass-knot,machine,0,Regulation M-A,
675,"",Pangoro,gunk-shot,machine,0,Regulation M-A,
675,"",Pangoro,hammer-arm,machine,0,Regulation M-A,
675,"",Pangoro,headlong-rush,machine,0,Regulation M-A,
675,"",Pangoro,helping-hand,machine,0,Regulation M-A,
675,"",Pangoro,hyper-beam,machine,0,Regulation M-A,
675,"",Pangoro,hyper-voice,machine,0,Regulation M-A,
675,"",Pangoro,ice-punch,machine,0,Regulation M-A,
675,"",Pangoro,iron-head,machine,0,Regulation M-A,
675,"",Pangoro,knock-off,machine,0,Regulation M-A,
675,"",Pangoro,lash-out,machine,0,Regulation M-A,
675,"",Pangoro,low-kick,machine,0,Regulation M-A,
675,"",Pangoro,low-sweep,machine,0,Regulation M-A,
675,"",Pangoro,mega-kick,machine,0,Regulation M-A,
675,"",Pangoro,night-slash,machine,0,Regulation M-A,
675,"",Pangoro,outrage,machine,0,Regulation M-A,
675,"",Pangoro,parting-shot,machine,0,Regulation M-A,
675,"",Pangoro,payback,machine,0,Regulation M-A,
675,"",Pangoro,poison-jab,machine,0,Regulation M-A,
675,"",Pangoro,power-trip,machine,0,Regulation M-A,
675,"",Pangoro,protect,machine,0,Regulation M-A,
675,"",Pangoro,quash,machine,0,Regulation M-A,
675,"",Pangoro,quick-guard,machine,0,Regulation M-A,
675,"",Pangoro,rain-dance,machine,0,Regulation M-A,
675,"",Pangoro,rest,machine,0,Regulation M-A,
675,"",Pangoro,reversal,machine,0,Regulation M-A,
675,"",Pangoro,rock-slide,machine,0,Regulation M-A,
675,"",Pangoro,rock-tomb,machine,0,Regulation M-A,
675,"",Pangoro,round,machine,0,Regulation M-A,
675,"",Pangoro,scary-face,machine,0,Regulation M-A,
675,"",Pangoro,seismic-toss,machine,0,Regulation M-A,
675,"",Pangoro,shadow-claw,machine,0,Regulation M-A,
675,"",Pangoro,sleep-talk,machine,0,Regulation M-A,
675,"",Pangoro,sludge-bomb,machine,0,Regulation M-A,
675,"",Pangoro,snarl,machine,0,Regulation M-A,
675,"",Pangoro,snore,machine,0,Regulation M-A,
675,"",Pangoro,stomping-tantrum,machine,0,Regulation M-A,
675,"",Pangoro,stone-edge,machine,0,Regulation M-A,
675,"",Pangoro,storm-throw,machine,0,Regulation M-A,
675,"",Pangoro,substitute,machine,0,Regulation M-A,
675,"",Pangoro,sunny-day,machine,0,Regulation M-A,
675,"",Pangoro,superpower,machine,0,Regulation M-A,
675,"",Pangoro,surf,machine,0,Regulation M-A,
675,"",Pangoro,swords-dance,machine,0,Regulation M-A,
675,"",Pangoro,taunt,machine,0,Regulation M-A,
675,"",Pangoro,thief,machine,0,Regulation M-A,
675,"",Pangoro,throat-chop,machine,0,Regulation M-A,
675,"",Pangoro,thunder-punch,machine,0,Regulation M-A,
675,"",Pangoro,uproar,machine,0,Regulation M-A,
675,"",Pangoro,x-scissor,machine,0,Regulation M-A,
675,"",Pangoro,zen-headbutt,machine,0,Regulation M-A,
676,"",Furfrou,attract,machine,0,Regulation M-A,
676,"",Furfrou,baby-doll-eyes,machine,0,Regulation M-A,
676,"",Furfrou,bite,machine,0,Regulation M-A,
676,"",Furfrou,charm,machine,0,Regulation M-A,
676,"",Furfrou,cotton-guard,machine,0,Regulation M-A,
676,"",Furfrou,crunch,machine,0,Regulation M-A,
676,"",Furfrou,dark-pulse,machine,0,Regulation M-A,
676,"",Furfrou,dig,machine,0,Regulation M-A,
676,"",Furfrou,double-edge,machine,0,Regulation M-A,
676,"",Furfrou,endeavor,machine,0,Regulation M-A,
676,"",Furfrou,endure,machine,0,Regulation M-A,
676,"",Furfrou,facade,machine,0,Regulation M-A,
676,"",Furfrou,fire-fang,machine,0,Regulation M-A,
676,"",Furfrou,giga-impact,machine,0,Regulation M-A,
676,"",Furfrou,grass-knot,machine,0,Regulation M-A,
676,"",Furfrou,helping-hand,machine,0,Regulation M-A,
676,"",Furfrou,hyper-voice,machine,0,Regulation M-A,
676,"",Furfrou,ice-fang,machine,0,Regulation M-A,
676,"",Furfrou,iron-tail,machine,0,Regulation M-A,
676,"",Furfrou,last-resort,machine,0,Regulation M-A,
676,"",Furfrou,protect,machine,0,Regulation M-A,
676,"",Furfrou,psychic-fangs,machine,0,Regulation M-A,
676,"",Furfrou,rain-dance,machine,0,Regulation M-A,
676,"",Furfrou,rest,machine,0,Regulation M-A,
676,"",Furfrou,roar,machine,0,Regulation M-A,
676,"",Furfrou,round,machine,0,Regulation M-A,
676,"",Furfrou,sleep-talk,machine,0,Regulation M-A,
676,"",Furfrou,snarl,machine,0,Regulation M-A,
676,"",Furfrou,snore,machine,0,Regulation M-A,
676,"",Furfrou,substitute,machine,0,Regulation M-A,
676,"",Furfrou,sucker-punch,machine,0,Regulation M-A,
676,"",Furfrou,sunny-day,machine,0,Regulation M-A,
676,"",Furfrou,surf,machine,0,Regulation M-A,
676,"",Furfrou,thunder-fang,machine,0,Regulation M-A,
676,"",Furfrou,thunder-wave,machine,0,Regulation M-A,
676,"",Furfrou,trailblaze,machine,0,Regulation M-A,
676,"",Furfrou,u-turn,machine,0,Regulation M-A,
676,"",Furfrou,uproar,machine,0,Regulation M-A,
676,"",Furfrou,wild-charge,machine,0,Regulation M-A,
676,"",Furfrou,zen-headbutt,machine,0,Regulation M-A,
678,"",Meowstic,alluring-voice,machine,0,Regulation M-A,
678,"",Meowstic,baton-pass,machine,0,Regulation M-A,
678,"",Meowstic,calm-mind,machine,0,Regulation M-A,
678,"",Meowstic,charge-beam,machine,0,Regulation M-A,
678,"",Meowstic,charm,machine,0,Regulation M-A,
678,"",Meowstic,covet,machine,0,Regulation M-A,
678,"",Meowstic,dark-pulse,machine,0,Regulation M-A,
678,"",Meowstic,dig,machine,0,Regulation M-A,
678,"",Meowstic,endure,machine,0,Regulation M-A,
678,"",Meowstic,energy-ball,machine,0,Regulation M-A,
678,"",Meowstic,expanding-force,machine,0,Regulation M-A,
678,"",Meowstic,facade,machine,0,Regulation M-A,
678,"",Meowstic,fake-out,machine,0,Regulation M-A,
678,"",Meowstic,fake-tears,machine,0,Regulation M-A,
678,"",Meowstic,giga-impact,machine,0,Regulation M-A,
678,"",Meowstic,gravity,machine,0,Regulation M-A,
678,"",Meowstic,helping-hand,machine,0,Regulation M-A,
678,"",Meowstic,hyper-beam,machine,0,Regulation M-A,
678,"",Meowstic,imprison,machine,0,Regulation M-A,
678,"",Meowstic,iron-tail,machine,0,Regulation M-A,
678,"",Meowstic,light-screen,machine,0,Regulation M-A,
678,"",Meowstic,magic-room,machine,0,Regulation M-A,
678,"",Meowstic,mean-look,machine,0,Regulation M-A,
678,"",Meowstic,misty-terrain,machine,0,Regulation M-A,
678,"",Meowstic,nasty-plot,machine,0,Regulation M-A,
678,"",Meowstic,payback,machine,0,Regulation M-A,
678,"",Meowstic,play-rough,machine,0,Regulation M-A,
678,"",Meowstic,protect,machine,0,Regulation M-A,
678,"",Meowstic,psych-up,machine,0,Regulation M-A,
678,"",Meowstic,psychic,machine,0,Regulation M-A,
678,"",Meowstic,psychic-noise,machine,0,Regulation M-A,
678,"",Meowstic,psychic-terrain,machine,0,Regulation M-A,
678,"",Meowstic,psyshock,machine,0,Regulation M-A,
678,"",Meowstic,quick-guard,machine,0,Regulation M-A,
678,"",Meowstic,rain-dance,machine,0,Regulation M-A,
678,"",Meowstic,reflect,machine,0,Regulation M-A,
678,"",Meowstic,rest,machine,0,Regulation M-A,
678,"",Meowstic,role-play,machine,0,Regulation M-A,
678,"",Meowstic,round,machine,0,Regulation M-A,
678,"",Meowstic,safeguard,machine,0,Regulation M-A,
678,"",Meowstic,shadow-ball,machine,0,Regulation M-A,
678,"",Meowstic,skill-swap,machine,0,Regulation M-A,
678,"",Meowstic,sleep-talk,machine,0,Regulation M-A,
678,"",Meowstic,snore,machine,0,Regulation M-A,
678,"",Meowstic,stored-power,machine,0,Regulation M-A,
678,"",Meowstic,substitute,machine,0,Regulation M-A,
678,"",Meowstic,sucker-punch,machine,0,Regulation M-A,
678,"",Meowstic,sunny-day,machine,0,Regulation M-A,
678,"",Meowstic,tail-slap,machine,0,Regulation M-A,
678,"",Meowstic,thunder-wave,machine,0,Regulation M-A,
678,"",Meowstic,thunderbolt,machine,0,Regulation M-A,
678,"",Meowstic,tickle,machine,0,Regulation M-A,
678,"",Meowstic,trailblaze,machine,0,Regulation M-A,
678,"",Meowstic,trick,machine,0,Regulation M-A,
678,"",Meowstic,trick-room,machine,0,Regulation M-A,
678,"",Meowstic,wish,machine,0,Regulation M-A,
678,"",Meowstic,wonder-room,machine,0,Regulation M-A,
678,"",Meowstic,yawn,machine,0,Regulation M-A,
678,"",Meowstic,zen-headbutt,machine,0,Regulation M-A,
678,f,Meowstic-F,alluring-voice,machine,0,Regulation M-A,
678,f,Meowstic-F,baton-pass,machine,0,Regulation M-A,
678,f,Meowstic-F,calm-mind,machine,0,Regulation M-A,
678,f,Meowstic-F,charge-beam,machine,0,Regulation M-A,
678,f,Meowstic-F,charm,machine,0,Regulation M-A,
678,f,Meowstic-F,covet,machine,0,Regulation M-A,
678,f,Meowstic-F,dark-pulse,machine,0,Regulation M-A,
678,f,Meowstic-F,dig,machine,0,Regulation M-A,
678,f,Meowstic-F,endure,machine,0,Regulation M-A,
678,f,Meowstic-F,energy-ball,machine,0,Regulation M-A,
678,f,Meowstic-F,expanding-force,machine,0,Regulation M-A,
678,f,Meowstic-F,extrasensory,machine,0,Regulation M-A,
678,f,Meowstic-F,facade,machine,0,Regulation M-A,
678,f,Meowstic-F,fake-out,machine,0,Regulation M-A,
678,f,Meowstic-F,fake-tears,machine,0,Regulation M-A,
678,f,Meowstic-F,future-sight,machine,0,Regulation M-A,
678,f,Meowstic-F,giga-impact,machine,0,Regulation M-A,
678,f,Meowstic-F,gravity,machine,0,Regulation M-A,
678,f,Meowstic-F,helping-hand,machine,0,Regulation M-A,
678,f,Meowstic-F,hyper-beam,machine,0,Regulation M-A,
678,f,Meowstic-F,iron-tail,machine,0,Regulation M-A,
678,f,Meowstic-F,light-screen,machine,0,Regulation M-A,
678,f,Meowstic-F,magic-room,machine,0,Regulation M-A,
678,f,Meowstic-F,nasty-plot,machine,0,Regulation M-A,
678,f,Meowstic-F,payback,machine,0,Regulation M-A,
678,f,Meowstic-F,play-rough,machine,0,Regulation M-A,
678,f,Meowstic-F,protect,machine,0,Regulation M-A,
678,f,Meowstic-F,psych-up,machine,0,Regulation M-A,
678,f,Meowstic-F,psychic,machine,0,Regulation M-A,
678,f,Meowstic-F,psychic-noise,machine,0,Regulation M-A,
678,f,Meowstic-F,psychic-terrain,machine,0,Regulation M-A,
678,f,Meowstic-F,psyshock,machine,0,Regulation M-A,
678,f,Meowstic-F,rain-dance,machine,0,Regulation M-A,
678,f,Meowstic-F,reflect,machine,0,Regulation M-A,
678,f,Meowstic-F,rest,machine,0,Regulation M-A,
678,f,Meowstic-F,role-play,machine,0,Regulation M-A,
678,f,Meowstic-F,round,machine,0,Regulation M-A,
678,f,Meowstic-F,safeguard,machine,0,Regulation M-A,
678,f,Meowstic-F,shadow-ball,machine,0,Regulation M-A,
678,f,Meowstic-F,skill-swap,machine,0,Regulation M-A,
678,f,Meowstic-F,sleep-talk,machine,0,Regulation M-A,
678,f,Meowstic-F,snore,machine,0,Regulation M-A,
678,f,Meowstic-F,stored-power,machine,0,Regulation M-A,
678,f,Meowstic-F,substitute,machine,0,Regulation M-A,
678,f,Meowstic-F,sucker-punch,machine,0,Regulation M-A,
678,f,Meowstic-F,sunny-day,machine,0,Regulation M-A,
678,f,Meowstic-F,tail-slap,machine,0,Regulation M-A,
678,f,Meowstic-F,thunder-wave,machine,0,Regulation M-A,
678,f,Meowstic-F,thunderbolt,machine,0,Regulation M-A,
678,f,Meowstic-F,tickle,machine,0,Regulation M-A,
678,f,Meowstic-F,trailblaze,machine,0,Regulation M-A,
678,f,Meowstic-F,trick,machine,0,Regulation M-A,
678,f,Meowstic-F,trick-room,machine,0,Regulation M-A,
678,f,Meowstic-F,wonder-room,machine,0,Regulation M-A,
678,f,Meowstic-F,yawn,machine,0,Regulation M-A,
678,f,Meowstic-F,zen-headbutt,machine,0,Regulation M-A,
681,"",Aegislash,aerial-ace,machine,0,Regulation M-A,
681,"",Aegislash,air-slash,machine,0,Regulation M-A,
681,"",Aegislash,attract,machine,0,Regulation M-A,
681,"",Aegislash,block,machine,0,Regulation M-A,
681,"",Aegislash,brick-break,machine,0,Regulation M-A,
681,"",Aegislash,brutal-swing,machine,0,Regulation M-A,
681,"",Aegislash,close-combat,machine,0,Regulation M-A,
681,"",Aegislash,destiny-bond,machine,0,Regulation M-A,
681,"",Aegislash,double-hit,machine,0,Regulation M-A,
681,"",Aegislash,endure,machine,0,Regulation M-A,
681,"",Aegislash,facade,machine,0,Regulation M-A,
681,"",Aegislash,flash-cannon,machine,0,Regulation M-A,
681,"",Aegislash,giga-impact,machine,0,Regulation M-A,
681,"",Aegislash,gyro-ball,machine,0,Regulation M-A,
681,"",Aegislash,head-smash,machine,0,Regulation M-A,
681,"",Aegislash,hyper-beam,machine,0,Regulation M-A,
681,"",Aegislash,iron-defense,machine,0,Regulation M-A,
681,"",Aegislash,iron-head,machine,0,Regulation M-A,
681,"",Aegislash,kings-shield,machine,0,Regulation M-A,
681,"",Aegislash,metal-sound,machine,0,Regulation M-A,
681,"",Aegislash,night-slash,machine,0,Regulation M-A,
681,"",Aegislash,poltergeist,machine,0,Regulation M-A,
681,"",Aegislash,power-trick,machine,0,Regulation M-A,
681,"",Aegislash,protect,machine,0,Regulation M-A,
681,"",Aegislash,psycho-cut,machine,0,Regulation M-A,
681,"",Aegislash,rain-dance,machine,0,Regulation M-A,
681,"",Aegislash,reflect,machine,0,Regulation M-A,
681,"",Aegislash,rest,machine,0,Regulation M-A,
681,"",Aegislash,reversal,machine,0,Regulation M-A,
681,"",Aegislash,rock-slide,machine,0,Regulation M-A,
681,"",Aegislash,round,machine,0,Regulation M-A,
681,"",Aegislash,sacred-sword,machine,0,Regulation M-A,
681,"",Aegislash,screech,machine,0,Regulation M-A,
681,"",Aegislash,shadow-ball,machine,0,Regulation M-A,
681,"",Aegislash,shadow-claw,machine,0,Regulation M-A,
681,"",Aegislash,shadow-sneak,machine,0,Regulation M-A,
681,"",Aegislash,sleep-talk,machine,0,Regulation M-A,
681,"",Aegislash,snore,machine,0,Regulation M-A,
681,"",Aegislash,solar-blade,machine,0,Regulation M-A,
681,"",Aegislash,steel-beam,machine,0,Regulation M-A,
681,"",Aegislash,substitute,machine,0,Regulation M-A,
681,"",Aegislash,sunny-day,machine,0,Regulation M-A,
681,"",Aegislash,swords-dance,machine,0,Regulation M-A,
681,"",Aegislash,wide-guard,machine,0,Regulation M-A,
681,"",Aegislash,zen-headbutt,machine,0,Regulation M-A,
683,"",Aromatisse,after-you,machine,0,Regulation M-A,
683,"",Aromatisse,alluring-voice,machine,0,Regulation M-A,
683,"",Aromatisse,ally-switch,machine,0,Regulation M-A,
683,"",Aromatisse,aromatic-mist,machine,0,Regulation M-A,
683,"",Aromatisse,attract,machine,0,Regulation M-A,
683,"",Aromatisse,calm-mind,machine,0,Regulation M-A,
683,"",Aromatisse,charm,machine,0,Regulation M-A,
683,"",Aromatisse,dazzling-gleam,machine,0,Regulation M-A,
683,"",Aromatisse,disable,machine,0,Regulation M-A,
683,"",Aromatisse,drain-punch,machine,0,Regulation M-A,
683,"",Aromatisse,draining-kiss,machine,0,Regulation M-A,
683,"",Aromatisse,encore,machine,0,Regulation M-A,
683,"",Aromatisse,endure,machine,0,Regulation M-A,
683,"",Aromatisse,energy-ball,machine,0,Regulation M-A,
683,"",Aromatisse,facade,machine,0,Regulation M-A,
683,"",Aromatisse,fake-tears,machine,0,Regulation M-A,
683,"",Aromatisse,flail,machine,0,Regulation M-A,
683,"",Aromatisse,flash-cannon,machine,0,Regulation M-A,
683,"",Aromatisse,giga-impact,machine,0,Regulation M-A,
683,"",Aromatisse,gyro-ball,machine,0,Regulation M-A,
683,"",Aromatisse,heal-pulse,machine,0,Regulation M-A,
683,"",Aromatisse,helping-hand,machine,0,Regulation M-A,
683,"",Aromatisse,hyper-beam,machine,0,Regulation M-A,
683,"",Aromatisse,hypnosis,machine,0,Regulation M-A,
683,"",Aromatisse,light-screen,machine,0,Regulation M-A,
683,"",Aromatisse,misty-explosion,machine,0,Regulation M-A,
683,"",Aromatisse,misty-terrain,machine,0,Regulation M-A,
683,"",Aromatisse,moonblast,machine,0,Regulation M-A,
683,"",Aromatisse,nasty-plot,machine,0,Regulation M-A,
683,"",Aromatisse,protect,machine,0,Regulation M-A,
683,"",Aromatisse,psych-up,machine,0,Regulation M-A,
683,"",Aromatisse,psychic,machine,0,Regulation M-A,
683,"",Aromatisse,psyshock,machine,0,Regulation M-A,
683,"",Aromatisse,rain-dance,machine,0,Regulation M-A,
683,"",Aromatisse,reflect,machine,0,Regulation M-A,
683,"",Aromatisse,rest,machine,0,Regulation M-A,
683,"",Aromatisse,round,machine,0,Regulation M-A,
683,"",Aromatisse,skill-swap,machine,0,Regulation M-A,
683,"",Aromatisse,sleep-talk,machine,0,Regulation M-A,
683,"",Aromatisse,snore,machine,0,Regulation M-A,
683,"",Aromatisse,substitute,machine,0,Regulation M-A,
683,"",Aromatisse,sunny-day,machine,0,Regulation M-A,
683,"",Aromatisse,sweet-kiss,machine,0,Regulation M-A,
683,"",Aromatisse,sweet-scent,machine,0,Regulation M-A,
683,"",Aromatisse,thunder,machine,0,Regulation M-A,
683,"",Aromatisse,thunderbolt,machine,0,Regulation M-A,
683,"",Aromatisse,trick-room,machine,0,Regulation M-A,
683,"",Aromatisse,wish,machine,0,Regulation M-A,
685,"",Slurpuff,after-you,machine,0,Regulation M-A,
685,"",Slurpuff,amnesia,machine,0,Regulation M-A,
685,"",Slurpuff,attract,machine,0,Regulation M-A,
685,"",Slurpuff,calm-mind,machine,0,Regulation M-A,
685,"",Slurpuff,charm,machine,0,Regulation M-A,
685,"",Slurpuff,copycat,machine,0,Regulation M-A,
685,"",Slurpuff,cotton-guard,machine,0,Regulation M-A,
685,"",Slurpuff,cotton-spore,machine,0,Regulation M-A,
685,"",Slurpuff,dazzling-gleam,machine,0,Regulation M-A,
685,"",Slurpuff,drain-punch,machine,0,Regulation M-A,
685,"",Slurpuff,draining-kiss,machine,0,Regulation M-A,
685,"",Slurpuff,endeavor,machine,0,Regulation M-A,
685,"",Slurpuff,endure,machine,0,Regulation M-A,
685,"",Slurpuff,energy-ball,machine,0,Regulation M-A,
685,"",Slurpuff,facade,machine,0,Regulation M-A,
685,"",Slurpuff,fake-tears,machine,0,Regulation M-A,
685,"",Slurpuff,flamethrower,machine,0,Regulation M-A,
685,"",Slurpuff,giga-impact,machine,0,Regulation M-A,
685,"",Slurpuff,helping-hand,machine,0,Regulation M-A,
685,"",Slurpuff,hyper-beam,machine,0,Regulation M-A,
685,"",Slurpuff,light-screen,machine,0,Regulation M-A,
685,"",Slurpuff,misty-explosion,machine,0,Regulation M-A,
685,"",Slurpuff,play-rough,machine,0,Regulation M-A,
685,"",Slurpuff,protect,machine,0,Regulation M-A,
685,"",Slurpuff,psychic,machine,0,Regulation M-A,
685,"",Slurpuff,rain-dance,machine,0,Regulation M-A,
685,"",Slurpuff,rest,machine,0,Regulation M-A,
685,"",Slurpuff,round,machine,0,Regulation M-A,
685,"",Slurpuff,safeguard,machine,0,Regulation M-A,
685,"",Slurpuff,sleep-talk,machine,0,Regulation M-A,
685,"",Slurpuff,snore,machine,0,Regulation M-A,
685,"",Slurpuff,sticky-web,machine,0,Regulation M-A,
685,"",Slurpuff,string-shot,machine,0,Regulation M-A,
685,"",Slurpuff,substitute,machine,0,Regulation M-A,
685,"",Slurpuff,sunny-day,machine,0,Regulation M-A,
685,"",Slurpuff,surf,machine,0,Regulation M-A,
685,"",Slurpuff,sweet-scent,machine,0,Regulation M-A,
685,"",Slurpuff,thief,machine,0,Regulation M-A,
685,"",Slurpuff,thunder,machine,0,Regulation M-A,
685,"",Slurpuff,thunderbolt,machine,0,Regulation M-A,
685,"",Slurpuff,wish,machine,0,Regulation M-A,
685,"",Slurpuff,yawn,machine,0,Regulation M-A,
687,"",Malamar,acupressure,machine,0,Regulation M-B,
687,"",Malamar,aerial-ace,machine,0,Regulation M-B,
687,"",Malamar,baton-pass,machine,0,Regulation M-B,
687,"",Malamar,brutal-swing,machine,0,Regulation M-B,
687,"",Malamar,calm-mind,machine,0,Regulation M-B,
687,"",Malamar,dark-pulse,machine,0,Regulation M-B,
687,"",Malamar,destiny-bond,machine,0,Regulation M-B,
687,"",Malamar,disable,machine,0,Regulation M-B,
687,"",Malamar,double-hit,machine,0,Regulation M-B,
687,"",Malamar,double-team,machine,0,Regulation M-B,
687,"",Malamar,endure,machine,0,Regulation M-B,
687,"",Malamar,expanding-force,machine,0,Regulation M-B,
687,"",Malamar,facade,machine,0,Regulation M-B,
687,"",Malamar,fake-tears,machine,0,Regulation M-B,
687,"",Malamar,flamethrower,machine,0,Regulation M-B,
687,"",Malamar,fling,machine,0,Regulation M-B,
687,"",Malamar,foul-play,machine,0,Regulation M-B,
687,"",Malamar,future-sight,machine,0,Regulation M-B,
687,"",Malamar,giga-impact,machine,0,Regulation M-B,
687,"",Malamar,gravity,machine,0,Regulation M-B,
687,"",Malamar,guard-swap,machine,0,Regulation M-B,
687,"",Malamar,helping-hand,machine,0,Regulation M-B,
687,"",Malamar,hyper-beam,machine,0,Regulation M-B,
687,"",Malamar,hypnosis,machine,0,Regulation M-B,
687,"",Malamar,knock-off,machine,0,Regulation M-B,
687,"",Malamar,lash-out,machine,0,Regulation M-B,
687,"",Malamar,light-screen,machine,0,Regulation M-B,
687,"",Malamar,liquidation,machine,0,Regulation M-B,
687,"",Malamar,lunge,machine,0,Regulation M-B,
687,"",Malamar,nasty-plot,machine,0,Regulation M-B,
687,"",Malamar,night-slash,machine,0,Regulation M-B,
687,"",Malamar,payback,machine,0,Regulation M-B,
687,"",Malamar,pluck,machine,0,Regulation M-B,
687,"",Malamar,poison-jab,machine,0,Regulation M-B,
687,"",Malamar,protect,machine,0,Regulation M-B,
687,"",Malamar,psych-up,machine,0,Regulation M-B,
687,"",Malamar,psychic,machine,0,Regulation M-B,
687,"",Malamar,psychic-noise,machine,0,Regulation M-B,
687,"",Malamar,psycho-cut,machine,0,Regulation M-B,
687,"",Malamar,psyshock,machine,0,Regulation M-B,
687,"",Malamar,rain-dance,machine,0,Regulation M-B,
687,"",Malamar,reflect,machine,0,Regulation M-B,
687,"",Malamar,rest,machine,0,Regulation M-B,
687,"",Malamar,reversal,machine,0,Regulation M-B,
687,"",Malamar,rock-slide,machine,0,Regulation M-B,
687,"",Malamar,round,machine,0,Regulation M-B,
687,"",Malamar,scary-face,machine,0,Regulation M-B,
687,"",Malamar,skill-swap,machine,0,Regulation M-B,
687,"",Malamar,sleep-talk,machine,0,Regulation M-B,
687,"",Malamar,snore,machine,0,Regulation M-B,
687,"",Malamar,spite,machine,0,Regulation M-B,
687,"",Malamar,stored-power,machine,0,Regulation M-B,
687,"",Malamar,substitute,machine,0,Regulation M-B,
687,"",Malamar,sunny-day,machine,0,Regulation M-B,
687,"",Malamar,superpower,machine,0,Regulation M-B,
687,"",Malamar,swagger,machine,0,Regulation M-B,
687,"",Malamar,switcheroo,machine,0,Regulation M-B,
687,"",Malamar,taunt,machine,0,Regulation M-B,
687,"",Malamar,thief,machine,0,Regulation M-B,
687,"",Malamar,throat-chop,machine,0,Regulation M-B,
687,"",Malamar,thunderbolt,machine,0,Regulation M-B,
687,"",Malamar,topsy-turvy,machine,0,Regulation M-B,
687,"",Malamar,torment,machine,0,Regulation M-B,
687,"",Malamar,trailblaze,machine,0,Regulation M-B,
687,"",Malamar,trick,machine,0,Regulation M-B,
687,"",Malamar,trick-room,machine,0,Regulation M-B,
687,"",Malamar,wrap,machine,0,Regulation M-B,
687,"",Malamar,zen-headbutt,machine,0,Regulation M-B,
689,"",Barbaracle,ancient-power,machine,0,Regulation M-B,
689,"",Barbaracle,aqua-cutter,machine,0,Regulation M-B,
689,"",Barbaracle,assurance,machine,0,Regulation M-B,
689,"",Barbaracle,attract,machine,0,Regulation M-B,
689,"",Barbaracle,beat-up,machine,0,Regulation M-B,
689,"",Barbaracle,blizzard,machine,0,Regulation M-B,
689,"",Barbaracle,brick-break,machine,0,Regulation M-B,
689,"",Barbaracle,brutal-swing,machine,0,Regulation M-B,
689,"",Barbaracle,bulk-up,machine,0,Regulation M-B,
689,"",Barbaracle,bulldoze,machine,0,Regulation M-B,
689,"",Barbaracle,chilling-water,machine,0,Regulation M-B,
689,"",Barbaracle,close-combat,machine,0,Regulation M-B,
689,"",Barbaracle,cross-chop,machine,0,Regulation M-B,
689,"",Barbaracle,dig,machine,0,Regulation M-B,
689,"",Barbaracle,dive,machine,0,Regulation M-B,
689,"",Barbaracle,double-hit,machine,0,Regulation M-B,
689,"",Barbaracle,dragon-claw,machine,0,Regulation M-B,
689,"",Barbaracle,earth-power,machine,0,Regulation M-B,
689,"",Barbaracle,earthquake,machine,0,Regulation M-B,
689,"",Barbaracle,endure,machine,0,Regulation M-B,
689,"",Barbaracle,facade,machine,0,Regulation M-B,
689,"",Barbaracle,fling,machine,0,Regulation M-B,
689,"",Barbaracle,focus-blast,machine,0,Regulation M-B,
689,"",Barbaracle,giga-impact,machine,0,Regulation M-B,
689,"",Barbaracle,grass-knot,machine,0,Regulation M-B,
689,"",Barbaracle,helping-hand,machine,0,Regulation M-B,
689,"",Barbaracle,hyper-beam,machine,0,Regulation M-B,
689,"",Barbaracle,ice-beam,machine,0,Regulation M-B,
689,"",Barbaracle,icy-wind,machine,0,Regulation M-B,
689,"",Barbaracle,iron-defense,machine,0,Regulation M-B,
689,"",Barbaracle,liquidation,machine,0,Regulation M-B,
689,"",Barbaracle,low-kick,machine,0,Regulation M-B,
689,"",Barbaracle,meteor-beam,machine,0,Regulation M-B,
689,"",Barbaracle,mud-shot,machine,0,Regulation M-B,
689,"",Barbaracle,mud-slap,machine,0,Regulation M-B,
689,"",Barbaracle,muddy-water,machine,0,Regulation M-B,
689,"",Barbaracle,night-slash,machine,0,Regulation M-B,
689,"",Barbaracle,payback,machine,0,Regulation M-B,
689,"",Barbaracle,poison-jab,machine,0,Regulation M-B,
689,"",Barbaracle,protect,machine,0,Regulation M-B,
689,"",Barbaracle,rain-dance,machine,0,Regulation M-B,
689,"",Barbaracle,razor-shell,machine,0,Regulation M-B,
689,"",Barbaracle,rest,machine,0,Regulation M-B,
689,"",Barbaracle,rock-blast,machine,0,Regulation M-B,
689,"",Barbaracle,rock-polish,machine,0,Regulation M-B,
689,"",Barbaracle,rock-slide,machine,0,Regulation M-B,
689,"",Barbaracle,rock-tomb,machine,0,Regulation M-B,
689,"",Barbaracle,round,machine,0,Regulation M-B,
689,"",Barbaracle,safeguard,machine,0,Regulation M-B,
689,"",Barbaracle,sandstorm,machine,0,Regulation M-B,
689,"",Barbaracle,scald,machine,0,Regulation M-B,
689,"",Barbaracle,screech,machine,0,Regulation M-B,
689,"",Barbaracle,shadow-claw,machine,0,Regulation M-B,
689,"",Barbaracle,shell-smash,machine,0,Regulation M-B,
689,"",Barbaracle,sleep-talk,machine,0,Regulation M-B,
689,"",Barbaracle,sludge-bomb,machine,0,Regulation M-B,
689,"",Barbaracle,sludge-wave,machine,0,Regulation M-B,
689,"",Barbaracle,snore,machine,0,Regulation M-B,
689,"",Barbaracle,stealth-rock,machine,0,Regulation M-B,
689,"",Barbaracle,stone-edge,machine,0,Regulation M-B,
689,"",Barbaracle,substitute,machine,0,Regulation M-B,
689,"",Barbaracle,superpower,machine,0,Regulation M-B,
689,"",Barbaracle,surf,machine,0,Regulation M-B,
689,"",Barbaracle,switcheroo,machine,0,Regulation M-B,
689,"",Barbaracle,swords-dance,machine,0,Regulation M-B,
689,"",Barbaracle,taunt,machine,0,Regulation M-B,
689,"",Barbaracle,thief,machine,0,Regulation M-B,
689,"",Barbaracle,uproar,machine,0,Regulation M-B,
689,"",Barbaracle,waterfall,machine,0,Regulation M-B,
689,"",Barbaracle,whirlpool,machine,0,Regulation M-B,
689,"",Barbaracle,x-scissor,machine,0,Regulation M-B,
691,"",Dragalge,acid-armor,machine,0,Regulation M-B,
691,"",Dragalge,acid-spray,machine,0,Regulation M-B,
691,"",Dragalge,aqua-tail,machine,0,Regulation M-B,
691,"",Dragalge,chilling-water,machine,0,Regulation M-B,
691,"",Dragalge,dive,machine,0,Regulation M-B,
691,"",Dragalge,double-team,machine,0,Regulation M-B,
691,"",Dragalge,draco-meteor,machine,0,Regulation M-B,
691,"",Dragalge,dragon-pulse,machine,0,Regulation M-B,
691,"",Dragalge,dragon-tail,machine,0,Regulation M-B,
691,"",Dragalge,endure,machine,0,Regulation M-B,
691,"",Dragalge,facade,machine,0,Regulation M-B,
691,"",Dragalge,flip-turn,machine,0,Regulation M-B,
691,"",Dragalge,focus-blast,machine,0,Regulation M-B,
691,"",Dragalge,giga-impact,machine,0,Regulation M-B,
691,"",Dragalge,gunk-shot,machine,0,Regulation M-B,
691,"",Dragalge,haze,machine,0,Regulation M-B,
691,"",Dragalge,hydro-pump,machine,0,Regulation M-B,
691,"",Dragalge,hyper-beam,machine,0,Regulation M-B,
691,"",Dragalge,icy-wind,machine,0,Regulation M-B,
691,"",Dragalge,iron-tail,machine,0,Regulation M-B,
691,"",Dragalge,liquidation,machine,0,Regulation M-B,
691,"",Dragalge,mud-shot,machine,0,Regulation M-B,
691,"",Dragalge,mud-slap,machine,0,Regulation M-B,
691,"",Dragalge,muddy-water,machine,0,Regulation M-B,
691,"",Dragalge,outrage,machine,0,Regulation M-B,
691,"",Dragalge,play-rough,machine,0,Regulation M-B,
691,"",Dragalge,poison-jab,machine,0,Regulation M-B,
691,"",Dragalge,protect,machine,0,Regulation M-B,
691,"",Dragalge,rain-dance,machine,0,Regulation M-B,
691,"",Dragalge,rest,machine,0,Regulation M-B,
691,"",Dragalge,round,machine,0,Regulation M-B,
691,"",Dragalge,scald,machine,0,Regulation M-B,
691,"",Dragalge,scale-shot,machine,0,Regulation M-B,
691,"",Dragalge,scary-face,machine,0,Regulation M-B,
691,"",Dragalge,shadow-ball,machine,0,Regulation M-B,
691,"",Dragalge,sleep-talk,machine,0,Regulation M-B,
691,"",Dragalge,sludge-bomb,machine,0,Regulation M-B,
691,"",Dragalge,sludge-wave,machine,0,Regulation M-B,
691,"",Dragalge,snore,machine,0,Regulation M-B,
691,"",Dragalge,snowscape,machine,0,Regulation M-B,
691,"",Dragalge,spite,machine,0,Regulation M-B,
691,"",Dragalge,substitute,machine,0,Regulation M-B,
691,"",Dragalge,surf,machine,0,Regulation M-B,
691,"",Dragalge,thief,machine,0,Regulation M-B,
691,"",Dragalge,thunder,machine,0,Regulation M-B,
691,"",Dragalge,thunderbolt,machine,0,Regulation M-B,
691,"",Dragalge,toxic,machine,0,Regulation M-B,
691,"",Dragalge,toxic-spikes,machine,0,Regulation M-B,
691,"",Dragalge,venoshock,machine,0,Regulation M-B,
691,"",Dragalge,water-pulse,machine,0,Regulation M-B,
691,"",Dragalge,waterfall,machine,0,Regulation M-B,
691,"",Dragalge,whirlpool,machine,0,Regulation M-B,
693,"",Clawitzer,aqua-jet,machine,0,Regulation M-A,
693,"",Clawitzer,aqua-tail,machine,0,Regulation M-A,
693,"",Clawitzer,aura-sphere,machine,0,Regulation M-A,
693,"",Clawitzer,blizzard,machine,0,Regulation M-A,
693,"",Clawitzer,body-slam,machine,0,Regulation M-A,
693,"",Clawitzer,bounce,machine,0,Regulation M-A,
693,"",Clawitzer,chilling-water,machine,0,Regulation M-A,
693,"",Clawitzer,crabhammer,machine,0,Regulation M-A,
693,"",Clawitzer,dark-pulse,machine,0,Regulation M-A,
693,"",Clawitzer,dive,machine,0,Regulation M-A,
693,"",Clawitzer,dragon-pulse,machine,0,Regulation M-A,
693,"",Clawitzer,endure,machine,0,Regulation M-A,
693,"",Clawitzer,entrainment,machine,0,Regulation M-A,
693,"",Clawitzer,facade,machine,0,Regulation M-A,
693,"",Clawitzer,flail,machine,0,Regulation M-A,
693,"",Clawitzer,flash-cannon,machine,0,Regulation M-A,
693,"",Clawitzer,flip-turn,machine,0,Regulation M-A,
693,"",Clawitzer,focus-blast,machine,0,Regulation M-A,
693,"",Clawitzer,giga-impact,machine,0,Regulation M-A,
693,"",Clawitzer,heal-pulse,machine,0,Regulation M-A,
693,"",Clawitzer,helping-hand,machine,0,Regulation M-A,
693,"",Clawitzer,hydro-pump,machine,0,Regulation M-A,
693,"",Clawitzer,hyper-beam,machine,0,Regulation M-A,
693,"",Clawitzer,ice-beam,machine,0,Regulation M-A,
693,"",Clawitzer,icy-wind,machine,0,Regulation M-A,
693,"",Clawitzer,liquidation,machine,0,Regulation M-A,
693,"",Clawitzer,mud-shot,machine,0,Regulation M-A,
693,"",Clawitzer,mud-slap,machine,0,Regulation M-A,
693,"",Clawitzer,muddy-water,machine,0,Regulation M-A,
693,"",Clawitzer,pounce,machine,0,Regulation M-A,
693,"",Clawitzer,protect,machine,0,Regulation M-A,
693,"",Clawitzer,rain-dance,machine,0,Regulation M-A,
693,"",Clawitzer,rest,machine,0,Regulation M-A,
693,"",Clawitzer,rock-slide,machine,0,Regulation M-A,
693,"",Clawitzer,round,machine,0,Regulation M-A,
693,"",Clawitzer,scary-face,machine,0,Regulation M-A,
693,"",Clawitzer,shadow-ball,machine,0,Regulation M-A,
693,"",Clawitzer,sleep-talk,machine,0,Regulation M-A,
693,"",Clawitzer,sludge-bomb,machine,0,Regulation M-A,
693,"",Clawitzer,sludge-wave,machine,0,Regulation M-A,
693,"",Clawitzer,smack-down,machine,0,Regulation M-A,
693,"",Clawitzer,snore,machine,0,Regulation M-A,
693,"",Clawitzer,substitute,machine,0,Regulation M-A,
693,"",Clawitzer,surf,machine,0,Regulation M-A,
693,"",Clawitzer,swords-dance,machine,0,Regulation M-A,
693,"",Clawitzer,terrain-pulse,machine,0,Regulation M-A,
693,"",Clawitzer,thief,machine,0,Regulation M-A,
693,"",Clawitzer,u-turn,machine,0,Regulation M-A,
693,"",Clawitzer,venoshock,machine,0,Regulation M-A,
693,"",Clawitzer,water-pulse,machine,0,Regulation M-A,
693,"",Clawitzer,waterfall,machine,0,Regulation M-A,
693,"",Clawitzer,weather-ball,machine,0,Regulation M-A,
695,"",Heliolisk,agility,machine,0,Regulation M-A,
695,"",Heliolisk,ally-switch,machine,0,Regulation M-A,
695,"",Heliolisk,attract,machine,0,Regulation M-A,
695,"",Heliolisk,breaking-swipe,machine,0,Regulation M-A,
695,"",Heliolisk,brutal-swing,machine,0,Regulation M-A,
695,"",Heliolisk,bulldoze,machine,0,Regulation M-A,
695,"",Heliolisk,charge,machine,0,Regulation M-A,
695,"",Heliolisk,charge-beam,machine,0,Regulation M-A,
695,"",Heliolisk,dark-pulse,machine,0,Regulation M-A,
695,"",Heliolisk,dig,machine,0,Regulation M-A,
695,"",Heliolisk,discharge,machine,0,Regulation M-A,
695,"",Heliolisk,dragon-pulse,machine,0,Regulation M-A,
695,"",Heliolisk,dragon-rush,machine,0,Regulation M-A,
695,"",Heliolisk,dragon-tail,machine,0,Regulation M-A,
695,"",Heliolisk,eerie-impulse,machine,0,Regulation M-A,
695,"",Heliolisk,electric-terrain,machine,0,Regulation M-A,
695,"",Heliolisk,electrify,machine,0,Regulation M-A,
695,"",Heliolisk,electro-ball,machine,0,Regulation M-A,
695,"",Heliolisk,electroweb,machine,0,Regulation M-A,
695,"",Heliolisk,endure,machine,0,Regulation M-A,
695,"",Heliolisk,facade,machine,0,Regulation M-A,
695,"",Heliolisk,fire-punch,machine,0,Regulation M-A,
695,"",Heliolisk,focus-blast,machine,0,Regulation M-A,
695,"",Heliolisk,giga-impact,machine,0,Regulation M-A,
695,"",Heliolisk,glare,machine,0,Regulation M-A,
695,"",Heliolisk,grass-knot,machine,0,Regulation M-A,
695,"",Heliolisk,hyper-beam,machine,0,Regulation M-A,
695,"",Heliolisk,hyper-voice,machine,0,Regulation M-A,
695,"",Heliolisk,iron-tail,machine,0,Regulation M-A,
695,"",Heliolisk,light-screen,machine,0,Regulation M-A,
695,"",Heliolisk,low-kick,machine,0,Regulation M-A,
695,"",Heliolisk,low-sweep,machine,0,Regulation M-A,
695,"",Heliolisk,mega-kick,machine,0,Regulation M-A,
695,"",Heliolisk,morning-sun,machine,0,Regulation M-A,
695,"",Heliolisk,mud-slap,machine,0,Regulation M-A,
695,"",Heliolisk,parabolic-charge,machine,0,Regulation M-A,
695,"",Heliolisk,pounce,machine,0,Regulation M-A,
695,"",Heliolisk,protect,machine,0,Regulation M-A,
695,"",Heliolisk,quick-attack,machine,0,Regulation M-A,
695,"",Heliolisk,rain-dance,machine,0,Regulation M-A,
695,"",Heliolisk,rest,machine,0,Regulation M-A,
695,"",Heliolisk,rising-voltage,machine,0,Regulation M-A,
695,"",Heliolisk,rock-slide,machine,0,Regulation M-A,
695,"",Heliolisk,rock-tomb,machine,0,Regulation M-A,
695,"",Heliolisk,round,machine,0,Regulation M-A,
695,"",Heliolisk,sandstorm,machine,0,Regulation M-A,
695,"",Heliolisk,scale-shot,machine,0,Regulation M-A,
695,"",Heliolisk,shed-tail,machine,0,Regulation M-A,
695,"",Heliolisk,sleep-talk,machine,0,Regulation M-A,
695,"",Heliolisk,snore,machine,0,Regulation M-A,
695,"",Heliolisk,solar-beam,machine,0,Regulation M-A,
695,"",Heliolisk,substitute,machine,0,Regulation M-A,
695,"",Heliolisk,sunny-day,machine,0,Regulation M-A,
695,"",Heliolisk,surf,machine,0,Regulation M-A,
695,"",Heliolisk,thunder,machine,0,Regulation M-A,
695,"",Heliolisk,thunder-punch,machine,0,Regulation M-A,
695,"",Heliolisk,thunder-wave,machine,0,Regulation M-A,
695,"",Heliolisk,thunderbolt,machine,0,Regulation M-A,
695,"",Heliolisk,trailblaze,machine,0,Regulation M-A,
695,"",Heliolisk,u-turn,machine,0,Regulation M-A,
695,"",Heliolisk,volt-switch,machine,0,Regulation M-A,
695,"",Heliolisk,weather-ball,machine,0,Regulation M-A,
695,"",Heliolisk,wild-charge,machine,0,Regulation M-A,
697,"",Tyrantrum,ancient-power,machine,0,Regulation M-A,
697,"",Tyrantrum,assurance,machine,0,Regulation M-A,
697,"",Tyrantrum,attract,machine,0,Regulation M-A,
697,"",Tyrantrum,bite,machine,0,Regulation M-A,
697,"",Tyrantrum,body-slam,machine,0,Regulation M-A,
697,"",Tyrantrum,breaking-swipe,machine,0,Regulation M-A,
697,"",Tyrantrum,brick-break,machine,0,Regulation M-A,
697,"",Tyrantrum,brutal-swing,machine,0,Regulation M-A,
697,"",Tyrantrum,bulldoze,machine,0,Regulation M-A,
697,"",Tyrantrum,charm,machine,0,Regulation M-A,
697,"",Tyrantrum,close-combat,machine,0,Regulation M-A,
697,"",Tyrantrum,crunch,machine,0,Regulation M-A,
697,"",Tyrantrum,curse,machine,0,Regulation M-A,
697,"",Tyrantrum,dark-pulse,machine,0,Regulation M-A,
697,"",Tyrantrum,dig,machine,0,Regulation M-A,
697,"",Tyrantrum,draco-meteor,machine,0,Regulation M-A,
697,"",Tyrantrum,dragon-cheer,machine,0,Regulation M-A,
697,"",Tyrantrum,dragon-claw,machine,0,Regulation M-A,
697,"",Tyrantrum,dragon-dance,machine,0,Regulation M-A,
697,"",Tyrantrum,dragon-pulse,machine,0,Regulation M-A,
697,"",Tyrantrum,dragon-tail,machine,0,Regulation M-A,
697,"",Tyrantrum,earth-power,machine,0,Regulation M-A,
697,"",Tyrantrum,earthquake,machine,0,Regulation M-A,
697,"",Tyrantrum,endure,machine,0,Regulation M-A,
697,"",Tyrantrum,facade,machine,0,Regulation M-A,
697,"",Tyrantrum,fire-fang,machine,0,Regulation M-A,
697,"",Tyrantrum,giga-impact,machine,0,Regulation M-A,
697,"",Tyrantrum,head-smash,machine,0,Regulation M-A,
697,"",Tyrantrum,high-horsepower,machine,0,Regulation M-A,
697,"",Tyrantrum,horn-drill,machine,0,Regulation M-A,
697,"",Tyrantrum,hyper-beam,machine,0,Regulation M-A,
697,"",Tyrantrum,hyper-voice,machine,0,Regulation M-A,
697,"",Tyrantrum,ice-fang,machine,0,Regulation M-A,
697,"",Tyrantrum,iron-defense,machine,0,Regulation M-A,
697,"",Tyrantrum,iron-head,machine,0,Regulation M-A,
697,"",Tyrantrum,iron-tail,machine,0,Regulation M-A,
697,"",Tyrantrum,lash-out,machine,0,Regulation M-A,
697,"",Tyrantrum,meteor-beam,machine,0,Regulation M-A,
697,"",Tyrantrum,outrage,machine,0,Regulation M-A,
697,"",Tyrantrum,play-rough,machine,0,Regulation M-A,
697,"",Tyrantrum,poison-fang,machine,0,Regulation M-A,
697,"",Tyrantrum,protect,machine,0,Regulation M-A,
697,"",Tyrantrum,psychic-fangs,machine,0,Regulation M-A,
697,"",Tyrantrum,rest,machine,0,Regulation M-A,
697,"",Tyrantrum,roar,machine,0,Regulation M-A,
697,"",Tyrantrum,rock-blast,machine,0,Regulation M-A,
697,"",Tyrantrum,rock-polish,machine,0,Regulation M-A,
697,"",Tyrantrum,rock-slide,machine,0,Regulation M-A,
697,"",Tyrantrum,rock-tomb,machine,0,Regulation M-A,
697,"",Tyrantrum,round,machine,0,Regulation M-A,
697,"",Tyrantrum,sandstorm,machine,0,Regulation M-A,
697,"",Tyrantrum,scale-shot,machine,0,Regulation M-A,
697,"",Tyrantrum,scary-face,machine,0,Regulation M-A,
697,"",Tyrantrum,sleep-talk,machine,0,Regulation M-A,
697,"",Tyrantrum,snore,machine,0,Regulation M-A,
697,"",Tyrantrum,stealth-rock,machine,0,Regulation M-A,
697,"",Tyrantrum,stomping-tantrum,machine,0,Regulation M-A,
697,"",Tyrantrum,stone-edge,machine,0,Regulation M-A,
697,"",Tyrantrum,substitute,machine,0,Regulation M-A,
697,"",Tyrantrum,sunny-day,machine,0,Regulation M-A,
697,"",Tyrantrum,superpower,machine,0,Regulation M-A,
697,"",Tyrantrum,thrash,machine,0,Regulation M-A,
697,"",Tyrantrum,thunder-fang,machine,0,Regulation M-A,
697,"",Tyrantrum,zen-headbutt,machine,0,Regulation M-A,
699,"",Aurorus,ancient-power,machine,0,Regulation M-A,
699,"",Aurorus,attract,machine,0,Regulation M-A,
699,"",Aurorus,aurora-veil,machine,0,Regulation M-A,
699,"",Aurorus,avalanche,machine,0,Regulation M-A,
699,"",Aurorus,blizzard,machine,0,Regulation M-A,
699,"",Aurorus,body-slam,machine,0,Regulation M-A,
699,"",Aurorus,bulldoze,machine,0,Regulation M-A,
699,"",Aurorus,calm-mind,machine,0,Regulation M-A,
699,"",Aurorus,chilling-water,machine,0,Regulation M-A,
699,"",Aurorus,dark-pulse,machine,0,Regulation M-A,
699,"",Aurorus,discharge,machine,0,Regulation M-A,
699,"",Aurorus,earth-power,machine,0,Regulation M-A,
699,"",Aurorus,earthquake,machine,0,Regulation M-A,
699,"",Aurorus,encore,machine,0,Regulation M-A,
699,"",Aurorus,endure,machine,0,Regulation M-A,
699,"",Aurorus,facade,machine,0,Regulation M-A,
699,"",Aurorus,flash-cannon,machine,0,Regulation M-A,
699,"",Aurorus,freeze-dry,machine,0,Regulation M-A,
699,"",Aurorus,giga-impact,machine,0,Regulation M-A,
699,"",Aurorus,haze,machine,0,Regulation M-A,
699,"",Aurorus,hyper-beam,machine,0,Regulation M-A,
699,"",Aurorus,hyper-voice,machine,0,Regulation M-A,
699,"",Aurorus,ice-beam,machine,0,Regulation M-A,
699,"",Aurorus,ice-spinner,machine,0,Regulation M-A,
699,"",Aurorus,icicle-spear,machine,0,Regulation M-A,
699,"",Aurorus,icy-wind,machine,0,Regulation M-A,
699,"",Aurorus,iron-defense,machine,0,Regulation M-A,
699,"",Aurorus,iron-head,machine,0,Regulation M-A,
699,"",Aurorus,iron-tail,machine,0,Regulation M-A,
699,"",Aurorus,light-screen,machine,0,Regulation M-A,
699,"",Aurorus,meteor-beam,machine,0,Regulation M-A,
699,"",Aurorus,mirror-coat,machine,0,Regulation M-A,
699,"",Aurorus,mud-shot,machine,0,Regulation M-A,
699,"",Aurorus,outrage,machine,0,Regulation M-A,
699,"",Aurorus,protect,machine,0,Regulation M-A,
699,"",Aurorus,psychic,machine,0,Regulation M-A,
699,"",Aurorus,rain-dance,machine,0,Regulation M-A,
699,"",Aurorus,reflect,machine,0,Regulation M-A,
699,"",Aurorus,rest,machine,0,Regulation M-A,
699,"",Aurorus,rock-blast,machine,0,Regulation M-A,
699,"",Aurorus,rock-slide,machine,0,Regulation M-A,
699,"",Aurorus,rock-tomb,machine,0,Regulation M-A,
699,"",Aurorus,round,machine,0,Regulation M-A,
699,"",Aurorus,safeguard,machine,0,Regulation M-A,
699,"",Aurorus,sandstorm,machine,0,Regulation M-A,
699,"",Aurorus,sleep-talk,machine,0,Regulation M-A,
699,"",Aurorus,snore,machine,0,Regulation M-A,
699,"",Aurorus,snowscape,machine,0,Regulation M-A,
699,"",Aurorus,stealth-rock,machine,0,Regulation M-A,
699,"",Aurorus,stone-edge,machine,0,Regulation M-A,
699,"",Aurorus,substitute,machine,0,Regulation M-A,
699,"",Aurorus,thunder,machine,0,Regulation M-A,
699,"",Aurorus,thunder-wave,machine,0,Regulation M-A,
699,"",Aurorus,thunderbolt,machine,0,Regulation M-A,
699,"",Aurorus,weather-ball,machine,0,Regulation M-A,
699,"",Aurorus,zen-headbutt,machine,0,Regulation M-A,
700,"",Sylveon,alluring-voice,machine,0,Regulation M-A,
700,"",Sylveon,baby-doll-eyes,machine,0,Regulation M-A,
700,"",Sylveon,baton-pass,machine,0,Regulation M-A,
700,"",Sylveon,bite,machine,0,Regulation M-A,
700,"",Sylveon,body-slam,machine,0,Regulation M-A,
700,"",Sylveon,calm-mind,machine,0,Regulation M-A,
700,"",Sylveon,charm,machine,0,Regulation M-A,
700,"",Sylveon,copycat,machine,0,Regulation M-A,
700,"",Sylveon,covet,machine,0,Regulation M-A,
700,"",Sylveon,curse,machine,0,Regulation M-A,
700,"",Sylveon,dazzling-gleam,machine,0,Regulation M-A,
700,"",Sylveon,detect,machine,0,Regulation M-A,
700,"",Sylveon,dig,machine,0,Regulation M-A,
700,"",Sylveon,double-edge,machine,0,Regulation M-A,
700,"",Sylveon,draining-kiss,machine,0,Regulation M-A,
700,"",Sylveon,endure,machine,0,Regulation M-A,
700,"",Sylveon,facade,machine,0,Regulation M-A,
700,"",Sylveon,fake-tears,machine,0,Regulation M-A,
700,"",Sylveon,flail,machine,0,Regulation M-A,
700,"",Sylveon,focus-energy,machine,0,Regulation M-A,
700,"",Sylveon,giga-impact,machine,0,Regulation M-A,
700,"",Sylveon,helping-hand,machine,0,Regulation M-A,
700,"",Sylveon,hyper-beam,machine,0,Regulation M-A,
700,"",Sylveon,hyper-voice,machine,0,Regulation M-A,
700,"",Sylveon,last-resort,machine,0,Regulation M-A,
700,"",Sylveon,light-screen,machine,0,Regulation M-A,
700,"",Sylveon,misty-explosion,machine,0,Regulation M-A,
700,"",Sylveon,misty-terrain,machine,0,Regulation M-A,
700,"",Sylveon,moonblast,machine,0,Regulation M-A,
700,"",Sylveon,mud-slap,machine,0,Regulation M-A,
700,"",Sylveon,mystical-fire,machine,0,Regulation M-A,
700,"",Sylveon,play-rough,machine,0,Regulation M-A,
700,"",Sylveon,protect,machine,0,Regulation M-A,
700,"",Sylveon,psych-up,machine,0,Regulation M-A,
700,"",Sylveon,psychic,machine,0,Regulation M-A,
700,"",Sylveon,psyshock,machine,0,Regulation M-A,
700,"",Sylveon,quick-attack,machine,0,Regulation M-A,
700,"",Sylveon,rain-dance,machine,0,Regulation M-A,
700,"",Sylveon,reflect,machine,0,Regulation M-A,
700,"",Sylveon,rest,machine,0,Regulation M-A,
700,"",Sylveon,roar,machine,0,Regulation M-A,
700,"",Sylveon,round,machine,0,Regulation M-A,
700,"",Sylveon,safeguard,machine,0,Regulation M-A,
700,"",Sylveon,shadow-ball,machine,0,Regulation M-A,
700,"",Sylveon,skill-swap,machine,0,Regulation M-A,
700,"",Sylveon,sleep-talk,machine,0,Regulation M-A,
700,"",Sylveon,snore,machine,0,Regulation M-A,
700,"",Sylveon,stored-power,machine,0,Regulation M-A,
700,"",Sylveon,substitute,machine,0,Regulation M-A,
700,"",Sylveon,sunny-day,machine,0,Regulation M-A,
700,"",Sylveon,tickle,machine,0,Regulation M-A,
700,"",Sylveon,trailblaze,machine,0,Regulation M-A,
700,"",Sylveon,weather-ball,machine,0,Regulation M-A,
700,"",Sylveon,wish,machine,0,Regulation M-A,
700,"",Sylveon,yawn,machine,0,Regulation M-A,
701,"",Hawlucha,acrobatics,machine,0,Regulation M-A,
701,"",Hawlucha,aerial-ace,machine,0,Regulation M-A,
701,"",Hawlucha,agility,machine,0,Regulation M-A,
701,"",Hawlucha,air-slash,machine,0,Regulation M-A,
701,"",Hawlucha,assurance,machine,0,Regulation M-A,
701,"",Hawlucha,baton-pass,machine,0,Regulation M-A,
701,"",Hawlucha,body-press,machine,0,Regulation M-A,
701,"",Hawlucha,body-slam,machine,0,Regulation M-A,
701,"",Hawlucha,bounce,machine,0,Regulation M-A,
701,"",Hawlucha,brave-bird,machine,0,Regulation M-A,
701,"",Hawlucha,brick-break,machine,0,Regulation M-A,
701,"",Hawlucha,bulk-up,machine,0,Regulation M-A,
701,"",Hawlucha,close-combat,machine,0,Regulation M-A,
701,"",Hawlucha,coaching,machine,0,Regulation M-A,
701,"",Hawlucha,cross-chop,machine,0,Regulation M-A,
701,"",Hawlucha,defog,machine,0,Regulation M-A,
701,"",Hawlucha,detect,machine,0,Regulation M-A,
701,"",Hawlucha,dig,machine,0,Regulation M-A,
701,"",Hawlucha,drain-punch,machine,0,Regulation M-A,
701,"",Hawlucha,dual-wingbeat,machine,0,Regulation M-A,
701,"",Hawlucha,encore,machine,0,Regulation M-A,
701,"",Hawlucha,endeavor,machine,0,Regulation M-A,
701,"",Hawlucha,endure,machine,0,Regulation M-A,
701,"",Hawlucha,entrainment,machine,0,Regulation M-A,
701,"",Hawlucha,facade,machine,0,Regulation M-A,
701,"",Hawlucha,feather-dance,machine,0,Regulation M-A,
701,"",Hawlucha,feint,machine,0,Regulation M-A,
701,"",Hawlucha,fire-punch,machine,0,Regulation M-A,
701,"",Hawlucha,fling,machine,0,Regulation M-A,
701,"",Hawlucha,fly,machine,0,Regulation M-A,
701,"",Hawlucha,flying-press,machine,0,Regulation M-A,
701,"",Hawlucha,focus-blast,machine,0,Regulation M-A,
701,"",Hawlucha,focus-punch,machine,0,Regulation M-A,
701,"",Hawlucha,giga-impact,machine,0,Regulation M-A,
701,"",Hawlucha,grass-knot,machine,0,Regulation M-A,
701,"",Hawlucha,helping-hand,machine,0,Regulation M-A,
701,"",Hawlucha,high-jump-kick,machine,0,Regulation M-A,
701,"",Hawlucha,hyper-beam,machine,0,Regulation M-A,
701,"",Hawlucha,iron-head,machine,0,Regulation M-A,
701,"",Hawlucha,low-kick,machine,0,Regulation M-A,
701,"",Hawlucha,low-sweep,machine,0,Regulation M-A,
701,"",Hawlucha,lunge,machine,0,Regulation M-A,
701,"",Hawlucha,mean-look,machine,0,Regulation M-A,
701,"",Hawlucha,mega-kick,machine,0,Regulation M-A,
701,"",Hawlucha,payback,machine,0,Regulation M-A,
701,"",Hawlucha,poison-jab,machine,0,Regulation M-A,
701,"",Hawlucha,protect,machine,0,Regulation M-A,
701,"",Hawlucha,quick-guard,machine,0,Regulation M-A,
701,"",Hawlucha,rain-dance,machine,0,Regulation M-A,
701,"",Hawlucha,rest,machine,0,Regulation M-A,
701,"",Hawlucha,reversal,machine,0,Regulation M-A,
701,"",Hawlucha,rock-slide,machine,0,Regulation M-A,
701,"",Hawlucha,rock-tomb,machine,0,Regulation M-A,
701,"",Hawlucha,roost,machine,0,Regulation M-A,
701,"",Hawlucha,round,machine,0,Regulation M-A,
701,"",Hawlucha,sky-attack,machine,0,Regulation M-A,
701,"",Hawlucha,sleep-talk,machine,0,Regulation M-A,
701,"",Hawlucha,snore,machine,0,Regulation M-A,
701,"",Hawlucha,steel-wing,machine,0,Regulation M-A,
701,"",Hawlucha,stone-edge,machine,0,Regulation M-A,
701,"",Hawlucha,substitute,machine,0,Regulation M-A,
701,"",Hawlucha,sunny-day,machine,0,Regulation M-A,
701,"",Hawlucha,superpower,machine,0,Regulation M-A,
701,"",Hawlucha,swords-dance,machine,0,Regulation M-A,
701,"",Hawlucha,taunt,machine,0,Regulation M-A,
701,"",Hawlucha,thief,machine,0,Regulation M-A,
701,"",Hawlucha,throat-chop,machine,0,Regulation M-A,
701,"",Hawlucha,thunder-punch,machine,0,Regulation M-A,
701,"",Hawlucha,trailblaze,machine,0,Regulation M-A,
701,"",Hawlucha,u-turn,machine,0,Regulation M-A,
701,"",Hawlucha,upper-hand,machine,0,Regulation M-A,
701,"",Hawlucha,uproar,machine,0,Regulation M-A,
701,"",Hawlucha,x-scissor,machine,0,Regulation M-A,
701,"",Hawlucha,zen-headbutt,machine,0,Regulation M-A,
702,"",Dedenne,agility,machine,0,Regulation M-A,
702,"",Dedenne,charge,machine,0,Regulation M-A,
702,"",Dedenne,charge-beam,machine,0,Regulation M-A,
702,"",Dedenne,charm,machine,0,Regulation M-A,
702,"",Dedenne,covet,machine,0,Regulation M-A,
702,"",Dedenne,dazzling-gleam,machine,0,Regulation M-A,
702,"",Dedenne,dig,machine,0,Regulation M-A,
702,"",Dedenne,discharge,machine,0,Regulation M-A,
702,"",Dedenne,draining-kiss,machine,0,Regulation M-A,
702,"",Dedenne,eerie-impulse,machine,0,Regulation M-A,
702,"",Dedenne,electric-terrain,machine,0,Regulation M-A,
702,"",Dedenne,electro-ball,machine,0,Regulation M-A,
702,"",Dedenne,electroweb,machine,0,Regulation M-A,
702,"",Dedenne,endeavor,machine,0,Regulation M-A,
702,"",Dedenne,endure,machine,0,Regulation M-A,
702,"",Dedenne,entrainment,machine,0,Regulation M-A,
702,"",Dedenne,facade,machine,0,Regulation M-A,
702,"",Dedenne,fling,machine,0,Regulation M-A,
702,"",Dedenne,giga-impact,machine,0,Regulation M-A,
702,"",Dedenne,grass-knot,machine,0,Regulation M-A,
702,"",Dedenne,helping-hand,machine,0,Regulation M-A,
702,"",Dedenne,hyper-beam,machine,0,Regulation M-A,
702,"",Dedenne,iron-tail,machine,0,Regulation M-A,
702,"",Dedenne,light-screen,machine,0,Regulation M-A,
702,"",Dedenne,magnet-rise,machine,0,Regulation M-A,
702,"",Dedenne,misty-terrain,machine,0,Regulation M-A,
702,"",Dedenne,nuzzle,machine,0,Regulation M-A,
702,"",Dedenne,parabolic-charge,machine,0,Regulation M-A,
702,"",Dedenne,play-rough,machine,0,Regulation M-A,
702,"",Dedenne,protect,machine,0,Regulation M-A,
702,"",Dedenne,rain-dance,machine,0,Regulation M-A,
702,"",Dedenne,rest,machine,0,Regulation M-A,
702,"",Dedenne,rising-voltage,machine,0,Regulation M-A,
702,"",Dedenne,round,machine,0,Regulation M-A,
702,"",Dedenne,seed-bomb,machine,0,Regulation M-A,
702,"",Dedenne,sleep-talk,machine,0,Regulation M-A,
702,"",Dedenne,snore,machine,0,Regulation M-A,
702,"",Dedenne,substitute,machine,0,Regulation M-A,
702,"",Dedenne,sunny-day,machine,0,Regulation M-A,
702,"",Dedenne,super-fang,machine,0,Regulation M-A,
702,"",Dedenne,tearful-look,machine,0,Regulation M-A,
702,"",Dedenne,thief,machine,0,Regulation M-A,
702,"",Dedenne,thunder,machine,0,Regulation M-A,
702,"",Dedenne,thunder-punch,machine,0,Regulation M-A,
702,"",Dedenne,thunder-wave,machine,0,Regulation M-A,
702,"",Dedenne,thunderbolt,machine,0,Regulation M-A,
702,"",Dedenne,trailblaze,machine,0,Regulation M-A,
702,"",Dedenne,u-turn,machine,0,Regulation M-A,
702,"",Dedenne,volt-switch,machine,0,Regulation M-A,
702,"",Dedenne,wild-charge,machine,0,Regulation M-A,
706,"",Goodra,acid-armor,machine,0,Regulation M-A,
706,"",Goodra,acid-spray,machine,0,Regulation M-A,
706,"",Goodra,aqua-tail,machine,0,Regulation M-A,
706,"",Goodra,assurance,machine,0,Regulation M-A,
706,"",Goodra,blizzard,machine,0,Regulation M-A,
706,"",Goodra,body-press,machine,0,Regulation M-A,
706,"",Goodra,body-slam,machine,0,Regulation M-A,
706,"",Goodra,breaking-swipe,machine,0,Regulation M-A,
706,"",Goodra,brutal-swing,machine,0,Regulation M-A,
706,"",Goodra,bulldoze,machine,0,Regulation M-A,
706,"",Goodra,charm,machine,0,Regulation M-A,
706,"",Goodra,chilling-water,machine,0,Regulation M-A,
706,"",Goodra,counter,machine,0,Regulation M-A,
706,"",Goodra,curse,machine,0,Regulation M-A,
706,"",Goodra,draco-meteor,machine,0,Regulation M-A,
706,"",Goodra,dragon-cheer,machine,0,Regulation M-A,
706,"",Goodra,dragon-claw,machine,0,Regulation M-A,
706,"",Goodra,dragon-pulse,machine,0,Regulation M-A,
706,"",Goodra,dragon-tail,machine,0,Regulation M-A,
706,"",Goodra,earthquake,machine,0,Regulation M-A,
706,"",Goodra,endure,machine,0,Regulation M-A,
706,"",Goodra,facade,machine,0,Regulation M-A,
706,"",Goodra,feint,machine,0,Regulation M-A,
706,"",Goodra,fire-blast,machine,0,Regulation M-A,
706,"",Goodra,fire-punch,machine,0,Regulation M-A,
706,"",Goodra,flail,machine,0,Regulation M-A,
706,"",Goodra,flamethrower,machine,0,Regulation M-A,
706,"",Goodra,focus-blast,machine,0,Regulation M-A,
706,"",Goodra,focus-punch,machine,0,Regulation M-A,
706,"",Goodra,giga-drain,machine,0,Regulation M-A,
706,"",Goodra,giga-impact,machine,0,Regulation M-A,
706,"",Goodra,hydro-pump,machine,0,Regulation M-A,
706,"",Goodra,hyper-beam,machine,0,Regulation M-A,
706,"",Goodra,ice-beam,machine,0,Regulation M-A,
706,"",Goodra,iron-tail,machine,0,Regulation M-A,
706,"",Goodra,knock-off,machine,0,Regulation M-A,
706,"",Goodra,life-dew,machine,0,Regulation M-A,
706,"",Goodra,mega-kick,machine,0,Regulation M-A,
706,"",Goodra,mud-shot,machine,0,Regulation M-A,
706,"",Goodra,muddy-water,machine,0,Regulation M-A,
706,"",Goodra,outrage,machine,0,Regulation M-A,
706,"",Goodra,power-whip,machine,0,Regulation M-A,
706,"",Goodra,protect,machine,0,Regulation M-A,
706,"",Goodra,rain-dance,machine,0,Regulation M-A,
706,"",Goodra,rest,machine,0,Regulation M-A,
706,"",Goodra,rock-slide,machine,0,Regulation M-A,
706,"",Goodra,round,machine,0,Regulation M-A,
706,"",Goodra,scald,machine,0,Regulation M-A,
706,"",Goodra,skitter-smack,machine,0,Regulation M-A,
706,"",Goodra,sleep-talk,machine,0,Regulation M-A,
706,"",Goodra,sludge-bomb,machine,0,Regulation M-A,
706,"",Goodra,sludge-wave,machine,0,Regulation M-A,
706,"",Goodra,snore,machine,0,Regulation M-A,
706,"",Goodra,stomping-tantrum,machine,0,Regulation M-A,
706,"",Goodra,substitute,machine,0,Regulation M-A,
706,"",Goodra,sunny-day,machine,0,Regulation M-A,
706,"",Goodra,superpower,machine,0,Regulation M-A,
706,"",Goodra,surf,machine,0,Regulation M-A,
706,"",Goodra,tearful-look,machine,0,Regulation M-A,
706,"",Goodra,thunder,machine,0,Regulation M-A,
706,"",Goodra,thunder-punch,machine,0,Regulation M-A,
706,"",Goodra,thunderbolt,machine,0,Regulation M-A,
706,"",Goodra,toxic,machine,0,Regulation M-A,
706,"",Goodra,water-pulse,machine,0,Regulation M-A,
706,"",Goodra,weather-ball,machine,0,Regulation M-A,
706,hisui,Goodra-Hisui,acid-spray,machine,0,Regulation M-A,
706,hisui,Goodra-Hisui,ancient-power,machine,0,Regulation M-A,
706,hisui,Goodra-Hisui,blizzard,machine,0,Regulation M-A,
706,hisui,Goodra-Hisui,body-press,machine,0,Regulation M-A,
706,hisui,Goodra-Hisui,body-slam,machine,0,Regulation M-A,
706,hisui,Goodra-Hisui,breaking-swipe,machine,0,Regulation M-A,
706,hisui,Goodra-Hisui,bulldoze,machine,0,Regulation M-A,
706,hisui,Goodra-Hisui,charm,machine,0,Regulation M-A,
706,hisui,Goodra-Hisui,chilling-water,machine,0,Regulation M-A,
706,hisui,Goodra-Hisui,counter,machine,0,Regulation M-A,
706,hisui,Goodra-Hisui,curse,machine,0,Regulation M-A,
706,hisui,Goodra-Hisui,draco-meteor,machine,0,Regulation M-A,
706,hisui,Goodra-Hisui,dragon-cheer,machine,0,Regulation M-A,
706,hisui,Goodra-Hisui,dragon-claw,machine,0,Regulation M-A,
706,hisui,Goodra-Hisui,dragon-pulse,machine,0,Regulation M-A,
706,hisui,Goodra-Hisui,dragon-tail,machine,0,Regulation M-A,
706,hisui,Goodra-Hisui,earthquake,machine,0,Regulation M-A,
706,hisui,Goodra-Hisui,endure,machine,0,Regulation M-A,
706,hisui,Goodra-Hisui,facade,machine,0,Regulation M-A,
706,hisui,Goodra-Hisui,feint,machine,0,Regulation M-A,
706,hisui,Goodra-Hisui,fire-blast,machine,0,Regulation M-A,
706,hisui,Goodra-Hisui,fire-punch,machine,0,Regulation M-A,
706,hisui,Goodra-Hisui,flail,machine,0,Regulation M-A,
706,hisui,Goodra-Hisui,flamethrower,machine,0,Regulation M-A,
706,hisui,Goodra-Hisui,flash-cannon,machine,0,Regulation M-A,
706,hisui,Goodra-Hisui,giga-impact,machine,0,Regulation M-A,
706,hisui,Goodra-Hisui,gyro-ball,machine,0,Regulation M-A,
706,hisui,Goodra-Hisui,heavy-slam,machine,0,Regulation M-A,
706,hisui,Goodra-Hisui,hydro-pump,machine,0,Regulation M-A,
706,hisui,Goodra-Hisui,hyper-beam,machine,0,Regulation M-A,
706,hisui,Goodra-Hisui,ice-beam,machine,0,Regulation M-A,
706,hisui,Goodra-Hisui,ice-spinner,machine,0,Regulation M-A,
706,hisui,Goodra-Hisui,iron-head,machine,0,Regulation M-A,
706,hisui,Goodra-Hisui,iron-tail,machine,0,Regulation M-A,
706,hisui,Goodra-Hisui,knock-off,machine,0,Regulation M-A,
706,hisui,Goodra-Hisui,lash-out,machine,0,Regulation M-A,
706,hisui,Goodra-Hisui,life-dew,machine,0,Regulation M-A,
706,hisui,Goodra-Hisui,mud-shot,machine,0,Regulation M-A,
706,hisui,Goodra-Hisui,muddy-water,machine,0,Regulation M-A,
706,hisui,Goodra-Hisui,outrage,machine,0,Regulation M-A,
706,hisui,Goodra-Hisui,protect,machine,0,Regulation M-A,
706,hisui,Goodra-Hisui,rain-dance,machine,0,Regulation M-A,
706,hisui,Goodra-Hisui,rest,machine,0,Regulation M-A,
706,hisui,Goodra-Hisui,rock-slide,machine,0,Regulation M-A,
706,hisui,Goodra-Hisui,rock-tomb,machine,0,Regulation M-A,
706,hisui,Goodra-Hisui,sandstorm,machine,0,Regulation M-A,
706,hisui,Goodra-Hisui,scary-face,machine,0,Regulation M-A,
706,hisui,Goodra-Hisui,shelter,machine,0,Regulation M-A,
706,hisui,Goodra-Hisui,skitter-smack,machine,0,Regulation M-A,
706,hisui,Goodra-Hisui,sleep-talk,machine,0,Regulation M-A,
706,hisui,Goodra-Hisui,sludge-bomb,machine,0,Regulation M-A,
706,hisui,Goodra-Hisui,sludge-wave,machine,0,Regulation M-A,
706,hisui,Goodra-Hisui,steel-beam,machine,0,Regulation M-A,
706,hisui,Goodra-Hisui,stomping-tantrum,machine,0,Regulation M-A,
706,hisui,Goodra-Hisui,substitute,machine,0,Regulation M-A,
706,hisui,Goodra-Hisui,sunny-day,machine,0,Regulation M-A,
706,hisui,Goodra-Hisui,surf,machine,0,Regulation M-A,
706,hisui,Goodra-Hisui,tearful-look,machine,0,Regulation M-A,
706,hisui,Goodra-Hisui,thunder,machine,0,Regulation M-A,
706,hisui,Goodra-Hisui,thunder-punch,machine,0,Regulation M-A,
706,hisui,Goodra-Hisui,thunderbolt,machine,0,Regulation M-A,
706,hisui,Goodra-Hisui,water-pulse,machine,0,Regulation M-A,
706,hisui,Goodra-Hisui,weather-ball,machine,0,Regulation M-A,
707,"",Klefki,calm-mind,machine,0,Regulation M-A,
707,"",Klefki,dazzling-gleam,machine,0,Regulation M-A,
707,"",Klefki,draining-kiss,machine,0,Regulation M-A,
707,"",Klefki,endure,machine,0,Regulation M-A,
707,"",Klefki,facade,machine,0,Regulation M-A,
707,"",Klefki,fairy-lock,machine,0,Regulation M-A,
707,"",Klefki,flash-cannon,machine,0,Regulation M-A,
707,"",Klefki,foul-play,machine,0,Regulation M-A,
707,"",Klefki,future-sight,machine,0,Regulation M-A,
707,"",Klefki,giga-impact,machine,0,Regulation M-A,
707,"",Klefki,hyper-beam,machine,0,Regulation M-A,
707,"",Klefki,imprison,machine,0,Regulation M-A,
707,"",Klefki,iron-defense,machine,0,Regulation M-A,
707,"",Klefki,last-resort,machine,0,Regulation M-A,
707,"",Klefki,light-screen,machine,0,Regulation M-A,
707,"",Klefki,magic-room,machine,0,Regulation M-A,
707,"",Klefki,magnet-rise,machine,0,Regulation M-A,
707,"",Klefki,metal-sound,machine,0,Regulation M-A,
707,"",Klefki,misty-terrain,machine,0,Regulation M-A,
707,"",Klefki,play-rough,machine,0,Regulation M-A,
707,"",Klefki,protect,machine,0,Regulation M-A,
707,"",Klefki,psych-up,machine,0,Regulation M-A,
707,"",Klefki,psychic,machine,0,Regulation M-A,
707,"",Klefki,psyshock,machine,0,Regulation M-A,
707,"",Klefki,rain-dance,machine,0,Regulation M-A,
707,"",Klefki,recycle,machine,0,Regulation M-A,
707,"",Klefki,reflect,machine,0,Regulation M-A,
707,"",Klefki,rest,machine,0,Regulation M-A,
707,"",Klefki,round,machine,0,Regulation M-A,
707,"",Klefki,safeguard,machine,0,Regulation M-A,
707,"",Klefki,sandstorm,machine,0,Regulation M-A,
707,"",Klefki,skitter-smack,machine,0,Regulation M-A,
707,"",Klefki,sleep-talk,machine,0,Regulation M-A,
707,"",Klefki,snore,machine,0,Regulation M-A,
707,"",Klefki,spikes,machine,0,Regulation M-A,
707,"",Klefki,steel-beam,machine,0,Regulation M-A,
707,"",Klefki,stored-power,machine,0,Regulation M-A,
707,"",Klefki,substitute,machine,0,Regulation M-A,
707,"",Klefki,sunny-day,machine,0,Regulation M-A,
707,"",Klefki,switcheroo,machine,0,Regulation M-A,
707,"",Klefki,thief,machine,0,Regulation M-A,
707,"",Klefki,thunder-wave,machine,0,Regulation M-A,
707,"",Klefki,torment,machine,0,Regulation M-A,
707,"",Klefki,trick-room,machine,0,Regulation M-A,
709,"",Trevenant,ally-switch,machine,0,Regulation M-A,
709,"",Trevenant,brutal-swing,machine,0,Regulation M-A,
709,"",Trevenant,bulldoze,machine,0,Regulation M-A,
709,"",Trevenant,burning-jealousy,machine,0,Regulation M-A,
709,"",Trevenant,calm-mind,machine,0,Regulation M-A,
709,"",Trevenant,confuse-ray,machine,0,Regulation M-A,
709,"",Trevenant,curse,machine,0,Regulation M-A,
709,"",Trevenant,dark-pulse,machine,0,Regulation M-A,
709,"",Trevenant,destiny-bond,machine,0,Regulation M-A,
709,"",Trevenant,dig,machine,0,Regulation M-A,
709,"",Trevenant,disable,machine,0,Regulation M-A,
709,"",Trevenant,drain-punch,machine,0,Regulation M-A,
709,"",Trevenant,earthquake,machine,0,Regulation M-A,
709,"",Trevenant,endure,machine,0,Regulation M-A,
709,"",Trevenant,energy-ball,machine,0,Regulation M-A,
709,"",Trevenant,facade,machine,0,Regulation M-A,
709,"",Trevenant,focus-blast,machine,0,Regulation M-A,
709,"",Trevenant,forests-curse,machine,0,Regulation M-A,
709,"",Trevenant,foul-play,machine,0,Regulation M-A,
709,"",Trevenant,giga-drain,machine,0,Regulation M-A,
709,"",Trevenant,giga-impact,machine,0,Regulation M-A,
709,"",Trevenant,grass-knot,machine,0,Regulation M-A,
709,"",Trevenant,grassy-glide,machine,0,Regulation M-A,
709,"",Trevenant,grassy-terrain,machine,0,Regulation M-A,
709,"",Trevenant,growth,machine,0,Regulation M-A,
709,"",Trevenant,haze,machine,0,Regulation M-A,
709,"",Trevenant,hex,machine,0,Regulation M-A,
709,"",Trevenant,horn-leech,machine,0,Regulation M-A,
709,"",Trevenant,hyper-beam,machine,0,Regulation M-A,
709,"",Trevenant,imprison,machine,0,Regulation M-A,
709,"",Trevenant,ingrain,machine,0,Regulation M-A,
709,"",Trevenant,knock-off,machine,0,Regulation M-A,
709,"",Trevenant,lash-out,machine,0,Regulation M-A,
709,"",Trevenant,leaf-storm,machine,0,Regulation M-A,
709,"",Trevenant,leech-seed,machine,0,Regulation M-A,
709,"",Trevenant,night-shade,machine,0,Regulation M-A,
709,"",Trevenant,pain-split,machine,0,Regulation M-A,
709,"",Trevenant,phantom-force,machine,0,Regulation M-A,
709,"",Trevenant,poison-jab,machine,0,Regulation M-A,
709,"",Trevenant,poltergeist,machine,0,Regulation M-A,
709,"",Trevenant,protect,machine,0,Regulation M-A,
709,"",Trevenant,psych-up,machine,0,Regulation M-A,
709,"",Trevenant,psychic,machine,0,Regulation M-A,
709,"",Trevenant,psychic-noise,machine,0,Regulation M-A,
709,"",Trevenant,rain-dance,machine,0,Regulation M-A,
709,"",Trevenant,reflect,machine,0,Regulation M-A,
709,"",Trevenant,rest,machine,0,Regulation M-A,
709,"",Trevenant,rock-slide,machine,0,Regulation M-A,
709,"",Trevenant,round,machine,0,Regulation M-A,
709,"",Trevenant,safeguard,machine,0,Regulation M-A,
709,"",Trevenant,scary-face,machine,0,Regulation M-A,
709,"",Trevenant,seed-bomb,machine,0,Regulation M-A,
709,"",Trevenant,shadow-ball,machine,0,Regulation M-A,
709,"",Trevenant,shadow-claw,machine,0,Regulation M-A,
709,"",Trevenant,shadow-punch,machine,0,Regulation M-A,
709,"",Trevenant,skill-swap,machine,0,Regulation M-A,
709,"",Trevenant,skitter-smack,machine,0,Regulation M-A,
709,"",Trevenant,sleep-talk,machine,0,Regulation M-A,
709,"",Trevenant,snore,machine,0,Regulation M-A,
709,"",Trevenant,solar-beam,machine,0,Regulation M-A,
709,"",Trevenant,spite,machine,0,Regulation M-A,
709,"",Trevenant,substitute,machine,0,Regulation M-A,
709,"",Trevenant,sucker-punch,machine,0,Regulation M-A,
709,"",Trevenant,sunny-day,machine,0,Regulation M-A,
709,"",Trevenant,swagger,machine,0,Regulation M-A,
709,"",Trevenant,thief,machine,0,Regulation M-A,
709,"",Trevenant,toxic,machine,0,Regulation M-A,
709,"",Trevenant,trailblaze,machine,0,Regulation M-A,
709,"",Trevenant,trick,machine,0,Regulation M-A,
709,"",Trevenant,trick-room,machine,0,Regulation M-A,
709,"",Trevenant,will-o-wisp,machine,0,Regulation M-A,
709,"",Trevenant,wood-hammer,machine,0,Regulation M-A,
709,"",Trevenant,x-scissor,machine,0,Regulation M-A,
711,"",Gourgeist,ally-switch,machine,0,Regulation M-A,
711,"",Gourgeist,attract,machine,0,Regulation M-A,
711,"",Gourgeist,brutal-swing,machine,0,Regulation M-A,
711,"",Gourgeist,bullet-seed,machine,0,Regulation M-A,
711,"",Gourgeist,confuse-ray,machine,0,Regulation M-A,
711,"",Gourgeist,curse,machine,0,Regulation M-A,
711,"",Gourgeist,dark-pulse,machine,0,Regulation M-A,
711,"",Gourgeist,destiny-bond,machine,0,Regulation M-A,
711,"",Gourgeist,disable,machine,0,Regulation M-A,
711,"",Gourgeist,endure,machine,0,Regulation M-A,
711,"",Gourgeist,energy-ball,machine,0,Regulation M-A,
711,"",Gourgeist,explosion,machine,0,Regulation M-A,
711,"",Gourgeist,facade,machine,0,Regulation M-A,
711,"",Gourgeist,fire-blast,machine,0,Regulation M-A,
711,"",Gourgeist,flamethrower,machine,0,Regulation M-A,
711,"",Gourgeist,focus-blast,machine,0,Regulation M-A,
711,"",Gourgeist,foul-play,machine,0,Regulation M-A,
711,"",Gourgeist,giga-drain,machine,0,Regulation M-A,
711,"",Gourgeist,giga-impact,machine,0,Regulation M-A,
711,"",Gourgeist,grass-knot,machine,0,Regulation M-A,
711,"",Gourgeist,grassy-glide,machine,0,Regulation M-A,
711,"",Gourgeist,gyro-ball,machine,0,Regulation M-A,
711,"",Gourgeist,hex,machine,0,Regulation M-A,
711,"",Gourgeist,hyper-beam,machine,0,Regulation M-A,
711,"",Gourgeist,hypnosis,machine,0,Regulation M-A,
711,"",Gourgeist,imprison,machine,0,Regulation M-A,
711,"",Gourgeist,leech-seed,machine,0,Regulation M-A,
711,"",Gourgeist,light-screen,machine,0,Regulation M-A,
711,"",Gourgeist,moonblast,machine,0,Regulation M-A,
711,"",Gourgeist,mystical-fire,machine,0,Regulation M-A,
711,"",Gourgeist,nasty-plot,machine,0,Regulation M-A,
711,"",Gourgeist,pain-split,machine,0,Regulation M-A,
711,"",Gourgeist,phantom-force,machine,0,Regulation M-A,
711,"",Gourgeist,poltergeist,machine,0,Regulation M-A,
711,"",Gourgeist,power-whip,machine,0,Regulation M-A,
711,"",Gourgeist,protect,machine,0,Regulation M-A,
711,"",Gourgeist,psychic,machine,0,Regulation M-A,
711,"",Gourgeist,rest,machine,0,Regulation M-A,
711,"",Gourgeist,rock-slide,machine,0,Regulation M-A,
711,"",Gourgeist,round,machine,0,Regulation M-A,
711,"",Gourgeist,safeguard,machine,0,Regulation M-A,
711,"",Gourgeist,scary-face,machine,0,Regulation M-A,
711,"",Gourgeist,seed-bomb,machine,0,Regulation M-A,
711,"",Gourgeist,self-destruct,machine,0,Regulation M-A,
711,"",Gourgeist,shadow-ball,machine,0,Regulation M-A,
711,"",Gourgeist,shadow-sneak,machine,0,Regulation M-A,
711,"",Gourgeist,skill-swap,machine,0,Regulation M-A,
711,"",Gourgeist,skitter-smack,machine,0,Regulation M-A,
711,"",Gourgeist,sleep-talk,machine,0,Regulation M-A,
711,"",Gourgeist,sludge-bomb,machine,0,Regulation M-A,
711,"",Gourgeist,snore,machine,0,Regulation M-A,
711,"",Gourgeist,solar-beam,machine,0,Regulation M-A,
711,"",Gourgeist,substitute,machine,0,Regulation M-A,
711,"",Gourgeist,sunny-day,machine,0,Regulation M-A,
711,"",Gourgeist,thief,machine,0,Regulation M-A,
711,"",Gourgeist,trick,machine,0,Regulation M-A,
711,"",Gourgeist,trick-or-treat,machine,0,Regulation M-A,
711,"",Gourgeist,trick-room,machine,0,Regulation M-A,
711,"",Gourgeist,will-o-wisp,machine,0,Regulation M-A,
711,"",Gourgeist,worry-seed,machine,0,Regulation M-A,
713,"",Avalugg,aurora-veil,machine,0,Regulation M-A,
713,"",Avalugg,avalanche,machine,0,Regulation M-A,
713,"",Avalugg,bite,machine,0,Regulation M-A,
713,"",Avalugg,blizzard,machine,0,Regulation M-A,
713,"",Avalugg,body-press,machine,0,Regulation M-A,
713,"",Avalugg,body-slam,machine,0,Regulation M-A,
713,"",Avalugg,bulldoze,machine,0,Regulation M-A,
713,"",Avalugg,chilling-water,machine,0,Regulation M-A,
713,"",Avalugg,crunch,machine,0,Regulation M-A,
713,"",Avalugg,curse,machine,0,Regulation M-A,
713,"",Avalugg,double-edge,machine,0,Regulation M-A,
713,"",Avalugg,earthquake,machine,0,Regulation M-A,
713,"",Avalugg,endure,machine,0,Regulation M-A,
713,"",Avalugg,facade,machine,0,Regulation M-A,
713,"",Avalugg,flash-cannon,machine,0,Regulation M-A,
713,"",Avalugg,frost-breath,machine,0,Regulation M-A,
713,"",Avalugg,giga-impact,machine,0,Regulation M-A,
713,"",Avalugg,gyro-ball,machine,0,Regulation M-A,
713,"",Avalugg,heavy-slam,machine,0,Regulation M-A,
713,"",Avalugg,high-horsepower,machine,0,Regulation M-A,
713,"",Avalugg,hydro-pump,machine,0,Regulation M-A,
713,"",Avalugg,hyper-beam,machine,0,Regulation M-A,
713,"",Avalugg,ice-beam,machine,0,Regulation M-A,
713,"",Avalugg,ice-fang,machine,0,Regulation M-A,
713,"",Avalugg,ice-spinner,machine,0,Regulation M-A,
713,"",Avalugg,icicle-crash,machine,0,Regulation M-A,
713,"",Avalugg,icicle-spear,machine,0,Regulation M-A,
713,"",Avalugg,icy-wind,machine,0,Regulation M-A,
713,"",Avalugg,iron-defense,machine,0,Regulation M-A,
713,"",Avalugg,iron-head,machine,0,Regulation M-A,
713,"",Avalugg,mirror-coat,machine,0,Regulation M-A,
713,"",Avalugg,protect,machine,0,Regulation M-A,
713,"",Avalugg,rain-dance,machine,0,Regulation M-A,
713,"",Avalugg,rapid-spin,machine,0,Regulation M-A,
713,"",Avalugg,recover,machine,0,Regulation M-A,
713,"",Avalugg,rest,machine,0,Regulation M-A,
713,"",Avalugg,rock-slide,machine,0,Regulation M-A,
713,"",Avalugg,rock-tomb,machine,0,Regulation M-A,
713,"",Avalugg,round,machine,0,Regulation M-A,
713,"",Avalugg,scary-face,machine,0,Regulation M-A,
713,"",Avalugg,sleep-talk,machine,0,Regulation M-A,
713,"",Avalugg,snore,machine,0,Regulation M-A,
713,"",Avalugg,snowscape,machine,0,Regulation M-A,
713,"",Avalugg,stomping-tantrum,machine,0,Regulation M-A,
713,"",Avalugg,stone-edge,machine,0,Regulation M-A,
713,"",Avalugg,substitute,machine,0,Regulation M-A,
713,"",Avalugg,superpower,machine,0,Regulation M-A,
713,"",Avalugg,surf,machine,0,Regulation M-A,
713,"",Avalugg,wide-guard,machine,0,Regulation M-A,
713,hisui,Avalugg-Hisui,ancient-power,machine,0,Regulation M-A,
713,hisui,Avalugg-Hisui,aurora-veil,machine,0,Regulation M-A,
713,hisui,Avalugg-Hisui,avalanche,machine,0,Regulation M-A,
713,hisui,Avalugg-Hisui,bite,machine,0,Regulation M-A,
713,hisui,Avalugg-Hisui,blizzard,machine,0,Regulation M-A,
713,hisui,Avalugg-Hisui,body-press,machine,0,Regulation M-A,
713,hisui,Avalugg-Hisui,body-slam,machine,0,Regulation M-A,
713,hisui,Avalugg-Hisui,bulldoze,machine,0,Regulation M-A,
713,hisui,Avalugg-Hisui,chilling-water,machine,0,Regulation M-A,
713,hisui,Avalugg-Hisui,crunch,machine,0,Regulation M-A,
713,hisui,Avalugg-Hisui,curse,machine,0,Regulation M-A,
713,hisui,Avalugg-Hisui,dig,machine,0,Regulation M-A,
713,hisui,Avalugg-Hisui,double-edge,machine,0,Regulation M-A,
713,hisui,Avalugg-Hisui,earthquake,machine,0,Regulation M-A,
713,hisui,Avalugg-Hisui,endure,machine,0,Regulation M-A,
713,hisui,Avalugg-Hisui,facade,machine,0,Regulation M-A,
713,hisui,Avalugg-Hisui,giga-impact,machine,0,Regulation M-A,
713,hisui,Avalugg-Hisui,gyro-ball,machine,0,Regulation M-A,
713,hisui,Avalugg-Hisui,hard-press,machine,0,Regulation M-A,
713,hisui,Avalugg-Hisui,heavy-slam,machine,0,Regulation M-A,
713,hisui,Avalugg-Hisui,high-horsepower,machine,0,Regulation M-A,
713,hisui,Avalugg-Hisui,hyper-beam,machine,0,Regulation M-A,
713,hisui,Avalugg-Hisui,ice-beam,machine,0,Regulation M-A,
713,hisui,Avalugg-Hisui,ice-fang,machine,0,Regulation M-A,
713,hisui,Avalugg-Hisui,ice-spinner,machine,0,Regulation M-A,
713,hisui,Avalugg-Hisui,icicle-spear,machine,0,Regulation M-A,
713,hisui,Avalugg-Hisui,icy-wind,machine,0,Regulation M-A,
713,hisui,Avalugg-Hisui,iron-defense,machine,0,Regulation M-A,
713,hisui,Avalugg-Hisui,iron-head,machine,0,Regulation M-A,
713,hisui,Avalugg-Hisui,meteor-beam,machine,0,Regulation M-A,
713,hisui,Avalugg-Hisui,mirror-coat,machine,0,Regulation M-A,
713,hisui,Avalugg-Hisui,mountain-gale,machine,0,Regulation M-A,
713,hisui,Avalugg-Hisui,protect,machine,0,Regulation M-A,
713,hisui,Avalugg-Hisui,rain-dance,machine,0,Regulation M-A,
713,hisui,Avalugg-Hisui,rapid-spin,machine,0,Regulation M-A,
713,hisui,Avalugg-Hisui,recover,machine,0,Regulation M-A,
713,hisui,Avalugg-Hisui,rest,machine,0,Regulation M-A,
713,hisui,Avalugg-Hisui,rock-blast,machine,0,Regulation M-A,
713,hisui,Avalugg-Hisui,rock-slide,machine,0,Regulation M-A,
713,hisui,Avalugg-Hisui,rock-tomb,machine,0,Regulation M-A,
713,hisui,Avalugg-Hisui,sandstorm,machine,0,Regulation M-A,
713,hisui,Avalugg-Hisui,scary-face,machine,0,Regulation M-A,
713,hisui,Avalugg-Hisui,sleep-talk,machine,0,Regulation M-A,
713,hisui,Avalugg-Hisui,snowscape,machine,0,Regulation M-A,
713,hisui,Avalugg-Hisui,stealth-rock,machine,0,Regulation M-A,
713,hisui,Avalugg-Hisui,stomping-tantrum,machine,0,Regulation M-A,
713,hisui,Avalugg-Hisui,stone-edge,machine,0,Regulation M-A,
713,hisui,Avalugg-Hisui,substitute,machine,0,Regulation M-A,
713,hisui,Avalugg-Hisui,wide-guard,machine,0,Regulation M-A,
715,"",Noivern,acrobatics,machine,0,Regulation M-A,
715,"",Noivern,aerial-ace,machine,0,Regulation M-A,
715,"",Noivern,agility,machine,0,Regulation M-A,
715,"",Noivern,air-cutter,machine,0,Regulation M-A,
715,"",Noivern,air-slash,machine,0,Regulation M-A,
715,"",Noivern,bite,machine,0,Regulation M-A,
715,"",Noivern,body-slam,machine,0,Regulation M-A,
715,"",Noivern,boomburst,machine,0,Regulation M-A,
715,"",Noivern,breaking-swipe,machine,0,Regulation M-A,
715,"",Noivern,brick-break,machine,0,Regulation M-A,
715,"",Noivern,dark-pulse,machine,0,Regulation M-A,
715,"",Noivern,defog,machine,0,Regulation M-A,
715,"",Noivern,double-edge,machine,0,Regulation M-A,
715,"",Noivern,double-team,machine,0,Regulation M-A,
715,"",Noivern,draco-meteor,machine,0,Regulation M-A,
715,"",Noivern,dragon-cheer,machine,0,Regulation M-A,
715,"",Noivern,dragon-claw,machine,0,Regulation M-A,
715,"",Noivern,dragon-dance,machine,0,Regulation M-A,
715,"",Noivern,dragon-pulse,machine,0,Regulation M-A,
715,"",Noivern,dragon-rush,machine,0,Regulation M-A,
715,"",Noivern,dragon-tail,machine,0,Regulation M-A,
715,"",Noivern,dual-wingbeat,machine,0,Regulation M-A,
715,"",Noivern,endure,machine,0,Regulation M-A,
715,"",Noivern,facade,machine,0,Regulation M-A,
715,"",Noivern,flamethrower,machine,0,Regulation M-A,
715,"",Noivern,fly,machine,0,Regulation M-A,
715,"",Noivern,focus-blast,machine,0,Regulation M-A,
715,"",Noivern,giga-impact,machine,0,Regulation M-A,
715,"",Noivern,heat-wave,machine,0,Regulation M-A,
715,"",Noivern,hurricane,machine,0,Regulation M-A,
715,"",Noivern,hyper-beam,machine,0,Regulation M-A,
715,"",Noivern,hyper-voice,machine,0,Regulation M-A,
715,"",Noivern,iron-tail,machine,0,Regulation M-A,
715,"",Noivern,leech-life,machine,0,Regulation M-A,
715,"",Noivern,moonlight,machine,0,Regulation M-A,
715,"",Noivern,outrage,machine,0,Regulation M-A,
715,"",Noivern,protect,machine,0,Regulation M-A,
715,"",Noivern,psychic,machine,0,Regulation M-A,
715,"",Noivern,psychic-noise,machine,0,Regulation M-A,
715,"",Noivern,rest,machine,0,Regulation M-A,
715,"",Noivern,roost,machine,0,Regulation M-A,
715,"",Noivern,round,machine,0,Regulation M-A,
715,"",Noivern,scary-face,machine,0,Regulation M-A,
715,"",Noivern,screech,machine,0,Regulation M-A,
715,"",Noivern,shadow-ball,machine,0,Regulation M-A,
715,"",Noivern,shadow-claw,machine,0,Regulation M-A,
715,"",Noivern,sky-attack,machine,0,Regulation M-A,
715,"",Noivern,sleep-talk,machine,0,Regulation M-A,
715,"",Noivern,snore,machine,0,Regulation M-A,
715,"",Noivern,solar-beam,machine,0,Regulation M-A,
715,"",Noivern,steel-wing,machine,0,Regulation M-A,
715,"",Noivern,substitute,machine,0,Regulation M-A,
715,"",Noivern,sunny-day,machine,0,Regulation M-A,
715,"",Noivern,super-fang,machine,0,Regulation M-A,
715,"",Noivern,switcheroo,machine,0,Regulation M-A,
715,"",Noivern,tailwind,machine,0,Regulation M-A,
715,"",Noivern,taunt,machine,0,Regulation M-A,
715,"",Noivern,thief,machine,0,Regulation M-A,
715,"",Noivern,u-turn,machine,0,Regulation M-A,
715,"",Noivern,uproar,machine,0,Regulation M-A,
715,"",Noivern,water-pulse,machine,0,Regulation M-A,
715,"",Noivern,whirlwind,machine,0,Regulation M-A,
715,"",Noivern,wild-charge,machine,0,Regulation M-A,
715,"",Noivern,x-scissor,machine,0,Regulation M-A,
724,"",Decidueye,acrobatics,machine,0,Regulation M-A,
724,"",Decidueye,aerial-ace,machine,0,Regulation M-A,
724,"",Decidueye,air-cutter,machine,0,Regulation M-A,
724,"",Decidueye,air-slash,machine,0,Regulation M-A,
724,"",Decidueye,baton-pass,machine,0,Regulation M-A,
724,"",Decidueye,brave-bird,machine,0,Regulation M-A,
724,"",Decidueye,bullet-seed,machine,0,Regulation M-A,
724,"",Decidueye,confuse-ray,machine,0,Regulation M-A,
724,"",Decidueye,curse,machine,0,Regulation M-A,
724,"",Decidueye,defog,machine,0,Regulation M-A,
724,"",Decidueye,double-team,machine,0,Regulation M-A,
724,"",Decidueye,dual-wingbeat,machine,0,Regulation M-A,
724,"",Decidueye,endure,machine,0,Regulation M-A,
724,"",Decidueye,energy-ball,machine,0,Regulation M-A,
724,"",Decidueye,facade,machine,0,Regulation M-A,
724,"",Decidueye,feather-dance,machine,0,Regulation M-A,
724,"",Decidueye,frenzy-plant,machine,0,Regulation M-A,
724,"",Decidueye,giga-drain,machine,0,Regulation M-A,
724,"",Decidueye,giga-impact,machine,0,Regulation M-A,
724,"",Decidueye,grass-knot,machine,0,Regulation M-A,
724,"",Decidueye,grassy-glide,machine,0,Regulation M-A,
724,"",Decidueye,grassy-terrain,machine,0,Regulation M-A,
724,"",Decidueye,haze,machine,0,Regulation M-A,
724,"",Decidueye,helping-hand,machine,0,Regulation M-A,
724,"",Decidueye,hex,machine,0,Regulation M-A,
724,"",Decidueye,hurricane,machine,0,Regulation M-A,
724,"",Decidueye,hyper-beam,machine,0,Regulation M-A,
724,"",Decidueye,imprison,machine,0,Regulation M-A,
724,"",Decidueye,knock-off,machine,0,Regulation M-A,
724,"",Decidueye,leaf-blade,machine,0,Regulation M-A,
724,"",Decidueye,leaf-storm,machine,0,Regulation M-A,
724,"",Decidueye,light-screen,machine,0,Regulation M-A,
724,"",Decidueye,low-kick,machine,0,Regulation M-A,
724,"",Decidueye,low-sweep,machine,0,Regulation M-A,
724,"",Decidueye,nasty-plot,machine,0,Regulation M-A,
724,"",Decidueye,night-shade,machine,0,Regulation M-A,
724,"",Decidueye,phantom-force,machine,0,Regulation M-A,
724,"",Decidueye,pluck,machine,0,Regulation M-A,
724,"",Decidueye,poltergeist,machine,0,Regulation M-A,
724,"",Decidueye,protect,machine,0,Regulation M-A,
724,"",Decidueye,psycho-cut,machine,0,Regulation M-A,
724,"",Decidueye,rain-dance,machine,0,Regulation M-A,
724,"",Decidueye,rest,machine,0,Regulation M-A,
724,"",Decidueye,roost,machine,0,Regulation M-A,
724,"",Decidueye,round,machine,0,Regulation M-A,
724,"",Decidueye,seed-bomb,machine,0,Regulation M-A,
724,"",Decidueye,shadow-ball,machine,0,Regulation M-A,
724,"",Decidueye,shadow-claw,machine,0,Regulation M-A,
724,"",Decidueye,shadow-sneak,machine,0,Regulation M-A,
724,"",Decidueye,skitter-smack,machine,0,Regulation M-A,
724,"",Decidueye,sleep-talk,machine,0,Regulation M-A,
724,"",Decidueye,smack-down,machine,0,Regulation M-A,
724,"",Decidueye,snore,machine,0,Regulation M-A,
724,"",Decidueye,solar-beam,machine,0,Regulation M-A,
724,"",Decidueye,solar-blade,machine,0,Regulation M-A,
724,"",Decidueye,spirit-shackle,machine,0,Regulation M-A,
724,"",Decidueye,spite,machine,0,Regulation M-A,
724,"",Decidueye,steel-wing,machine,0,Regulation M-A,
724,"",Decidueye,substitute,machine,0,Regulation M-A,
724,"",Decidueye,sucker-punch,machine,0,Regulation M-A,
724,"",Decidueye,sunny-day,machine,0,Regulation M-A,
724,"",Decidueye,swords-dance,machine,0,Regulation M-A,
724,"",Decidueye,synthesis,machine,0,Regulation M-A,
724,"",Decidueye,tailwind,machine,0,Regulation M-A,
724,"",Decidueye,trailblaze,machine,0,Regulation M-A,
724,"",Decidueye,u-turn,machine,0,Regulation M-A,
724,hisui,Decidueye-Hisui,aerial-ace,machine,0,Regulation M-A,
724,hisui,Decidueye-Hisui,air-cutter,machine,0,Regulation M-A,
724,hisui,Decidueye-Hisui,air-slash,machine,0,Regulation M-A,
724,hisui,Decidueye-Hisui,aura-sphere,machine,0,Regulation M-A,
724,hisui,Decidueye-Hisui,baton-pass,machine,0,Regulation M-A,
724,hisui,Decidueye-Hisui,brave-bird,machine,0,Regulation M-A,
724,hisui,Decidueye-Hisui,brick-break,machine,0,Regulation M-A,
724,hisui,Decidueye-Hisui,bulk-up,machine,0,Regulation M-A,
724,hisui,Decidueye-Hisui,bullet-seed,machine,0,Regulation M-A,
724,hisui,Decidueye-Hisui,close-combat,machine,0,Regulation M-A,
724,hisui,Decidueye-Hisui,coaching,machine,0,Regulation M-A,
724,hisui,Decidueye-Hisui,confuse-ray,machine,0,Regulation M-A,
724,hisui,Decidueye-Hisui,defog,machine,0,Regulation M-A,
724,hisui,Decidueye-Hisui,double-team,machine,0,Regulation M-A,
724,hisui,Decidueye-Hisui,dual-wingbeat,machine,0,Regulation M-A,
724,hisui,Decidueye-Hisui,endure,machine,0,Regulation M-A,
724,hisui,Decidueye-Hisui,energy-ball,machine,0,Regulation M-A,
724,hisui,Decidueye-Hisui,facade,machine,0,Regulation M-A,
724,hisui,Decidueye-Hisui,feather-dance,machine,0,Regulation M-A,
724,hisui,Decidueye-Hisui,focus-blast,machine,0,Regulation M-A,
724,hisui,Decidueye-Hisui,focus-punch,machine,0,Regulation M-A,
724,hisui,Decidueye-Hisui,frenzy-plant,machine,0,Regulation M-A,
724,hisui,Decidueye-Hisui,giga-drain,machine,0,Regulation M-A,
724,hisui,Decidueye-Hisui,giga-impact,machine,0,Regulation M-A,
724,hisui,Decidueye-Hisui,grass-knot,machine,0,Regulation M-A,
724,hisui,Decidueye-Hisui,grassy-glide,machine,0,Regulation M-A,
724,hisui,Decidueye-Hisui,grassy-terrain,machine,0,Regulation M-A,
724,hisui,Decidueye-Hisui,haze,machine,0,Regulation M-A,
724,hisui,Decidueye-Hisui,helping-hand,machine,0,Regulation M-A,
724,hisui,Decidueye-Hisui,hyper-beam,machine,0,Regulation M-A,
724,hisui,Decidueye-Hisui,knock-off,machine,0,Regulation M-A,
724,hisui,Decidueye-Hisui,leaf-blade,machine,0,Regulation M-A,
724,hisui,Decidueye-Hisui,leaf-storm,machine,0,Regulation M-A,
724,hisui,Decidueye-Hisui,light-screen,machine,0,Regulation M-A,
724,hisui,Decidueye-Hisui,low-kick,machine,0,Regulation M-A,
724,hisui,Decidueye-Hisui,low-sweep,machine,0,Regulation M-A,
724,hisui,Decidueye-Hisui,nasty-plot,machine,0,Regulation M-A,
724,hisui,Decidueye-Hisui,night-shade,machine,0,Regulation M-A,
724,hisui,Decidueye-Hisui,pluck,machine,0,Regulation M-A,
724,hisui,Decidueye-Hisui,protect,machine,0,Regulation M-A,
724,hisui,Decidueye-Hisui,rain-dance,machine,0,Regulation M-A,
724,hisui,Decidueye-Hisui,rest,machine,0,Regulation M-A,
724,hisui,Decidueye-Hisui,reversal,machine,0,Regulation M-A,
724,hisui,Decidueye-Hisui,rock-tomb,machine,0,Regulation M-A,
724,hisui,Decidueye-Hisui,roost,machine,0,Regulation M-A,
724,hisui,Decidueye-Hisui,round,machine,0,Regulation M-A,
724,hisui,Decidueye-Hisui,scary-face,machine,0,Regulation M-A,
724,hisui,Decidueye-Hisui,seed-bomb,machine,0,Regulation M-A,
724,hisui,Decidueye-Hisui,shadow-claw,machine,0,Regulation M-A,
724,hisui,Decidueye-Hisui,shadow-sneak,machine,0,Regulation M-A,
724,hisui,Decidueye-Hisui,sleep-talk,machine,0,Regulation M-A,
724,hisui,Decidueye-Hisui,smack-down,machine,0,Regulation M-A,
724,hisui,Decidueye-Hisui,snore,machine,0,Regulation M-A,
724,hisui,Decidueye-Hisui,solar-beam,machine,0,Regulation M-A,
724,hisui,Decidueye-Hisui,steel-wing,machine,0,Regulation M-A,
724,hisui,Decidueye-Hisui,substitute,machine,0,Regulation M-A,
724,hisui,Decidueye-Hisui,sucker-punch,machine,0,Regulation M-A,
724,hisui,Decidueye-Hisui,sunny-day,machine,0,Regulation M-A,
724,hisui,Decidueye-Hisui,swords-dance,machine,0,Regulation M-A,
724,hisui,Decidueye-Hisui,synthesis,machine,0,Regulation M-A,
724,hisui,Decidueye-Hisui,tailwind,machine,0,Regulation M-A,
724,hisui,Decidueye-Hisui,taunt,machine,0,Regulation M-A,
724,hisui,Decidueye-Hisui,trailblaze,machine,0,Regulation M-A,
724,hisui,Decidueye-Hisui,triple-arrows,machine,0,Regulation M-A,
724,hisui,Decidueye-Hisui,u-turn,machine,0,Regulation M-A,
724,hisui,Decidueye-Hisui,upper-hand,machine,0,Regulation M-A,
727,"",Incineroar,acrobatics,machine,0,Regulation M-A,
727,"",Incineroar,aerial-ace,machine,0,Regulation M-A,
727,"",Incineroar,assurance,machine,0,Regulation M-A,
727,"",Incineroar,attract,machine,0,Regulation M-A,
727,"",Incineroar,baton-pass,machine,0,Regulation M-A,
727,"",Incineroar,bite,machine,0,Regulation M-A,
727,"",Incineroar,blast-burn,machine,0,Regulation M-A,
727,"",Incineroar,blaze-kick,machine,0,Regulation M-A,
727,"",Incineroar,body-slam,machine,0,Regulation M-A,
727,"",Incineroar,brick-break,machine,0,Regulation M-A,
727,"",Incineroar,brutal-swing,machine,0,Regulation M-A,
727,"",Incineroar,bulk-up,machine,0,Regulation M-A,
727,"",Incineroar,bulldoze,machine,0,Regulation M-A,
727,"",Incineroar,burning-jealousy,machine,0,Regulation M-A,
727,"",Incineroar,close-combat,machine,0,Regulation M-A,
727,"",Incineroar,cross-chop,machine,0,Regulation M-A,
727,"",Incineroar,crunch,machine,0,Regulation M-A,
727,"",Incineroar,dark-pulse,machine,0,Regulation M-A,
727,"",Incineroar,darkest-lariat,machine,0,Regulation M-A,
727,"",Incineroar,double-edge,machine,0,Regulation M-A,
727,"",Incineroar,drain-punch,machine,0,Regulation M-A,
727,"",Incineroar,earthquake,machine,0,Regulation M-A,
727,"",Incineroar,endeavor,machine,0,Regulation M-A,
727,"",Incineroar,endure,machine,0,Regulation M-A,
727,"",Incineroar,facade,machine,0,Regulation M-A,
727,"",Incineroar,fake-out,machine,0,Regulation M-A,
727,"",Incineroar,fire-blast,machine,0,Regulation M-A,
727,"",Incineroar,fire-fang,machine,0,Regulation M-A,
727,"",Incineroar,fire-punch,machine,0,Regulation M-A,
727,"",Incineroar,fire-spin,machine,0,Regulation M-A,
727,"",Incineroar,flame-charge,machine,0,Regulation M-A,
727,"",Incineroar,flamethrower,machine,0,Regulation M-A,
727,"",Incineroar,flare-blitz,machine,0,Regulation M-A,
727,"",Incineroar,fling,machine,0,Regulation M-A,
727,"",Incineroar,focus-blast,machine,0,Regulation M-A,
727,"",Incineroar,focus-punch,machine,0,Regulation M-A,
727,"",Incineroar,giga-impact,machine,0,Regulation M-A,
727,"",Incineroar,heat-crash,machine,0,Regulation M-A,
727,"",Incineroar,heat-wave,machine,0,Regulation M-A,
727,"",Incineroar,helping-hand,machine,0,Regulation M-A,
727,"",Incineroar,hyper-beam,machine,0,Regulation M-A,
727,"",Incineroar,iron-head,machine,0,Regulation M-A,
727,"",Incineroar,lash-out,machine,0,Regulation M-A,
727,"",Incineroar,leech-life,machine,0,Regulation M-A,
727,"",Incineroar,low-kick,machine,0,Regulation M-A,
727,"",Incineroar,low-sweep,machine,0,Regulation M-A,
727,"",Incineroar,mega-kick,machine,0,Regulation M-A,
727,"",Incineroar,nasty-plot,machine,0,Regulation M-A,
727,"",Incineroar,outrage,machine,0,Regulation M-A,
727,"",Incineroar,overheat,machine,0,Regulation M-A,
727,"",Incineroar,parting-shot,machine,0,Regulation M-A,
727,"",Incineroar,power-trip,machine,0,Regulation M-A,
727,"",Incineroar,protect,machine,0,Regulation M-A,
727,"",Incineroar,rest,machine,0,Regulation M-A,
727,"",Incineroar,reversal,machine,0,Regulation M-A,
727,"",Incineroar,roar,machine,0,Regulation M-A,
727,"",Incineroar,round,machine,0,Regulation M-A,
727,"",Incineroar,scary-face,machine,0,Regulation M-A,
727,"",Incineroar,scorching-sands,machine,0,Regulation M-A,
727,"",Incineroar,shadow-claw,machine,0,Regulation M-A,
727,"",Incineroar,sleep-talk,machine,0,Regulation M-A,
727,"",Incineroar,snarl,machine,0,Regulation M-A,
727,"",Incineroar,snore,machine,0,Regulation M-A,
727,"",Incineroar,stomping-tantrum,machine,0,Regulation M-A,
727,"",Incineroar,substitute,machine,0,Regulation M-A,
727,"",Incineroar,sunny-day,machine,0,Regulation M-A,
727,"",Incineroar,superpower,machine,0,Regulation M-A,
727,"",Incineroar,swagger,machine,0,Regulation M-A,
727,"",Incineroar,swords-dance,machine,0,Regulation M-A,
727,"",Incineroar,taunt,machine,0,Regulation M-A,
727,"",Incineroar,temper-flare,machine,0,Regulation M-A,
727,"",Incineroar,thief,machine,0,Regulation M-A,
727,"",Incineroar,thrash,machine,0,Regulation M-A,
727,"",Incineroar,throat-chop,machine,0,Regulation M-A,
727,"",Incineroar,thunder-punch,machine,0,Regulation M-A,
727,"",Incineroar,trailblaze,machine,0,Regulation M-A,
727,"",Incineroar,will-o-wisp,machine,0,Regulation M-A,
730,"",Primarina,acrobatics,machine,0,Regulation M-A,
730,"",Primarina,alluring-voice,machine,0,Regulation M-A,
730,"",Primarina,amnesia,machine,0,Regulation M-A,
730,"",Primarina,aqua-jet,machine,0,Regulation M-A,
730,"",Primarina,aqua-ring,machine,0,Regulation M-A,
730,"",Primarina,attract,machine,0,Regulation M-A,
730,"",Primarina,baby-doll-eyes,machine,0,Regulation M-A,
730,"",Primarina,blizzard,machine,0,Regulation M-A,
730,"",Primarina,body-slam,machine,0,Regulation M-A,
730,"",Primarina,calm-mind,machine,0,Regulation M-A,
730,"",Primarina,charm,machine,0,Regulation M-A,
730,"",Primarina,chilling-water,machine,0,Regulation M-A,
730,"",Primarina,dazzling-gleam,machine,0,Regulation M-A,
730,"",Primarina,dive,machine,0,Regulation M-A,
730,"",Primarina,draining-kiss,machine,0,Regulation M-A,
730,"",Primarina,encore,machine,0,Regulation M-A,
730,"",Primarina,endure,machine,0,Regulation M-A,
730,"",Primarina,energy-ball,machine,0,Regulation M-A,
730,"",Primarina,facade,machine,0,Regulation M-A,
730,"",Primarina,flip-turn,machine,0,Regulation M-A,
730,"",Primarina,giga-impact,machine,0,Regulation M-A,
730,"",Primarina,haze,machine,0,Regulation M-A,
730,"",Primarina,helping-hand,machine,0,Regulation M-A,
730,"",Primarina,hydro-cannon,machine,0,Regulation M-A,
730,"",Primarina,hydro-pump,machine,0,Regulation M-A,
730,"",Primarina,hyper-beam,machine,0,Regulation M-A,
730,"",Primarina,hyper-voice,machine,0,Regulation M-A,
730,"",Primarina,ice-beam,machine,0,Regulation M-A,
730,"",Primarina,ice-spinner,machine,0,Regulation M-A,
730,"",Primarina,icy-wind,machine,0,Regulation M-A,
730,"",Primarina,iron-tail,machine,0,Regulation M-A,
730,"",Primarina,life-dew,machine,0,Regulation M-A,
730,"",Primarina,light-screen,machine,0,Regulation M-A,
730,"",Primarina,liquidation,machine,0,Regulation M-A,
730,"",Primarina,misty-explosion,machine,0,Regulation M-A,
730,"",Primarina,misty-terrain,machine,0,Regulation M-A,
730,"",Primarina,moonblast,machine,0,Regulation M-A,
730,"",Primarina,perish-song,machine,0,Regulation M-A,
730,"",Primarina,play-rough,machine,0,Regulation M-A,
730,"",Primarina,protect,machine,0,Regulation M-A,
730,"",Primarina,psych-up,machine,0,Regulation M-A,
730,"",Primarina,psychic,machine,0,Regulation M-A,
730,"",Primarina,psychic-noise,machine,0,Regulation M-A,
730,"",Primarina,rain-dance,machine,0,Regulation M-A,
730,"",Primarina,reflect,machine,0,Regulation M-A,
730,"",Primarina,rest,machine,0,Regulation M-A,
730,"",Primarina,round,machine,0,Regulation M-A,
730,"",Primarina,shadow-ball,machine,0,Regulation M-A,
730,"",Primarina,sing,machine,0,Regulation M-A,
730,"",Primarina,sleep-talk,machine,0,Regulation M-A,
730,"",Primarina,snore,machine,0,Regulation M-A,
730,"",Primarina,snowscape,machine,0,Regulation M-A,
730,"",Primarina,sparkling-aria,machine,0,Regulation M-A,
730,"",Primarina,stored-power,machine,0,Regulation M-A,
730,"",Primarina,substitute,machine,0,Regulation M-A,
730,"",Primarina,surf,machine,0,Regulation M-A,
730,"",Primarina,triple-axel,machine,0,Regulation M-A,
730,"",Primarina,uproar,machine,0,Regulation M-A,
730,"",Primarina,water-pulse,machine,0,Regulation M-A,
730,"",Primarina,waterfall,machine,0,Regulation M-A,
730,"",Primarina,weather-ball,machine,0,Regulation M-A,
730,"",Primarina,whirlpool,machine,0,Regulation M-A,
730,"",Primarina,wonder-room,machine,0,Regulation M-A,
733,"",Toucannon,acrobatics,machine,0,Regulation M-A,
733,"",Toucannon,aerial-ace,machine,0,Regulation M-A,
733,"",Toucannon,air-cutter,machine,0,Regulation M-A,
733,"",Toucannon,air-slash,machine,0,Regulation M-A,
733,"",Toucannon,attract,machine,0,Regulation M-A,
733,"",Toucannon,beak-blast,machine,0,Regulation M-A,
733,"",Toucannon,boomburst,machine,0,Regulation M-A,
733,"",Toucannon,brave-bird,machine,0,Regulation M-A,
733,"",Toucannon,brick-break,machine,0,Regulation M-A,
733,"",Toucannon,bullet-seed,machine,0,Regulation M-A,
733,"",Toucannon,drill-peck,machine,0,Regulation M-A,
733,"",Toucannon,dual-wingbeat,machine,0,Regulation M-A,
733,"",Toucannon,encore,machine,0,Regulation M-A,
733,"",Toucannon,endeavor,machine,0,Regulation M-A,
733,"",Toucannon,endure,machine,0,Regulation M-A,
733,"",Toucannon,facade,machine,0,Regulation M-A,
733,"",Toucannon,feather-dance,machine,0,Regulation M-A,
733,"",Toucannon,flame-charge,machine,0,Regulation M-A,
733,"",Toucannon,flash-cannon,machine,0,Regulation M-A,
733,"",Toucannon,fly,machine,0,Regulation M-A,
733,"",Toucannon,giga-impact,machine,0,Regulation M-A,
733,"",Toucannon,gunk-shot,machine,0,Regulation M-A,
733,"",Toucannon,heat-wave,machine,0,Regulation M-A,
733,"",Toucannon,helping-hand,machine,0,Regulation M-A,
733,"",Toucannon,hurricane,machine,0,Regulation M-A,
733,"",Toucannon,hyper-beam,machine,0,Regulation M-A,
733,"",Toucannon,hyper-voice,machine,0,Regulation M-A,
733,"",Toucannon,knock-off,machine,0,Regulation M-A,
733,"",Toucannon,overheat,machine,0,Regulation M-A,
733,"",Toucannon,pluck,machine,0,Regulation M-A,
733,"",Toucannon,protect,machine,0,Regulation M-A,
733,"",Toucannon,psych-up,machine,0,Regulation M-A,
733,"",Toucannon,rest,machine,0,Regulation M-A,
733,"",Toucannon,rock-blast,machine,0,Regulation M-A,
733,"",Toucannon,roost,machine,0,Regulation M-A,
733,"",Toucannon,round,machine,0,Regulation M-A,
733,"",Toucannon,scary-face,machine,0,Regulation M-A,
733,"",Toucannon,screech,machine,0,Regulation M-A,
733,"",Toucannon,seed-bomb,machine,0,Regulation M-A,
733,"",Toucannon,sky-attack,machine,0,Regulation M-A,
733,"",Toucannon,sleep-talk,machine,0,Regulation M-A,
733,"",Toucannon,smack-down,machine,0,Regulation M-A,
733,"",Toucannon,snore,machine,0,Regulation M-A,
733,"",Toucannon,steel-wing,machine,0,Regulation M-A,
733,"",Toucannon,substitute,machine,0,Regulation M-A,
733,"",Toucannon,sunny-day,machine,0,Regulation M-A,
733,"",Toucannon,swords-dance,machine,0,Regulation M-A,
733,"",Toucannon,tailwind,machine,0,Regulation M-A,
733,"",Toucannon,temper-flare,machine,0,Regulation M-A,
733,"",Toucannon,thief,machine,0,Regulation M-A,
733,"",Toucannon,throat-chop,machine,0,Regulation M-A,
733,"",Toucannon,u-turn,machine,0,Regulation M-A,
733,"",Toucannon,uproar,machine,0,Regulation M-A,
740,"",Crabominable,amnesia,machine,0,Regulation M-A,
740,"",Crabominable,avalanche,machine,0,Regulation M-A,
740,"",Crabominable,blizzard,machine,0,Regulation M-A,
740,"",Crabominable,body-press,machine,0,Regulation M-A,
740,"",Crabominable,body-slam,machine,0,Regulation M-A,
740,"",Crabominable,brick-break,machine,0,Regulation M-A,
740,"",Crabominable,brutal-swing,machine,0,Regulation M-A,
740,"",Crabominable,bulk-up,machine,0,Regulation M-A,
740,"",Crabominable,bulldoze,machine,0,Regulation M-A,
740,"",Crabominable,chilling-water,machine,0,Regulation M-A,
740,"",Crabominable,close-combat,machine,0,Regulation M-A,
740,"",Crabominable,coaching,machine,0,Regulation M-A,
740,"",Crabominable,crabhammer,machine,0,Regulation M-A,
740,"",Crabominable,dig,machine,0,Regulation M-A,
740,"",Crabominable,drain-punch,machine,0,Regulation M-A,
740,"",Crabominable,dynamic-punch,machine,0,Regulation M-A,
740,"",Crabominable,earthquake,machine,0,Regulation M-A,
740,"",Crabominable,endeavor,machine,0,Regulation M-A,
740,"",Crabominable,endure,machine,0,Regulation M-A,
740,"",Crabominable,facade,machine,0,Regulation M-A,
740,"",Crabominable,fling,machine,0,Regulation M-A,
740,"",Crabominable,focus-blast,machine,0,Regulation M-A,
740,"",Crabominable,focus-punch,machine,0,Regulation M-A,
740,"",Crabominable,giga-impact,machine,0,Regulation M-A,
740,"",Crabominable,gunk-shot,machine,0,Regulation M-A,
740,"",Crabominable,hard-press,machine,0,Regulation M-A,
740,"",Crabominable,helping-hand,machine,0,Regulation M-A,
740,"",Crabominable,hyper-beam,machine,0,Regulation M-A,
740,"",Crabominable,ice-beam,machine,0,Regulation M-A,
740,"",Crabominable,ice-hammer,machine,0,Regulation M-A,
740,"",Crabominable,ice-punch,machine,0,Regulation M-A,
740,"",Crabominable,ice-spinner,machine,0,Regulation M-A,
740,"",Crabominable,icicle-spear,machine,0,Regulation M-A,
740,"",Crabominable,icy-wind,machine,0,Regulation M-A,
740,"",Crabominable,iron-defense,machine,0,Regulation M-A,
740,"",Crabominable,iron-head,machine,0,Regulation M-A,
740,"",Crabominable,knock-off,machine,0,Regulation M-A,
740,"",Crabominable,liquidation,machine,0,Regulation M-A,
740,"",Crabominable,mach-punch,machine,0,Regulation M-A,
740,"",Crabominable,mud-shot,machine,0,Regulation M-A,
740,"",Crabominable,mud-slap,machine,0,Regulation M-A,
740,"",Crabominable,payback,machine,0,Regulation M-A,
740,"",Crabominable,protect,machine,0,Regulation M-A,
740,"",Crabominable,rain-dance,machine,0,Regulation M-A,
740,"",Crabominable,rest,machine,0,Regulation M-A,
740,"",Crabominable,reversal,machine,0,Regulation M-A,
740,"",Crabominable,rock-slide,machine,0,Regulation M-A,
740,"",Crabominable,rock-tomb,machine,0,Regulation M-A,
740,"",Crabominable,round,machine,0,Regulation M-A,
740,"",Crabominable,scary-face,machine,0,Regulation M-A,
740,"",Crabominable,sleep-talk,machine,0,Regulation M-A,
740,"",Crabominable,snore,machine,0,Regulation M-A,
740,"",Crabominable,snowscape,machine,0,Regulation M-A,
740,"",Crabominable,stomping-tantrum,machine,0,Regulation M-A,
740,"",Crabominable,substitute,machine,0,Regulation M-A,
740,"",Crabominable,sunny-day,machine,0,Regulation M-A,
740,"",Crabominable,superpower,machine,0,Regulation M-A,
740,"",Crabominable,swagger,machine,0,Regulation M-A,
740,"",Crabominable,thief,machine,0,Regulation M-A,
740,"",Crabominable,thunder-punch,machine,0,Regulation M-A,
740,"",Crabominable,upper-hand,machine,0,Regulation M-A,
740,"",Crabominable,wide-guard,machine,0,Regulation M-A,
740,"",Crabominable,zen-headbutt,machine,0,Regulation M-A,
745,"",Lycanroc,accelerock,machine,0,Regulation M-A,
745,"",Lycanroc,agility,machine,0,Regulation M-A,
745,"",Lycanroc,assurance,machine,0,Regulation M-A,
745,"",Lycanroc,bite,machine,0,Regulation M-A,
745,"",Lycanroc,body-slam,machine,0,Regulation M-A,
745,"",Lycanroc,brick-break,machine,0,Regulation M-A,
745,"",Lycanroc,bulk-up,machine,0,Regulation M-A,
745,"",Lycanroc,bulldoze,machine,0,Regulation M-A,
745,"",Lycanroc,charm,machine,0,Regulation M-A,
745,"",Lycanroc,close-combat,machine,0,Regulation M-A,
745,"",Lycanroc,crunch,machine,0,Regulation M-A,
745,"",Lycanroc,dig,machine,0,Regulation M-A,
745,"",Lycanroc,double-edge,machine,0,Regulation M-A,
745,"",Lycanroc,double-team,machine,0,Regulation M-A,
745,"",Lycanroc,drill-run,machine,0,Regulation M-A,
745,"",Lycanroc,earth-power,machine,0,Regulation M-A,
745,"",Lycanroc,endeavor,machine,0,Regulation M-A,
745,"",Lycanroc,endure,machine,0,Regulation M-A,
745,"",Lycanroc,facade,machine,0,Regulation M-A,
745,"",Lycanroc,fire-fang,machine,0,Regulation M-A,
745,"",Lycanroc,giga-impact,machine,0,Regulation M-A,
745,"",Lycanroc,helping-hand,machine,0,Regulation M-A,
745,"",Lycanroc,howl,machine,0,Regulation M-A,
745,"",Lycanroc,hyper-voice,machine,0,Regulation M-A,
745,"",Lycanroc,iron-defense,machine,0,Regulation M-A,
745,"",Lycanroc,iron-head,machine,0,Regulation M-A,
745,"",Lycanroc,iron-tail,machine,0,Regulation M-A,
745,"",Lycanroc,last-resort,machine,0,Regulation M-A,
745,"",Lycanroc,mud-slap,machine,0,Regulation M-A,
745,"",Lycanroc,play-rough,machine,0,Regulation M-A,
745,"",Lycanroc,protect,machine,0,Regulation M-A,
745,"",Lycanroc,psychic-fangs,machine,0,Regulation M-A,
745,"",Lycanroc,quick-attack,machine,0,Regulation M-A,
745,"",Lycanroc,quick-guard,machine,0,Regulation M-A,
745,"",Lycanroc,rest,machine,0,Regulation M-A,
745,"",Lycanroc,roar,machine,0,Regulation M-A,
745,"",Lycanroc,rock-blast,machine,0,Regulation M-A,
745,"",Lycanroc,rock-slide,machine,0,Regulation M-A,
745,"",Lycanroc,rock-tomb,machine,0,Regulation M-A,
745,"",Lycanroc,round,machine,0,Regulation M-A,
745,"",Lycanroc,sandstorm,machine,0,Regulation M-A,
745,"",Lycanroc,scary-face,machine,0,Regulation M-A,
745,"",Lycanroc,sleep-talk,machine,0,Regulation M-A,
745,"",Lycanroc,snarl,machine,0,Regulation M-A,
745,"",Lycanroc,snore,machine,0,Regulation M-A,
745,"",Lycanroc,stealth-rock,machine,0,Regulation M-A,
745,"",Lycanroc,stomping-tantrum,machine,0,Regulation M-A,
745,"",Lycanroc,stone-edge,machine,0,Regulation M-A,
745,"",Lycanroc,substitute,machine,0,Regulation M-A,
745,"",Lycanroc,sucker-punch,machine,0,Regulation M-A,
745,"",Lycanroc,sunny-day,machine,0,Regulation M-A,
745,"",Lycanroc,swords-dance,machine,0,Regulation M-A,
745,"",Lycanroc,tail-slap,machine,0,Regulation M-A,
745,"",Lycanroc,taunt,machine,0,Regulation M-A,
745,"",Lycanroc,thrash,machine,0,Regulation M-A,
745,"",Lycanroc,thunder-fang,machine,0,Regulation M-A,
745,"",Lycanroc,trailblaze,machine,0,Regulation M-A,
745,"",Lycanroc,zen-headbutt,machine,0,Regulation M-A,
745,dusk,Lycanroc-Dusk,accelerock,machine,0,Regulation M-A,
745,dusk,Lycanroc-Dusk,bite,machine,0,Regulation M-A,
745,dusk,Lycanroc-Dusk,body-slam,machine,0,Regulation M-A,
745,dusk,Lycanroc-Dusk,brick-break,machine,0,Regulation M-A,
745,dusk,Lycanroc-Dusk,bulk-up,machine,0,Regulation M-A,
745,dusk,Lycanroc-Dusk,bulldoze,machine,0,Regulation M-A,
745,dusk,Lycanroc-Dusk,charm,machine,0,Regulation M-A,
745,dusk,Lycanroc-Dusk,close-combat,machine,0,Regulation M-A,
745,dusk,Lycanroc-Dusk,counter,machine,0,Regulation M-A,
745,dusk,Lycanroc-Dusk,crunch,machine,0,Regulation M-A,
745,dusk,Lycanroc-Dusk,crush-claw,machine,0,Regulation M-A,
745,dusk,Lycanroc-Dusk,dig,machine,0,Regulation M-A,
745,dusk,Lycanroc-Dusk,double-edge,machine,0,Regulation M-A,
745,dusk,Lycanroc-Dusk,double-team,machine,0,Regulation M-A,
745,dusk,Lycanroc-Dusk,drill-run,machine,0,Regulation M-A,
745,dusk,Lycanroc-Dusk,earth-power,machine,0,Regulation M-A,
745,dusk,Lycanroc-Dusk,endeavor,machine,0,Regulation M-A,
745,dusk,Lycanroc-Dusk,endure,machine,0,Regulation M-A,
745,dusk,Lycanroc-Dusk,facade,machine,0,Regulation M-A,
745,dusk,Lycanroc-Dusk,fire-fang,machine,0,Regulation M-A,
745,dusk,Lycanroc-Dusk,focus-energy,machine,0,Regulation M-A,
745,dusk,Lycanroc-Dusk,giga-impact,machine,0,Regulation M-A,
745,dusk,Lycanroc-Dusk,helping-hand,machine,0,Regulation M-A,
745,dusk,Lycanroc-Dusk,howl,machine,0,Regulation M-A,
745,dusk,Lycanroc-Dusk,hyper-voice,machine,0,Regulation M-A,
745,dusk,Lycanroc-Dusk,iron-defense,machine,0,Regulation M-A,
745,dusk,Lycanroc-Dusk,iron-head,machine,0,Regulation M-A,
745,dusk,Lycanroc-Dusk,iron-tail,machine,0,Regulation M-A,
745,dusk,Lycanroc-Dusk,last-resort,machine,0,Regulation M-A,
745,dusk,Lycanroc-Dusk,mud-slap,machine,0,Regulation M-A,
745,dusk,Lycanroc-Dusk,outrage,machine,0,Regulation M-A,
745,dusk,Lycanroc-Dusk,play-rough,machine,0,Regulation M-A,
745,dusk,Lycanroc-Dusk,protect,machine,0,Regulation M-A,
745,dusk,Lycanroc-Dusk,psychic-fangs,machine,0,Regulation M-A,
745,dusk,Lycanroc-Dusk,quick-attack,machine,0,Regulation M-A,
745,dusk,Lycanroc-Dusk,quick-guard,machine,0,Regulation M-A,
745,dusk,Lycanroc-Dusk,rest,machine,0,Regulation M-A,
745,dusk,Lycanroc-Dusk,reversal,machine,0,Regulation M-A,
745,dusk,Lycanroc-Dusk,roar,machine,0,Regulation M-A,
745,dusk,Lycanroc-Dusk,rock-blast,machine,0,Regulation M-A,
745,dusk,Lycanroc-Dusk,rock-slide,machine,0,Regulation M-A,
745,dusk,Lycanroc-Dusk,rock-tomb,machine,0,Regulation M-A,
745,dusk,Lycanroc-Dusk,round,machine,0,Regulation M-A,
745,dusk,Lycanroc-Dusk,sandstorm,machine,0,Regulation M-A,
745,dusk,Lycanroc-Dusk,scary-face,machine,0,Regulation M-A,
745,dusk,Lycanroc-Dusk,sleep-talk,machine,0,Regulation M-A,
745,dusk,Lycanroc-Dusk,snarl,machine,0,Regulation M-A,
745,dusk,Lycanroc-Dusk,snore,machine,0,Regulation M-A,
745,dusk,Lycanroc-Dusk,stealth-rock,machine,0,Regulation M-A,
745,dusk,Lycanroc-Dusk,stomping-tantrum,machine,0,Regulation M-A,
745,dusk,Lycanroc-Dusk,stone-edge,machine,0,Regulation M-A,
745,dusk,Lycanroc-Dusk,substitute,machine,0,Regulation M-A,
745,dusk,Lycanroc-Dusk,sucker-punch,machine,0,Regulation M-A,
745,dusk,Lycanroc-Dusk,swords-dance,machine,0,Regulation M-A,
745,dusk,Lycanroc-Dusk,tail-slap,machine,0,Regulation M-A,
745,dusk,Lycanroc-Dusk,taunt,machine,0,Regulation M-A,
745,dusk,Lycanroc-Dusk,thrash,machine,0,Regulation M-A,
745,dusk,Lycanroc-Dusk,throat-chop,machine,0,Regulation M-A,
745,dusk,Lycanroc-Dusk,thunder-fang,machine,0,Regulation M-A,
745,dusk,Lycanroc-Dusk,trailblaze,machine,0,Regulation M-A,
745,dusk,Lycanroc-Dusk,zen-headbutt,machine,0,Regulation M-A,
745,midnight,Lycanroc-Midnight,bite,machine,0,Regulation M-A,
745,midnight,Lycanroc-Midnight,body-slam,machine,0,Regulation M-A,
745,midnight,Lycanroc-Midnight,brick-break,machine,0,Regulation M-A,
745,midnight,Lycanroc-Midnight,bulk-up,machine,0,Regulation M-A,
745,midnight,Lycanroc-Midnight,bulldoze,machine,0,Regulation M-A,
745,midnight,Lycanroc-Midnight,charm,machine,0,Regulation M-A,
745,midnight,Lycanroc-Midnight,close-combat,machine,0,Regulation M-A,
745,midnight,Lycanroc-Midnight,counter,machine,0,Regulation M-A,
745,midnight,Lycanroc-Midnight,crunch,machine,0,Regulation M-A,
745,midnight,Lycanroc-Midnight,dig,machine,0,Regulation M-A,
745,midnight,Lycanroc-Midnight,double-edge,machine,0,Regulation M-A,
745,midnight,Lycanroc-Midnight,double-team,machine,0,Regulation M-A,
745,midnight,Lycanroc-Midnight,earth-power,machine,0,Regulation M-A,
745,midnight,Lycanroc-Midnight,endeavor,machine,0,Regulation M-A,
745,midnight,Lycanroc-Midnight,endure,machine,0,Regulation M-A,
745,midnight,Lycanroc-Midnight,facade,machine,0,Regulation M-A,
745,midnight,Lycanroc-Midnight,fire-fang,machine,0,Regulation M-A,
745,midnight,Lycanroc-Midnight,fire-punch,machine,0,Regulation M-A,
745,midnight,Lycanroc-Midnight,fling,machine,0,Regulation M-A,
745,midnight,Lycanroc-Midnight,focus-punch,machine,0,Regulation M-A,
745,midnight,Lycanroc-Midnight,foul-play,machine,0,Regulation M-A,
745,midnight,Lycanroc-Midnight,giga-impact,machine,0,Regulation M-A,
745,midnight,Lycanroc-Midnight,helping-hand,machine,0,Regulation M-A,
745,midnight,Lycanroc-Midnight,howl,machine,0,Regulation M-A,
745,midnight,Lycanroc-Midnight,hyper-voice,machine,0,Regulation M-A,
745,midnight,Lycanroc-Midnight,iron-defense,machine,0,Regulation M-A,
745,midnight,Lycanroc-Midnight,iron-head,machine,0,Regulation M-A,
745,midnight,Lycanroc-Midnight,iron-tail,machine,0,Regulation M-A,
745,midnight,Lycanroc-Midnight,knock-off,machine,0,Regulation M-A,
745,midnight,Lycanroc-Midnight,lash-out,machine,0,Regulation M-A,
745,midnight,Lycanroc-Midnight,last-resort,machine,0,Regulation M-A,
745,midnight,Lycanroc-Midnight,low-sweep,machine,0,Regulation M-A,
745,midnight,Lycanroc-Midnight,mega-kick,machine,0,Regulation M-A,
745,midnight,Lycanroc-Midnight,mud-slap,machine,0,Regulation M-A,
745,midnight,Lycanroc-Midnight,outrage,machine,0,Regulation M-A,
745,midnight,Lycanroc-Midnight,payback,machine,0,Regulation M-A,
745,midnight,Lycanroc-Midnight,play-rough,machine,0,Regulation M-A,
745,midnight,Lycanroc-Midnight,protect,machine,0,Regulation M-A,
745,midnight,Lycanroc-Midnight,psychic-fangs,machine,0,Regulation M-A,
745,midnight,Lycanroc-Midnight,rest,machine,0,Regulation M-A,
745,midnight,Lycanroc-Midnight,reversal,machine,0,Regulation M-A,
745,midnight,Lycanroc-Midnight,roar,machine,0,Regulation M-A,
745,midnight,Lycanroc-Midnight,rock-blast,machine,0,Regulation M-A,
745,midnight,Lycanroc-Midnight,rock-slide,machine,0,Regulation M-A,
745,midnight,Lycanroc-Midnight,rock-tomb,machine,0,Regulation M-A,
745,midnight,Lycanroc-Midnight,round,machine,0,Regulation M-A,
745,midnight,Lycanroc-Midnight,sandstorm,machine,0,Regulation M-A,
745,midnight,Lycanroc-Midnight,scary-face,machine,0,Regulation M-A,
745,midnight,Lycanroc-Midnight,shadow-claw,machine,0,Regulation M-A,
745,midnight,Lycanroc-Midnight,sleep-talk,machine,0,Regulation M-A,
745,midnight,Lycanroc-Midnight,snarl,machine,0,Regulation M-A,
745,midnight,Lycanroc-Midnight,snore,machine,0,Regulation M-A,
745,midnight,Lycanroc-Midnight,stealth-rock,machine,0,Regulation M-A,
745,midnight,Lycanroc-Midnight,stomping-tantrum,machine,0,Regulation M-A,
745,midnight,Lycanroc-Midnight,stone-edge,machine,0,Regulation M-A,
745,midnight,Lycanroc-Midnight,substitute,machine,0,Regulation M-A,
745,midnight,Lycanroc-Midnight,sucker-punch,machine,0,Regulation M-A,
745,midnight,Lycanroc-Midnight,sunny-day,machine,0,Regulation M-A,
745,midnight,Lycanroc-Midnight,swords-dance,machine,0,Regulation M-A,
745,midnight,Lycanroc-Midnight,taunt,machine,0,Regulation M-A,
745,midnight,Lycanroc-Midnight,thrash,machine,0,Regulation M-A,
745,midnight,Lycanroc-Midnight,throat-chop,machine,0,Regulation M-A,
745,midnight,Lycanroc-Midnight,thunder-fang,machine,0,Regulation M-A,
745,midnight,Lycanroc-Midnight,thunder-punch,machine,0,Regulation M-A,
745,midnight,Lycanroc-Midnight,trailblaze,machine,0,Regulation M-A,
745,midnight,Lycanroc-Midnight,upper-hand,machine,0,Regulation M-A,
745,midnight,Lycanroc-Midnight,uproar,machine,0,Regulation M-A,
745,midnight,Lycanroc-Midnight,zen-headbutt,machine,0,Regulation M-A,
748,"",Toxapex,acid-spray,machine,0,Regulation M-A,
748,"",Toxapex,baneful-bunker,machine,0,Regulation M-A,
748,"",Toxapex,bite,machine,0,Regulation M-A,
748,"",Toxapex,blizzard,machine,0,Regulation M-A,
748,"",Toxapex,body-slam,machine,0,Regulation M-A,
748,"",Toxapex,chilling-water,machine,0,Regulation M-A,
748,"",Toxapex,cross-poison,machine,0,Regulation M-A,
748,"",Toxapex,endure,machine,0,Regulation M-A,
748,"",Toxapex,facade,machine,0,Regulation M-A,
748,"",Toxapex,giga-impact,machine,0,Regulation M-A,
748,"",Toxapex,gunk-shot,machine,0,Regulation M-A,
748,"",Toxapex,haze,machine,0,Regulation M-A,
748,"",Toxapex,hex,machine,0,Regulation M-A,
748,"",Toxapex,hydro-pump,machine,0,Regulation M-A,
748,"",Toxapex,hyper-beam,machine,0,Regulation M-A,
748,"",Toxapex,ice-beam,machine,0,Regulation M-A,
748,"",Toxapex,ice-spinner,machine,0,Regulation M-A,
748,"",Toxapex,icy-wind,machine,0,Regulation M-A,
748,"",Toxapex,infestation,machine,0,Regulation M-A,
748,"",Toxapex,iron-defense,machine,0,Regulation M-A,
748,"",Toxapex,light-screen,machine,0,Regulation M-A,
748,"",Toxapex,liquidation,machine,0,Regulation M-A,
748,"",Toxapex,lunge,machine,0,Regulation M-A,
748,"",Toxapex,mud-shot,machine,0,Regulation M-A,
748,"",Toxapex,muddy-water,machine,0,Regulation M-A,
748,"",Toxapex,pain-split,machine,0,Regulation M-A,
748,"",Toxapex,payback,machine,0,Regulation M-A,
748,"",Toxapex,pin-missile,machine,0,Regulation M-A,
748,"",Toxapex,poison-jab,machine,0,Regulation M-A,
748,"",Toxapex,pounce,machine,0,Regulation M-A,
748,"",Toxapex,protect,machine,0,Regulation M-A,
748,"",Toxapex,rain-dance,machine,0,Regulation M-A,
748,"",Toxapex,recover,machine,0,Regulation M-A,
748,"",Toxapex,rest,machine,0,Regulation M-A,
748,"",Toxapex,round,machine,0,Regulation M-A,
748,"",Toxapex,scary-face,machine,0,Regulation M-A,
748,"",Toxapex,sleep-talk,machine,0,Regulation M-A,
748,"",Toxapex,sludge-bomb,machine,0,Regulation M-A,
748,"",Toxapex,sludge-wave,machine,0,Regulation M-A,
748,"",Toxapex,smack-down,machine,0,Regulation M-A,
748,"",Toxapex,snore,machine,0,Regulation M-A,
748,"",Toxapex,spit-up,machine,0,Regulation M-A,
748,"",Toxapex,stockpile,machine,0,Regulation M-A,
748,"",Toxapex,substitute,machine,0,Regulation M-A,
748,"",Toxapex,surf,machine,0,Regulation M-A,
748,"",Toxapex,swallow,machine,0,Regulation M-A,
748,"",Toxapex,toxic,machine,0,Regulation M-A,
748,"",Toxapex,toxic-spikes,machine,0,Regulation M-A,
748,"",Toxapex,venoshock,machine,0,Regulation M-A,
748,"",Toxapex,water-pulse,machine,0,Regulation M-A,
748,"",Toxapex,wide-guard,machine,0,Regulation M-A,
750,"",Mudsdale,body-press,machine,0,Regulation M-A,
750,"",Mudsdale,body-slam,machine,0,Regulation M-A,
750,"",Mudsdale,bulldoze,machine,0,Regulation M-A,
750,"",Mudsdale,close-combat,machine,0,Regulation M-A,
750,"",Mudsdale,counter,machine,0,Regulation M-A,
750,"",Mudsdale,curse,machine,0,Regulation M-A,
750,"",Mudsdale,double-edge,machine,0,Regulation M-A,
750,"",Mudsdale,earth-power,machine,0,Regulation M-A,
750,"",Mudsdale,earthquake,machine,0,Regulation M-A,
750,"",Mudsdale,endeavor,machine,0,Regulation M-A,
750,"",Mudsdale,endure,machine,0,Regulation M-A,
750,"",Mudsdale,facade,machine,0,Regulation M-A,
750,"",Mudsdale,fissure,machine,0,Regulation M-A,
750,"",Mudsdale,focus-blast,machine,0,Regulation M-A,
750,"",Mudsdale,giga-impact,machine,0,Regulation M-A,
750,"",Mudsdale,heavy-slam,machine,0,Regulation M-A,
750,"",Mudsdale,high-horsepower,machine,0,Regulation M-A,
750,"",Mudsdale,hyper-beam,machine,0,Regulation M-A,
750,"",Mudsdale,iron-defense,machine,0,Regulation M-A,
750,"",Mudsdale,iron-head,machine,0,Regulation M-A,
750,"",Mudsdale,lash-out,machine,0,Regulation M-A,
750,"",Mudsdale,low-kick,machine,0,Regulation M-A,
750,"",Mudsdale,low-sweep,machine,0,Regulation M-A,
750,"",Mudsdale,mega-kick,machine,0,Regulation M-A,
750,"",Mudsdale,mud-shot,machine,0,Regulation M-A,
750,"",Mudsdale,mud-slap,machine,0,Regulation M-A,
750,"",Mudsdale,payback,machine,0,Regulation M-A,
750,"",Mudsdale,protect,machine,0,Regulation M-A,
750,"",Mudsdale,rest,machine,0,Regulation M-A,
750,"",Mudsdale,roar,machine,0,Regulation M-A,
750,"",Mudsdale,rock-slide,machine,0,Regulation M-A,
750,"",Mudsdale,rock-tomb,machine,0,Regulation M-A,
750,"",Mudsdale,round,machine,0,Regulation M-A,
750,"",Mudsdale,sand-tomb,machine,0,Regulation M-A,
750,"",Mudsdale,sandstorm,machine,0,Regulation M-A,
750,"",Mudsdale,scary-face,machine,0,Regulation M-A,
750,"",Mudsdale,sleep-talk,machine,0,Regulation M-A,
750,"",Mudsdale,smack-down,machine,0,Regulation M-A,
750,"",Mudsdale,snore,machine,0,Regulation M-A,
750,"",Mudsdale,stealth-rock,machine,0,Regulation M-A,
750,"",Mudsdale,stomping-tantrum,machine,0,Regulation M-A,
750,"",Mudsdale,stone-edge,machine,0,Regulation M-A,
750,"",Mudsdale,substitute,machine,0,Regulation M-A,
750,"",Mudsdale,sunny-day,machine,0,Regulation M-A,
750,"",Mudsdale,superpower,machine,0,Regulation M-A,
752,"",Araquanid,aqua-ring,machine,0,Regulation M-A,
752,"",Araquanid,attract,machine,0,Regulation M-A,
752,"",Araquanid,bite,machine,0,Regulation M-A,
752,"",Araquanid,blizzard,machine,0,Regulation M-A,
752,"",Araquanid,body-slam,machine,0,Regulation M-A,
752,"",Araquanid,bug-bite,machine,0,Regulation M-A,
752,"",Araquanid,bug-buzz,machine,0,Regulation M-A,
752,"",Araquanid,chilling-water,machine,0,Regulation M-A,
752,"",Araquanid,crunch,machine,0,Regulation M-A,
752,"",Araquanid,dive,machine,0,Regulation M-A,
752,"",Araquanid,endeavor,machine,0,Regulation M-A,
752,"",Araquanid,endure,machine,0,Regulation M-A,
752,"",Araquanid,entrainment,machine,0,Regulation M-A,
752,"",Araquanid,facade,machine,0,Regulation M-A,
752,"",Araquanid,giga-drain,machine,0,Regulation M-A,
752,"",Araquanid,giga-impact,machine,0,Regulation M-A,
752,"",Araquanid,hydro-pump,machine,0,Regulation M-A,
752,"",Araquanid,hyper-beam,machine,0,Regulation M-A,
752,"",Araquanid,ice-beam,machine,0,Regulation M-A,
752,"",Araquanid,icy-wind,machine,0,Regulation M-A,
752,"",Araquanid,infestation,machine,0,Regulation M-A,
752,"",Araquanid,iron-defense,machine,0,Regulation M-A,
752,"",Araquanid,leech-life,machine,0,Regulation M-A,
752,"",Araquanid,liquidation,machine,0,Regulation M-A,
752,"",Araquanid,lunge,machine,0,Regulation M-A,
752,"",Araquanid,magic-room,machine,0,Regulation M-A,
752,"",Araquanid,mirror-coat,machine,0,Regulation M-A,
752,"",Araquanid,poison-jab,machine,0,Regulation M-A,
752,"",Araquanid,pounce,machine,0,Regulation M-A,
752,"",Araquanid,power-split,machine,0,Regulation M-A,
752,"",Araquanid,protect,machine,0,Regulation M-A,
752,"",Araquanid,rain-dance,machine,0,Regulation M-A,
752,"",Araquanid,reflect,machine,0,Regulation M-A,
752,"",Araquanid,rest,machine,0,Regulation M-A,
752,"",Araquanid,round,machine,0,Regulation M-A,
752,"",Araquanid,scary-face,machine,0,Regulation M-A,
752,"",Araquanid,skitter-smack,machine,0,Regulation M-A,
752,"",Araquanid,sleep-talk,machine,0,Regulation M-A,
752,"",Araquanid,snore,machine,0,Regulation M-A,
752,"",Araquanid,soak,machine,0,Regulation M-A,
752,"",Araquanid,spit-up,machine,0,Regulation M-A,
752,"",Araquanid,sticky-web,machine,0,Regulation M-A,
752,"",Araquanid,stockpile,machine,0,Regulation M-A,
752,"",Araquanid,substitute,machine,0,Regulation M-A,
752,"",Araquanid,surf,machine,0,Regulation M-A,
752,"",Araquanid,trailblaze,machine,0,Regulation M-A,
752,"",Araquanid,water-pulse,machine,0,Regulation M-A,
752,"",Araquanid,waterfall,machine,0,Regulation M-A,
752,"",Araquanid,wide-guard,machine,0,Regulation M-A,
752,"",Araquanid,wonder-room,machine,0,Regulation M-A,
752,"",Araquanid,x-scissor,machine,0,Regulation M-A,
758,"",Salazzle,acid-spray,machine,0,Regulation M-A,
758,"",Salazzle,acrobatics,machine,0,Regulation M-A,
758,"",Salazzle,agility,machine,0,Regulation M-A,
758,"",Salazzle,beat-up,machine,0,Regulation M-A,
758,"",Salazzle,belch,machine,0,Regulation M-A,
758,"",Salazzle,body-slam,machine,0,Regulation M-A,
758,"",Salazzle,breaking-swipe,machine,0,Regulation M-A,
758,"",Salazzle,burning-jealousy,machine,0,Regulation M-A,
758,"",Salazzle,corrosive-gas,machine,0,Regulation M-A,
758,"",Salazzle,cross-poison,machine,0,Regulation M-A,
758,"",Salazzle,disable,machine,0,Regulation M-A,
758,"",Salazzle,dragon-cheer,machine,0,Regulation M-A,
758,"",Salazzle,dragon-claw,machine,0,Regulation M-A,
758,"",Salazzle,dragon-dance,machine,0,Regulation M-A,
758,"",Salazzle,dragon-pulse,machine,0,Regulation M-A,
758,"",Salazzle,dragon-tail,machine,0,Regulation M-A,
758,"",Salazzle,encore,machine,0,Regulation M-A,
758,"",Salazzle,endeavor,machine,0,Regulation M-A,
758,"",Salazzle,endure,machine,0,Regulation M-A,
758,"",Salazzle,facade,machine,0,Regulation M-A,
758,"",Salazzle,fake-out,machine,0,Regulation M-A,
758,"",Salazzle,fake-tears,machine,0,Regulation M-A,
758,"",Salazzle,fire-blast,machine,0,Regulation M-A,
758,"",Salazzle,fire-fang,machine,0,Regulation M-A,
758,"",Salazzle,fire-lash,machine,0,Regulation M-A,
758,"",Salazzle,flame-charge,machine,0,Regulation M-A,
758,"",Salazzle,flamethrower,machine,0,Regulation M-A,
758,"",Salazzle,flare-blitz,machine,0,Regulation M-A,
758,"",Salazzle,fling,machine,0,Regulation M-A,
758,"",Salazzle,foul-play,machine,0,Regulation M-A,
758,"",Salazzle,giga-impact,machine,0,Regulation M-A,
758,"",Salazzle,gunk-shot,machine,0,Regulation M-A,
758,"",Salazzle,heat-wave,machine,0,Regulation M-A,
758,"",Salazzle,helping-hand,machine,0,Regulation M-A,
758,"",Salazzle,hyper-beam,machine,0,Regulation M-A,
758,"",Salazzle,hyper-voice,machine,0,Regulation M-A,
758,"",Salazzle,iron-tail,machine,0,Regulation M-A,
758,"",Salazzle,knock-off,machine,0,Regulation M-A,
758,"",Salazzle,leech-life,machine,0,Regulation M-A,
758,"",Salazzle,mud-slap,machine,0,Regulation M-A,
758,"",Salazzle,nasty-plot,machine,0,Regulation M-A,
758,"",Salazzle,overheat,machine,0,Regulation M-A,
758,"",Salazzle,payback,machine,0,Regulation M-A,
758,"",Salazzle,poison-fang,machine,0,Regulation M-A,
758,"",Salazzle,poison-jab,machine,0,Regulation M-A,
758,"",Salazzle,protect,machine,0,Regulation M-A,
758,"",Salazzle,rest,machine,0,Regulation M-A,
758,"",Salazzle,round,machine,0,Regulation M-A,
758,"",Salazzle,scale-shot,machine,0,Regulation M-A,
758,"",Salazzle,scary-face,machine,0,Regulation M-A,
758,"",Salazzle,shadow-claw,machine,0,Regulation M-A,
758,"",Salazzle,skitter-smack,machine,0,Regulation M-A,
758,"",Salazzle,sleep-talk,machine,0,Regulation M-A,
758,"",Salazzle,sludge-bomb,machine,0,Regulation M-A,
758,"",Salazzle,sludge-wave,machine,0,Regulation M-A,
758,"",Salazzle,snore,machine,0,Regulation M-A,
758,"",Salazzle,substitute,machine,0,Regulation M-A,
758,"",Salazzle,sunny-day,machine,0,Regulation M-A,
758,"",Salazzle,swagger,machine,0,Regulation M-A,
758,"",Salazzle,sweet-scent,machine,0,Regulation M-A,
758,"",Salazzle,taunt,machine,0,Regulation M-A,
758,"",Salazzle,temper-flare,machine,0,Regulation M-A,
758,"",Salazzle,thief,machine,0,Regulation M-A,
758,"",Salazzle,thunder-wave,machine,0,Regulation M-A,
758,"",Salazzle,torment,machine,0,Regulation M-A,
758,"",Salazzle,toxic,machine,0,Regulation M-A,
758,"",Salazzle,toxic-spikes,machine,0,Regulation M-A,
758,"",Salazzle,trailblaze,machine,0,Regulation M-A,
758,"",Salazzle,venoshock,machine,0,Regulation M-A,
758,"",Salazzle,will-o-wisp,machine,0,Regulation M-A,
763,"",Tsareena,acrobatics,machine,0,Regulation M-A,
763,"",Tsareena,acupressure,machine,0,Regulation M-A,
763,"",Tsareena,aromatic-mist,machine,0,Regulation M-A,
763,"",Tsareena,bounce,machine,0,Regulation M-A,
763,"",Tsareena,bullet-seed,machine,0,Regulation M-A,
763,"",Tsareena,charm,machine,0,Regulation M-A,
763,"",Tsareena,dazzling-gleam,machine,0,Regulation M-A,
763,"",Tsareena,draining-kiss,machine,0,Regulation M-A,
763,"",Tsareena,endeavor,machine,0,Regulation M-A,
763,"",Tsareena,endure,machine,0,Regulation M-A,
763,"",Tsareena,energy-ball,machine,0,Regulation M-A,
763,"",Tsareena,facade,machine,0,Regulation M-A,
763,"",Tsareena,flail,machine,0,Regulation M-A,
763,"",Tsareena,fling,machine,0,Regulation M-A,
763,"",Tsareena,giga-drain,machine,0,Regulation M-A,
763,"",Tsareena,giga-impact,machine,0,Regulation M-A,
763,"",Tsareena,grass-knot,machine,0,Regulation M-A,
763,"",Tsareena,grassy-glide,machine,0,Regulation M-A,
763,"",Tsareena,grassy-terrain,machine,0,Regulation M-A,
763,"",Tsareena,helping-hand,machine,0,Regulation M-A,
763,"",Tsareena,high-jump-kick,machine,0,Regulation M-A,
763,"",Tsareena,hyper-beam,machine,0,Regulation M-A,
763,"",Tsareena,knock-off,machine,0,Regulation M-A,
763,"",Tsareena,leaf-storm,machine,0,Regulation M-A,
763,"",Tsareena,light-screen,machine,0,Regulation M-A,
763,"",Tsareena,low-kick,machine,0,Regulation M-A,
763,"",Tsareena,low-sweep,machine,0,Regulation M-A,
763,"",Tsareena,mega-kick,machine,0,Regulation M-A,
763,"",Tsareena,payback,machine,0,Regulation M-A,
763,"",Tsareena,petal-blizzard,machine,0,Regulation M-A,
763,"",Tsareena,play-rough,machine,0,Regulation M-A,
763,"",Tsareena,power-whip,machine,0,Regulation M-A,
763,"",Tsareena,protect,machine,0,Regulation M-A,
763,"",Tsareena,rapid-spin,machine,0,Regulation M-A,
763,"",Tsareena,reflect,machine,0,Regulation M-A,
763,"",Tsareena,rest,machine,0,Regulation M-A,
763,"",Tsareena,round,machine,0,Regulation M-A,
763,"",Tsareena,seed-bomb,machine,0,Regulation M-A,
763,"",Tsareena,sleep-talk,machine,0,Regulation M-A,
763,"",Tsareena,snore,machine,0,Regulation M-A,
763,"",Tsareena,solar-beam,machine,0,Regulation M-A,
763,"",Tsareena,solar-blade,machine,0,Regulation M-A,
763,"",Tsareena,substitute,machine,0,Regulation M-A,
763,"",Tsareena,sunny-day,machine,0,Regulation M-A,
763,"",Tsareena,swagger,machine,0,Regulation M-A,
763,"",Tsareena,sweet-scent,machine,0,Regulation M-A,
763,"",Tsareena,synthesis,machine,0,Regulation M-A,
763,"",Tsareena,taunt,machine,0,Regulation M-A,
763,"",Tsareena,teeter-dance,machine,0,Regulation M-A,
763,"",Tsareena,trailblaze,machine,0,Regulation M-A,
763,"",Tsareena,triple-axel,machine,0,Regulation M-A,
763,"",Tsareena,trop-kick,machine,0,Regulation M-A,
763,"",Tsareena,u-turn,machine,0,Regulation M-A,
763,"",Tsareena,zen-headbutt,machine,0,Regulation M-A,
765,"",Oranguru,after-you,machine,0,Regulation M-A,
765,"",Oranguru,body-slam,machine,0,Regulation M-A,
765,"",Oranguru,brick-break,machine,0,Regulation M-A,
765,"",Oranguru,bulldoze,machine,0,Regulation M-A,
765,"",Oranguru,calm-mind,machine,0,Regulation M-A,
765,"",Oranguru,charge-beam,machine,0,Regulation M-A,
765,"",Oranguru,chilling-water,machine,0,Regulation M-A,
765,"",Oranguru,earthquake,machine,0,Regulation M-A,
765,"",Oranguru,encore,machine,0,Regulation M-A,
765,"",Oranguru,endeavor,machine,0,Regulation M-A,
765,"",Oranguru,endure,machine,0,Regulation M-A,
765,"",Oranguru,energy-ball,machine,0,Regulation M-A,
765,"",Oranguru,expanding-force,machine,0,Regulation M-A,
765,"",Oranguru,extrasensory,machine,0,Regulation M-A,
765,"",Oranguru,facade,machine,0,Regulation M-A,
765,"",Oranguru,fling,machine,0,Regulation M-A,
765,"",Oranguru,focus-blast,machine,0,Regulation M-A,
765,"",Oranguru,foul-play,machine,0,Regulation M-A,
765,"",Oranguru,future-sight,machine,0,Regulation M-A,
765,"",Oranguru,giga-impact,machine,0,Regulation M-A,
765,"",Oranguru,gravity,machine,0,Regulation M-A,
765,"",Oranguru,hyper-beam,machine,0,Regulation M-A,
765,"",Oranguru,hyper-voice,machine,0,Regulation M-A,
765,"",Oranguru,imprison,machine,0,Regulation M-A,
765,"",Oranguru,instruct,machine,0,Regulation M-A,
765,"",Oranguru,knock-off,machine,0,Regulation M-A,
765,"",Oranguru,last-resort,machine,0,Regulation M-A,
765,"",Oranguru,light-screen,machine,0,Regulation M-A,
765,"",Oranguru,magic-room,machine,0,Regulation M-A,
765,"",Oranguru,mega-kick,machine,0,Regulation M-A,
765,"",Oranguru,nasty-plot,machine,0,Regulation M-A,
765,"",Oranguru,pain-split,machine,0,Regulation M-A,
765,"",Oranguru,payback,machine,0,Regulation M-A,
765,"",Oranguru,protect,machine,0,Regulation M-A,
765,"",Oranguru,psych-up,machine,0,Regulation M-A,
765,"",Oranguru,psychic,machine,0,Regulation M-A,
765,"",Oranguru,psychic-noise,machine,0,Regulation M-A,
765,"",Oranguru,psychic-terrain,machine,0,Regulation M-A,
765,"",Oranguru,psyshock,machine,0,Regulation M-A,
765,"",Oranguru,quash,machine,0,Regulation M-A,
765,"",Oranguru,rain-dance,machine,0,Regulation M-A,
765,"",Oranguru,reflect,machine,0,Regulation M-A,
765,"",Oranguru,rest,machine,0,Regulation M-A,
765,"",Oranguru,rock-slide,machine,0,Regulation M-A,
765,"",Oranguru,round,machine,0,Regulation M-A,
765,"",Oranguru,safeguard,machine,0,Regulation M-A,
765,"",Oranguru,scary-face,machine,0,Regulation M-A,
765,"",Oranguru,shadow-ball,machine,0,Regulation M-A,
765,"",Oranguru,skill-swap,machine,0,Regulation M-A,
765,"",Oranguru,sleep-talk,machine,0,Regulation M-A,
765,"",Oranguru,snore,machine,0,Regulation M-A,
765,"",Oranguru,stored-power,machine,0,Regulation M-A,
765,"",Oranguru,substitute,machine,0,Regulation M-A,
765,"",Oranguru,sunny-day,machine,0,Regulation M-A,
765,"",Oranguru,taunt,machine,0,Regulation M-A,
765,"",Oranguru,terrain-pulse,machine,0,Regulation M-A,
765,"",Oranguru,thunder,machine,0,Regulation M-A,
765,"",Oranguru,thunderbolt,machine,0,Regulation M-A,
765,"",Oranguru,trailblaze,machine,0,Regulation M-A,
765,"",Oranguru,trick,machine,0,Regulation M-A,
765,"",Oranguru,trick-room,machine,0,Regulation M-A,
765,"",Oranguru,wonder-room,machine,0,Regulation M-A,
765,"",Oranguru,yawn,machine,0,Regulation M-A,
765,"",Oranguru,zen-headbutt,machine,0,Regulation M-A,
766,"",Passimian,acrobatics,machine,0,Regulation M-A,
766,"",Passimian,assurance,machine,0,Regulation M-A,
766,"",Passimian,baton-pass,machine,0,Regulation M-A,
766,"",Passimian,beat-up,machine,0,Regulation M-A,
766,"",Passimian,body-slam,machine,0,Regulation M-A,
766,"",Passimian,brick-break,machine,0,Regulation M-A,
766,"",Passimian,brutal-swing,machine,0,Regulation M-A,
766,"",Passimian,bulk-up,machine,0,Regulation M-A,
766,"",Passimian,bulldoze,machine,0,Regulation M-A,
766,"",Passimian,chilling-water,machine,0,Regulation M-A,
766,"",Passimian,close-combat,machine,0,Regulation M-A,
766,"",Passimian,coaching,machine,0,Regulation M-A,
766,"",Passimian,counter,machine,0,Regulation M-A,
766,"",Passimian,curse,machine,0,Regulation M-A,
766,"",Passimian,double-edge,machine,0,Regulation M-A,
766,"",Passimian,drain-punch,machine,0,Regulation M-A,
766,"",Passimian,earthquake,machine,0,Regulation M-A,
766,"",Passimian,electroweb,machine,0,Regulation M-A,
766,"",Passimian,endure,machine,0,Regulation M-A,
766,"",Passimian,energy-ball,machine,0,Regulation M-A,
766,"",Passimian,facade,machine,0,Regulation M-A,
766,"",Passimian,feint,machine,0,Regulation M-A,
766,"",Passimian,fling,machine,0,Regulation M-A,
766,"",Passimian,focus-blast,machine,0,Regulation M-A,
766,"",Passimian,focus-energy,machine,0,Regulation M-A,
766,"",Passimian,focus-punch,machine,0,Regulation M-A,
766,"",Passimian,giga-impact,machine,0,Regulation M-A,
766,"",Passimian,grass-knot,machine,0,Regulation M-A,
766,"",Passimian,gunk-shot,machine,0,Regulation M-A,
766,"",Passimian,gyro-ball,machine,0,Regulation M-A,
766,"",Passimian,hyper-beam,machine,0,Regulation M-A,
766,"",Passimian,iron-head,machine,0,Regulation M-A,
766,"",Passimian,iron-tail,machine,0,Regulation M-A,
766,"",Passimian,knock-off,machine,0,Regulation M-A,
766,"",Passimian,low-kick,machine,0,Regulation M-A,
766,"",Passimian,low-sweep,machine,0,Regulation M-A,
766,"",Passimian,mega-kick,machine,0,Regulation M-A,
766,"",Passimian,pain-split,machine,0,Regulation M-A,
766,"",Passimian,payback,machine,0,Regulation M-A,
766,"",Passimian,protect,machine,0,Regulation M-A,
766,"",Passimian,quick-attack,machine,0,Regulation M-A,
766,"",Passimian,quick-guard,machine,0,Regulation M-A,
766,"",Passimian,rain-dance,machine,0,Regulation M-A,
766,"",Passimian,rest,machine,0,Regulation M-A,
766,"",Passimian,reversal,machine,0,Regulation M-A,
766,"",Passimian,rock-slide,machine,0,Regulation M-A,
766,"",Passimian,rock-tomb,machine,0,Regulation M-A,
766,"",Passimian,round,machine,0,Regulation M-A,
766,"",Passimian,scary-face,machine,0,Regulation M-A,
766,"",Passimian,seed-bomb,machine,0,Regulation M-A,
766,"",Passimian,seismic-toss,machine,0,Regulation M-A,
766,"",Passimian,shadow-ball,machine,0,Regulation M-A,
766,"",Passimian,sleep-talk,machine,0,Regulation M-A,
766,"",Passimian,smack-down,machine,0,Regulation M-A,
766,"",Passimian,snore,machine,0,Regulation M-A,
766,"",Passimian,substitute,machine,0,Regulation M-A,
766,"",Passimian,sunny-day,machine,0,Regulation M-A,
766,"",Passimian,superpower,machine,0,Regulation M-A,
766,"",Passimian,taunt,machine,0,Regulation M-A,
766,"",Passimian,thief,machine,0,Regulation M-A,
766,"",Passimian,thrash,machine,0,Regulation M-A,
766,"",Passimian,trailblaze,machine,0,Regulation M-A,
766,"",Passimian,u-turn,machine,0,Regulation M-A,
766,"",Passimian,upper-hand,machine,0,Regulation M-A,
766,"",Passimian,uproar,machine,0,Regulation M-A,
766,"",Passimian,vacuum-wave,machine,0,Regulation M-A,
778,"",Mimikyu,baby-doll-eyes,machine,0,Regulation M-A,
778,"",Mimikyu,beat-up,machine,0,Regulation M-A,
778,"",Mimikyu,bulk-up,machine,0,Regulation M-A,
778,"",Mimikyu,burning-jealousy,machine,0,Regulation M-A,
778,"",Mimikyu,charm,machine,0,Regulation M-A,
778,"",Mimikyu,confuse-ray,machine,0,Regulation M-A,
778,"",Mimikyu,copycat,machine,0,Regulation M-A,
778,"",Mimikyu,curse,machine,0,Regulation M-A,
778,"",Mimikyu,dark-pulse,machine,0,Regulation M-A,
778,"",Mimikyu,dazzling-gleam,machine,0,Regulation M-A,
778,"",Mimikyu,destiny-bond,machine,0,Regulation M-A,
778,"",Mimikyu,double-team,machine,0,Regulation M-A,
778,"",Mimikyu,drain-punch,machine,0,Regulation M-A,
778,"",Mimikyu,draining-kiss,machine,0,Regulation M-A,
778,"",Mimikyu,endure,machine,0,Regulation M-A,
778,"",Mimikyu,facade,machine,0,Regulation M-A,
778,"",Mimikyu,fling,machine,0,Regulation M-A,
778,"",Mimikyu,giga-drain,machine,0,Regulation M-A,
778,"",Mimikyu,giga-impact,machine,0,Regulation M-A,
778,"",Mimikyu,hex,machine,0,Regulation M-A,
778,"",Mimikyu,hyper-beam,machine,0,Regulation M-A,
778,"",Mimikyu,leech-life,machine,0,Regulation M-A,
778,"",Mimikyu,light-screen,machine,0,Regulation M-A,
778,"",Mimikyu,magic-room,machine,0,Regulation M-A,
778,"",Mimikyu,misty-terrain,machine,0,Regulation M-A,
778,"",Mimikyu,night-shade,machine,0,Regulation M-A,
778,"",Mimikyu,night-slash,machine,0,Regulation M-A,
778,"",Mimikyu,pain-split,machine,0,Regulation M-A,
778,"",Mimikyu,payback,machine,0,Regulation M-A,
778,"",Mimikyu,phantom-force,machine,0,Regulation M-A,
778,"",Mimikyu,play-rough,machine,0,Regulation M-A,
778,"",Mimikyu,pounce,machine,0,Regulation M-A,
778,"",Mimikyu,protect,machine,0,Regulation M-A,
778,"",Mimikyu,psych-up,machine,0,Regulation M-A,
778,"",Mimikyu,psychic,machine,0,Regulation M-A,
778,"",Mimikyu,rain-dance,machine,0,Regulation M-A,
778,"",Mimikyu,rest,machine,0,Regulation M-A,
778,"",Mimikyu,round,machine,0,Regulation M-A,
778,"",Mimikyu,safeguard,machine,0,Regulation M-A,
778,"",Mimikyu,screech,machine,0,Regulation M-A,
778,"",Mimikyu,shadow-ball,machine,0,Regulation M-A,
778,"",Mimikyu,shadow-claw,machine,0,Regulation M-A,
778,"",Mimikyu,shadow-sneak,machine,0,Regulation M-A,
778,"",Mimikyu,sleep-talk,machine,0,Regulation M-A,
778,"",Mimikyu,snore,machine,0,Regulation M-A,
778,"",Mimikyu,spite,machine,0,Regulation M-A,
778,"",Mimikyu,substitute,machine,0,Regulation M-A,
778,"",Mimikyu,sunny-day,machine,0,Regulation M-A,
778,"",Mimikyu,swords-dance,machine,0,Regulation M-A,
778,"",Mimikyu,taunt,machine,0,Regulation M-A,
778,"",Mimikyu,thief,machine,0,Regulation M-A,
778,"",Mimikyu,thunder,machine,0,Regulation M-A,
778,"",Mimikyu,thunder-wave,machine,0,Regulation M-A,
778,"",Mimikyu,thunderbolt,machine,0,Regulation M-A,
778,"",Mimikyu,trailblaze,machine,0,Regulation M-A,
778,"",Mimikyu,trick,machine,0,Regulation M-A,
778,"",Mimikyu,trick-room,machine,0,Regulation M-A,
778,"",Mimikyu,will-o-wisp,machine,0,Regulation M-A,
778,"",Mimikyu,wood-hammer,machine,0,Regulation M-A,
778,"",Mimikyu,x-scissor,machine,0,Regulation M-A,
780,"",Drampa,amnesia,machine,0,Regulation M-A,
780,"",Drampa,attract,machine,0,Regulation M-A,
780,"",Drampa,blizzard,machine,0,Regulation M-A,
780,"",Drampa,body-slam,machine,0,Regulation M-A,
780,"",Drampa,breaking-swipe,machine,0,Regulation M-A,
780,"",Drampa,bulldoze,machine,0,Regulation M-A,
780,"",Drampa,calm-mind,machine,0,Regulation M-A,
780,"",Drampa,draco-meteor,machine,0,Regulation M-A,
780,"",Drampa,dragon-cheer,machine,0,Regulation M-A,
780,"",Drampa,dragon-claw,machine,0,Regulation M-A,
780,"",Drampa,dragon-dance,machine,0,Regulation M-A,
780,"",Drampa,dragon-pulse,machine,0,Regulation M-A,
780,"",Drampa,dragon-rush,machine,0,Regulation M-A,
780,"",Drampa,earth-power,machine,0,Regulation M-A,
780,"",Drampa,earthquake,machine,0,Regulation M-A,
780,"",Drampa,endure,machine,0,Regulation M-A,
780,"",Drampa,energy-ball,machine,0,Regulation M-A,
780,"",Drampa,extrasensory,machine,0,Regulation M-A,
780,"",Drampa,facade,machine,0,Regulation M-A,
780,"",Drampa,fire-blast,machine,0,Regulation M-A,
780,"",Drampa,flamethrower,machine,0,Regulation M-A,
780,"",Drampa,fling,machine,0,Regulation M-A,
780,"",Drampa,fly,machine,0,Regulation M-A,
780,"",Drampa,focus-blast,machine,0,Regulation M-A,
780,"",Drampa,giga-impact,machine,0,Regulation M-A,
780,"",Drampa,glare,machine,0,Regulation M-A,
780,"",Drampa,grass-knot,machine,0,Regulation M-A,
780,"",Drampa,heat-wave,machine,0,Regulation M-A,
780,"",Drampa,helping-hand,machine,0,Regulation M-A,
780,"",Drampa,hurricane,machine,0,Regulation M-A,
780,"",Drampa,hydro-pump,machine,0,Regulation M-A,
780,"",Drampa,hyper-beam,machine,0,Regulation M-A,
780,"",Drampa,hyper-voice,machine,0,Regulation M-A,
780,"",Drampa,ice-beam,machine,0,Regulation M-A,
780,"",Drampa,icy-wind,machine,0,Regulation M-A,
780,"",Drampa,lash-out,machine,0,Regulation M-A,
780,"",Drampa,light-screen,machine,0,Regulation M-A,
780,"",Drampa,outrage,machine,0,Regulation M-A,
780,"",Drampa,play-rough,machine,0,Regulation M-A,
780,"",Drampa,protect,machine,0,Regulation M-A,
780,"",Drampa,rain-dance,machine,0,Regulation M-A,
780,"",Drampa,rest,machine,0,Regulation M-A,
780,"",Drampa,rock-slide,machine,0,Regulation M-A,
780,"",Drampa,roost,machine,0,Regulation M-A,
780,"",Drampa,round,machine,0,Regulation M-A,
780,"",Drampa,safeguard,machine,0,Regulation M-A,
780,"",Drampa,scale-shot,machine,0,Regulation M-A,
780,"",Drampa,shadow-ball,machine,0,Regulation M-A,
780,"",Drampa,shadow-claw,machine,0,Regulation M-A,
780,"",Drampa,sleep-talk,machine,0,Regulation M-A,
780,"",Drampa,snarl,machine,0,Regulation M-A,
780,"",Drampa,snore,machine,0,Regulation M-A,
780,"",Drampa,solar-beam,machine,0,Regulation M-A,
780,"",Drampa,steel-wing,machine,0,Regulation M-A,
780,"",Drampa,stomping-tantrum,machine,0,Regulation M-A,
780,"",Drampa,substitute,machine,0,Regulation M-A,
780,"",Drampa,sunny-day,machine,0,Regulation M-A,
780,"",Drampa,superpower,machine,0,Regulation M-A,
780,"",Drampa,surf,machine,0,Regulation M-A,
780,"",Drampa,thunder,machine,0,Regulation M-A,
780,"",Drampa,thunder-wave,machine,0,Regulation M-A,
780,"",Drampa,thunderbolt,machine,0,Regulation M-A,
780,"",Drampa,tickle,machine,0,Regulation M-A,
780,"",Drampa,tri-attack,machine,0,Regulation M-A,
780,"",Drampa,uproar,machine,0,Regulation M-A,
780,"",Drampa,whirlwind,machine,0,Regulation M-A,
784,"",Kommo-o,aerial-ace,machine,0,Regulation M-A,
784,"",Kommo-o,attract,machine,0,Regulation M-A,
784,"",Kommo-o,aura-sphere,machine,0,Regulation M-A,
784,"",Kommo-o,belly-drum,machine,0,Regulation M-A,
784,"",Kommo-o,body-press,machine,0,Regulation M-A,
784,"",Kommo-o,body-slam,machine,0,Regulation M-A,
784,"",Kommo-o,boomburst,machine,0,Regulation M-A,
784,"",Kommo-o,breaking-swipe,machine,0,Regulation M-A,
784,"",Kommo-o,brick-break,machine,0,Regulation M-A,
784,"",Kommo-o,brutal-swing,machine,0,Regulation M-A,
784,"",Kommo-o,bulk-up,machine,0,Regulation M-A,
784,"",Kommo-o,bulldoze,machine,0,Regulation M-A,
784,"",Kommo-o,clanging-scales,machine,0,Regulation M-A,
784,"",Kommo-o,clangorous-soul,machine,0,Regulation M-A,
784,"",Kommo-o,close-combat,machine,0,Regulation M-A,
784,"",Kommo-o,coaching,machine,0,Regulation M-A,
784,"",Kommo-o,counter,machine,0,Regulation M-A,
784,"",Kommo-o,double-edge,machine,0,Regulation M-A,
784,"",Kommo-o,draco-meteor,machine,0,Regulation M-A,
784,"",Kommo-o,dragon-cheer,machine,0,Regulation M-A,
784,"",Kommo-o,dragon-claw,machine,0,Regulation M-A,
784,"",Kommo-o,dragon-dance,machine,0,Regulation M-A,
784,"",Kommo-o,dragon-pulse,machine,0,Regulation M-A,
784,"",Kommo-o,dragon-tail,machine,0,Regulation M-A,
784,"",Kommo-o,drain-punch,machine,0,Regulation M-A,
784,"",Kommo-o,earthquake,machine,0,Regulation M-A,
784,"",Kommo-o,endeavor,machine,0,Regulation M-A,
784,"",Kommo-o,endure,machine,0,Regulation M-A,
784,"",Kommo-o,facade,machine,0,Regulation M-A,
784,"",Kommo-o,fire-punch,machine,0,Regulation M-A,
784,"",Kommo-o,flamethrower,machine,0,Regulation M-A,
784,"",Kommo-o,flash-cannon,machine,0,Regulation M-A,
784,"",Kommo-o,fling,machine,0,Regulation M-A,
784,"",Kommo-o,focus-blast,machine,0,Regulation M-A,
784,"",Kommo-o,focus-punch,machine,0,Regulation M-A,
784,"",Kommo-o,giga-impact,machine,0,Regulation M-A,
784,"",Kommo-o,helping-hand,machine,0,Regulation M-A,
784,"",Kommo-o,hyper-beam,machine,0,Regulation M-A,
784,"",Kommo-o,hyper-voice,machine,0,Regulation M-A,
784,"",Kommo-o,ice-punch,machine,0,Regulation M-A,
784,"",Kommo-o,iron-defense,machine,0,Regulation M-A,
784,"",Kommo-o,iron-head,machine,0,Regulation M-A,
784,"",Kommo-o,iron-tail,machine,0,Regulation M-A,
784,"",Kommo-o,low-kick,machine,0,Regulation M-A,
784,"",Kommo-o,mega-kick,machine,0,Regulation M-A,
784,"",Kommo-o,metal-sound,machine,0,Regulation M-A,
784,"",Kommo-o,noble-roar,machine,0,Regulation M-A,
784,"",Kommo-o,outrage,machine,0,Regulation M-A,
784,"",Kommo-o,payback,machine,0,Regulation M-A,
784,"",Kommo-o,poison-jab,machine,0,Regulation M-A,
784,"",Kommo-o,protect,machine,0,Regulation M-A,
784,"",Kommo-o,rain-dance,machine,0,Regulation M-A,
784,"",Kommo-o,rest,machine,0,Regulation M-A,
784,"",Kommo-o,reversal,machine,0,Regulation M-A,
784,"",Kommo-o,roar,machine,0,Regulation M-A,
784,"",Kommo-o,rock-slide,machine,0,Regulation M-A,
784,"",Kommo-o,rock-tomb,machine,0,Regulation M-A,
784,"",Kommo-o,round,machine,0,Regulation M-A,
784,"",Kommo-o,sandstorm,machine,0,Regulation M-A,
784,"",Kommo-o,scale-shot,machine,0,Regulation M-A,
784,"",Kommo-o,scary-face,machine,0,Regulation M-A,
784,"",Kommo-o,screech,machine,0,Regulation M-A,
784,"",Kommo-o,shadow-claw,machine,0,Regulation M-A,
784,"",Kommo-o,sleep-talk,machine,0,Regulation M-A,
784,"",Kommo-o,snore,machine,0,Regulation M-A,
784,"",Kommo-o,stealth-rock,machine,0,Regulation M-A,
784,"",Kommo-o,stomping-tantrum,machine,0,Regulation M-A,
784,"",Kommo-o,substitute,machine,0,Regulation M-A,
784,"",Kommo-o,sunny-day,machine,0,Regulation M-A,
784,"",Kommo-o,superpower,machine,0,Regulation M-A,
784,"",Kommo-o,swords-dance,machine,0,Regulation M-A,
784,"",Kommo-o,taunt,machine,0,Regulation M-A,
784,"",Kommo-o,throat-chop,machine,0,Regulation M-A,
784,"",Kommo-o,thunder-punch,machine,0,Regulation M-A,
784,"",Kommo-o,upper-hand,machine,0,Regulation M-A,
784,"",Kommo-o,uproar,machine,0,Regulation M-A,
784,"",Kommo-o,vacuum-wave,machine,0,Regulation M-A,
784,"",Kommo-o,x-scissor,machine,0,Regulation M-A,
823,"",Corviknight,aerial-ace,machine,0,Regulation M-A,
823,"",Corviknight,agility,machine,0,Regulation M-A,
823,"",Corviknight,air-cutter,machine,0,Regulation M-A,
823,"",Corviknight,air-slash,machine,0,Regulation M-A,
823,"",Corviknight,assurance,machine,0,Regulation M-A,
823,"",Corviknight,body-press,machine,0,Regulation M-A,
823,"",Corviknight,body-slam,machine,0,Regulation M-A,
823,"",Corviknight,brave-bird,machine,0,Regulation M-A,
823,"",Corviknight,bulk-up,machine,0,Regulation M-A,
823,"",Corviknight,curse,machine,0,Regulation M-A,
823,"",Corviknight,defog,machine,0,Regulation M-A,
823,"",Corviknight,double-edge,machine,0,Regulation M-A,
823,"",Corviknight,drill-peck,machine,0,Regulation M-A,
823,"",Corviknight,dual-wingbeat,machine,0,Regulation M-A,
823,"",Corviknight,endure,machine,0,Regulation M-A,
823,"",Corviknight,facade,machine,0,Regulation M-A,
823,"",Corviknight,fake-tears,machine,0,Regulation M-A,
823,"",Corviknight,feather-dance,machine,0,Regulation M-A,
823,"",Corviknight,flash-cannon,machine,0,Regulation M-A,
823,"",Corviknight,fly,machine,0,Regulation M-A,
823,"",Corviknight,focus-energy,machine,0,Regulation M-A,
823,"",Corviknight,giga-impact,machine,0,Regulation M-A,
823,"",Corviknight,heavy-slam,machine,0,Regulation M-A,
823,"",Corviknight,hurricane,machine,0,Regulation M-A,
823,"",Corviknight,hyper-beam,machine,0,Regulation M-A,
823,"",Corviknight,iron-defense,machine,0,Regulation M-A,
823,"",Corviknight,iron-head,machine,0,Regulation M-A,
823,"",Corviknight,light-screen,machine,0,Regulation M-A,
823,"",Corviknight,metal-sound,machine,0,Regulation M-A,
823,"",Corviknight,nasty-plot,machine,0,Regulation M-A,
823,"",Corviknight,payback,machine,0,Regulation M-A,
823,"",Corviknight,pluck,machine,0,Regulation M-A,
823,"",Corviknight,power-trip,machine,0,Regulation M-A,
823,"",Corviknight,protect,machine,0,Regulation M-A,
823,"",Corviknight,rain-dance,machine,0,Regulation M-A,
823,"",Corviknight,reflect,machine,0,Regulation M-A,
823,"",Corviknight,rest,machine,0,Regulation M-A,
823,"",Corviknight,reversal,machine,0,Regulation M-A,
823,"",Corviknight,roost,machine,0,Regulation M-A,
823,"",Corviknight,round,machine,0,Regulation M-A,
823,"",Corviknight,scary-face,machine,0,Regulation M-A,
823,"",Corviknight,screech,machine,0,Regulation M-A,
823,"",Corviknight,sky-attack,machine,0,Regulation M-A,
823,"",Corviknight,sleep-talk,machine,0,Regulation M-A,
823,"",Corviknight,snore,machine,0,Regulation M-A,
823,"",Corviknight,spite,machine,0,Regulation M-A,
823,"",Corviknight,steel-beam,machine,0,Regulation M-A,
823,"",Corviknight,steel-wing,machine,0,Regulation M-A,
823,"",Corviknight,substitute,machine,0,Regulation M-A,
823,"",Corviknight,sunny-day,machine,0,Regulation M-A,
823,"",Corviknight,swagger,machine,0,Regulation M-A,
823,"",Corviknight,tailwind,machine,0,Regulation M-A,
823,"",Corviknight,taunt,machine,0,Regulation M-A,
823,"",Corviknight,thief,machine,0,Regulation M-A,
823,"",Corviknight,u-turn,machine,0,Regulation M-A,
841,"",Flapple,acid-spray,machine,0,Regulation M-A,
841,"",Flapple,acrobatics,machine,0,Regulation M-A,
841,"",Flapple,aerial-ace,machine,0,Regulation M-A,
841,"",Flapple,air-slash,machine,0,Regulation M-A,
841,"",Flapple,bullet-seed,machine,0,Regulation M-A,
841,"",Flapple,draco-meteor,machine,0,Regulation M-A,
841,"",Flapple,dragon-dance,machine,0,Regulation M-A,
841,"",Flapple,dragon-pulse,machine,0,Regulation M-A,
841,"",Flapple,dragon-rush,machine,0,Regulation M-A,
841,"",Flapple,dual-wingbeat,machine,0,Regulation M-A,
841,"",Flapple,endeavor,machine,0,Regulation M-A,
841,"",Flapple,endure,machine,0,Regulation M-A,
841,"",Flapple,energy-ball,machine,0,Regulation M-A,
841,"",Flapple,facade,machine,0,Regulation M-A,
841,"",Flapple,fly,machine,0,Regulation M-A,
841,"",Flapple,focus-energy,machine,0,Regulation M-A,
841,"",Flapple,giga-drain,machine,0,Regulation M-A,
841,"",Flapple,giga-impact,machine,0,Regulation M-A,
841,"",Flapple,grass-knot,machine,0,Regulation M-A,
841,"",Flapple,grassy-glide,machine,0,Regulation M-A,
841,"",Flapple,grassy-terrain,machine,0,Regulation M-A,
841,"",Flapple,grav-apple,machine,0,Regulation M-A,
841,"",Flapple,growth,machine,0,Regulation M-A,
841,"",Flapple,heavy-slam,machine,0,Regulation M-A,
841,"",Flapple,hyper-beam,machine,0,Regulation M-A,
841,"",Flapple,iron-defense,machine,0,Regulation M-A,
841,"",Flapple,leaf-storm,machine,0,Regulation M-A,
841,"",Flapple,leech-seed,machine,0,Regulation M-A,
841,"",Flapple,outrage,machine,0,Regulation M-A,
841,"",Flapple,pounce,machine,0,Regulation M-A,
841,"",Flapple,protect,machine,0,Regulation M-A,
841,"",Flapple,recycle,machine,0,Regulation M-A,
841,"",Flapple,rest,machine,0,Regulation M-A,
841,"",Flapple,round,machine,0,Regulation M-A,
841,"",Flapple,scary-face,machine,0,Regulation M-A,
841,"",Flapple,seed-bomb,machine,0,Regulation M-A,
841,"",Flapple,sleep-talk,machine,0,Regulation M-A,
841,"",Flapple,snore,machine,0,Regulation M-A,
841,"",Flapple,solar-beam,machine,0,Regulation M-A,
841,"",Flapple,substitute,machine,0,Regulation M-A,
841,"",Flapple,sucker-punch,machine,0,Regulation M-A,
841,"",Flapple,sunny-day,machine,0,Regulation M-A,
841,"",Flapple,trailblaze,machine,0,Regulation M-A,
841,"",Flapple,u-turn,machine,0,Regulation M-A,
842,"",Appletun,amnesia,machine,0,Regulation M-A,
842,"",Appletun,apple-acid,machine,0,Regulation M-A,
842,"",Appletun,body-press,machine,0,Regulation M-A,
842,"",Appletun,body-slam,machine,0,Regulation M-A,
842,"",Appletun,bulldoze,machine,0,Regulation M-A,
842,"",Appletun,bullet-seed,machine,0,Regulation M-A,
842,"",Appletun,curse,machine,0,Regulation M-A,
842,"",Appletun,draco-meteor,machine,0,Regulation M-A,
842,"",Appletun,dragon-pulse,machine,0,Regulation M-A,
842,"",Appletun,dragon-tail,machine,0,Regulation M-A,
842,"",Appletun,earthquake,machine,0,Regulation M-A,
842,"",Appletun,endure,machine,0,Regulation M-A,
842,"",Appletun,energy-ball,machine,0,Regulation M-A,
842,"",Appletun,facade,machine,0,Regulation M-A,
842,"",Appletun,giga-drain,machine,0,Regulation M-A,
842,"",Appletun,giga-impact,machine,0,Regulation M-A,
842,"",Appletun,grass-knot,machine,0,Regulation M-A,
842,"",Appletun,grassy-glide,machine,0,Regulation M-A,
842,"",Appletun,grassy-terrain,machine,0,Regulation M-A,
842,"",Appletun,growth,machine,0,Regulation M-A,
842,"",Appletun,gyro-ball,machine,0,Regulation M-A,
842,"",Appletun,heavy-slam,machine,0,Regulation M-A,
842,"",Appletun,helping-hand,machine,0,Regulation M-A,
842,"",Appletun,high-horsepower,machine,0,Regulation M-A,
842,"",Appletun,hyper-beam,machine,0,Regulation M-A,
842,"",Appletun,iron-defense,machine,0,Regulation M-A,
842,"",Appletun,iron-head,machine,0,Regulation M-A,
842,"",Appletun,leaf-storm,machine,0,Regulation M-A,
842,"",Appletun,leech-seed,machine,0,Regulation M-A,
842,"",Appletun,light-screen,machine,0,Regulation M-A,
842,"",Appletun,outrage,machine,0,Regulation M-A,
842,"",Appletun,pounce,machine,0,Regulation M-A,
842,"",Appletun,protect,machine,0,Regulation M-A,
842,"",Appletun,rain-dance,machine,0,Regulation M-A,
842,"",Appletun,recover,machine,0,Regulation M-A,
842,"",Appletun,recycle,machine,0,Regulation M-A,
842,"",Appletun,reflect,machine,0,Regulation M-A,
842,"",Appletun,rest,machine,0,Regulation M-A,
842,"",Appletun,round,machine,0,Regulation M-A,
842,"",Appletun,seed-bomb,machine,0,Regulation M-A,
842,"",Appletun,sleep-talk,machine,0,Regulation M-A,
842,"",Appletun,snore,machine,0,Regulation M-A,
842,"",Appletun,solar-beam,machine,0,Regulation M-A,
842,"",Appletun,stomping-tantrum,machine,0,Regulation M-A,
842,"",Appletun,substitute,machine,0,Regulation M-A,
842,"",Appletun,sucker-punch,machine,0,Regulation M-A,
842,"",Appletun,sunny-day,machine,0,Regulation M-A,
842,"",Appletun,superpower,machine,0,Regulation M-A,
842,"",Appletun,sweet-scent,machine,0,Regulation M-A,
842,"",Appletun,trailblaze,machine,0,Regulation M-A,
842,"",Appletun,zen-headbutt,machine,0,Regulation M-A,
844,"",Sandaconda,belch,machine,0,Regulation M-A,
844,"",Sandaconda,body-press,machine,0,Regulation M-A,
844,"",Sandaconda,body-slam,machine,0,Regulation M-A,
844,"",Sandaconda,brutal-swing,machine,0,Regulation M-A,
844,"",Sandaconda,bulldoze,machine,0,Regulation M-A,
844,"",Sandaconda,coil,machine,0,Regulation M-A,
844,"",Sandaconda,dig,machine,0,Regulation M-A,
844,"",Sandaconda,dragon-rush,machine,0,Regulation M-A,
844,"",Sandaconda,drill-run,machine,0,Regulation M-A,
844,"",Sandaconda,earth-power,machine,0,Regulation M-A,
844,"",Sandaconda,earthquake,machine,0,Regulation M-A,
844,"",Sandaconda,endeavor,machine,0,Regulation M-A,
844,"",Sandaconda,endure,machine,0,Regulation M-A,
844,"",Sandaconda,facade,machine,0,Regulation M-A,
844,"",Sandaconda,fire-fang,machine,0,Regulation M-A,
844,"",Sandaconda,giga-impact,machine,0,Regulation M-A,
844,"",Sandaconda,glare,machine,0,Regulation M-A,
844,"",Sandaconda,high-horsepower,machine,0,Regulation M-A,
844,"",Sandaconda,hurricane,machine,0,Regulation M-A,
844,"",Sandaconda,hyper-beam,machine,0,Regulation M-A,
844,"",Sandaconda,iron-defense,machine,0,Regulation M-A,
844,"",Sandaconda,iron-head,machine,0,Regulation M-A,
844,"",Sandaconda,last-resort,machine,0,Regulation M-A,
844,"",Sandaconda,minimize,machine,0,Regulation M-A,
844,"",Sandaconda,mud-shot,machine,0,Regulation M-A,
844,"",Sandaconda,mud-slap,machine,0,Regulation M-A,
844,"",Sandaconda,outrage,machine,0,Regulation M-A,
844,"",Sandaconda,protect,machine,0,Regulation M-A,
844,"",Sandaconda,rest,machine,0,Regulation M-A,
844,"",Sandaconda,rock-blast,machine,0,Regulation M-A,
844,"",Sandaconda,rock-slide,machine,0,Regulation M-A,
844,"",Sandaconda,rock-tomb,machine,0,Regulation M-A,
844,"",Sandaconda,round,machine,0,Regulation M-A,
844,"",Sandaconda,sand-tomb,machine,0,Regulation M-A,
844,"",Sandaconda,sandstorm,machine,0,Regulation M-A,
844,"",Sandaconda,scale-shot,machine,0,Regulation M-A,
844,"",Sandaconda,scary-face,machine,0,Regulation M-A,
844,"",Sandaconda,scorching-sands,machine,0,Regulation M-A,
844,"",Sandaconda,screech,machine,0,Regulation M-A,
844,"",Sandaconda,skitter-smack,machine,0,Regulation M-A,
844,"",Sandaconda,sleep-talk,machine,0,Regulation M-A,
844,"",Sandaconda,snore,machine,0,Regulation M-A,
844,"",Sandaconda,stealth-rock,machine,0,Regulation M-A,
844,"",Sandaconda,stone-edge,machine,0,Regulation M-A,
844,"",Sandaconda,substitute,machine,0,Regulation M-A,
844,"",Sandaconda,thunder-fang,machine,0,Regulation M-A,
844,"",Sandaconda,wrap,machine,0,Regulation M-A,
844,"",Sandaconda,zen-headbutt,machine,0,Regulation M-A,
855,"",Polteageist,ally-switch,machine,0,Regulation M-A,
855,"",Polteageist,aromatic-mist,machine,0,Regulation M-A,
855,"",Polteageist,baton-pass,machine,0,Regulation M-A,
855,"",Polteageist,calm-mind,machine,0,Regulation M-A,
855,"",Polteageist,confuse-ray,machine,0,Regulation M-A,
855,"",Polteageist,curse,machine,0,Regulation M-A,
855,"",Polteageist,dark-pulse,machine,0,Regulation M-A,
855,"",Polteageist,endure,machine,0,Regulation M-A,
855,"",Polteageist,facade,machine,0,Regulation M-A,
855,"",Polteageist,foul-play,machine,0,Regulation M-A,
855,"",Polteageist,giga-drain,machine,0,Regulation M-A,
855,"",Polteageist,giga-impact,machine,0,Regulation M-A,
855,"",Polteageist,hex,machine,0,Regulation M-A,
855,"",Polteageist,hyper-beam,machine,0,Regulation M-A,
855,"",Polteageist,imprison,machine,0,Regulation M-A,
855,"",Polteageist,light-screen,machine,0,Regulation M-A,
855,"",Polteageist,memento,machine,0,Regulation M-A,
855,"",Polteageist,nasty-plot,machine,0,Regulation M-A,
855,"",Polteageist,night-shade,machine,0,Regulation M-A,
855,"",Polteageist,pain-split,machine,0,Regulation M-A,
855,"",Polteageist,payback,machine,0,Regulation M-A,
855,"",Polteageist,phantom-force,machine,0,Regulation M-A,
855,"",Polteageist,poltergeist,machine,0,Regulation M-A,
855,"",Polteageist,protect,machine,0,Regulation M-A,
855,"",Polteageist,psychic,machine,0,Regulation M-A,
855,"",Polteageist,psyshock,machine,0,Regulation M-A,
855,"",Polteageist,reflect,machine,0,Regulation M-A,
855,"",Polteageist,rest,machine,0,Regulation M-A,
855,"",Polteageist,round,machine,0,Regulation M-A,
855,"",Polteageist,self-destruct,machine,0,Regulation M-A,
855,"",Polteageist,shadow-ball,machine,0,Regulation M-A,
855,"",Polteageist,shell-smash,machine,0,Regulation M-A,
855,"",Polteageist,skill-swap,machine,0,Regulation M-A,
855,"",Polteageist,sleep-talk,machine,0,Regulation M-A,
855,"",Polteageist,snore,machine,0,Regulation M-A,
855,"",Polteageist,spite,machine,0,Regulation M-A,
855,"",Polteageist,stored-power,machine,0,Regulation M-A,
855,"",Polteageist,strength-sap,machine,0,Regulation M-A,
855,"",Polteageist,substitute,machine,0,Regulation M-A,
855,"",Polteageist,sucker-punch,machine,0,Regulation M-A,
855,"",Polteageist,sweet-scent,machine,0,Regulation M-A,
855,"",Polteageist,teatime,machine,0,Regulation M-A,
855,"",Polteageist,trick,machine,0,Regulation M-A,
855,"",Polteageist,trick-room,machine,0,Regulation M-A,
855,"",Polteageist,will-o-wisp,machine,0,Regulation M-A,
855,"",Polteageist,wonder-room,machine,0,Regulation M-A,
858,"",Hatterene,after-you,machine,0,Regulation M-A,
858,"",Hatterene,agility,machine,0,Regulation M-A,
858,"",Hatterene,aromatic-mist,machine,0,Regulation M-A,
858,"",Hatterene,baton-pass,machine,0,Regulation M-A,
858,"",Hatterene,brutal-swing,machine,0,Regulation M-A,
858,"",Hatterene,calm-mind,machine,0,Regulation M-A,
858,"",Hatterene,charm,machine,0,Regulation M-A,
858,"",Hatterene,dark-pulse,machine,0,Regulation M-A,
858,"",Hatterene,dazzling-gleam,machine,0,Regulation M-A,
858,"",Hatterene,draining-kiss,machine,0,Regulation M-A,
858,"",Hatterene,endure,machine,0,Regulation M-A,
858,"",Hatterene,expanding-force,machine,0,Regulation M-A,
858,"",Hatterene,facade,machine,0,Regulation M-A,
858,"",Hatterene,future-sight,machine,0,Regulation M-A,
858,"",Hatterene,giga-drain,machine,0,Regulation M-A,
858,"",Hatterene,giga-impact,machine,0,Regulation M-A,
858,"",Hatterene,gravity,machine,0,Regulation M-A,
858,"",Hatterene,guard-swap,machine,0,Regulation M-A,
858,"",Hatterene,heal-pulse,machine,0,Regulation M-A,
858,"",Hatterene,healing-wish,machine,0,Regulation M-A,
858,"",Hatterene,helping-hand,machine,0,Regulation M-A,
858,"",Hatterene,hyper-beam,machine,0,Regulation M-A,
858,"",Hatterene,imprison,machine,0,Regulation M-A,
858,"",Hatterene,life-dew,machine,0,Regulation M-A,
858,"",Hatterene,light-screen,machine,0,Regulation M-A,
858,"",Hatterene,magic-powder,machine,0,Regulation M-A,
858,"",Hatterene,magic-room,machine,0,Regulation M-A,
858,"",Hatterene,misty-explosion,machine,0,Regulation M-A,
858,"",Hatterene,misty-terrain,machine,0,Regulation M-A,
858,"",Hatterene,mystical-fire,machine,0,Regulation M-A,
858,"",Hatterene,nuzzle,machine,0,Regulation M-A,
858,"",Hatterene,pain-split,machine,0,Regulation M-A,
858,"",Hatterene,play-rough,machine,0,Regulation M-A,
858,"",Hatterene,power-swap,machine,0,Regulation M-A,
858,"",Hatterene,power-whip,machine,0,Regulation M-A,
858,"",Hatterene,protect,machine,0,Regulation M-A,
858,"",Hatterene,psych-up,machine,0,Regulation M-A,
858,"",Hatterene,psychic,machine,0,Regulation M-A,
858,"",Hatterene,psychic-noise,machine,0,Regulation M-A,
858,"",Hatterene,psychic-terrain,machine,0,Regulation M-A,
858,"",Hatterene,psycho-cut,machine,0,Regulation M-A,
858,"",Hatterene,psyshock,machine,0,Regulation M-A,
858,"",Hatterene,quash,machine,0,Regulation M-A,
858,"",Hatterene,reflect,machine,0,Regulation M-A,
858,"",Hatterene,rest,machine,0,Regulation M-A,
858,"",Hatterene,round,machine,0,Regulation M-A,
858,"",Hatterene,safeguard,machine,0,Regulation M-A,
858,"",Hatterene,shadow-ball,machine,0,Regulation M-A,
858,"",Hatterene,shadow-claw,machine,0,Regulation M-A,
858,"",Hatterene,skill-swap,machine,0,Regulation M-A,
858,"",Hatterene,sleep-talk,machine,0,Regulation M-A,
858,"",Hatterene,snore,machine,0,Regulation M-A,
858,"",Hatterene,stored-power,machine,0,Regulation M-A,
858,"",Hatterene,substitute,machine,0,Regulation M-A,
858,"",Hatterene,swords-dance,machine,0,Regulation M-A,
858,"",Hatterene,thunder-wave,machine,0,Regulation M-A,
858,"",Hatterene,trick,machine,0,Regulation M-A,
858,"",Hatterene,trick-room,machine,0,Regulation M-A,
858,"",Hatterene,wonder-room,machine,0,Regulation M-A,
861,"",Grimmsnarl,assurance,machine,0,Regulation M-B,
861,"",Grimmsnarl,bite,machine,0,Regulation M-B,
861,"",Grimmsnarl,body-press,machine,0,Regulation M-B,
861,"",Grimmsnarl,body-slam,machine,0,Regulation M-B,
861,"",Grimmsnarl,brick-break,machine,0,Regulation M-B,
861,"",Grimmsnarl,bulk-up,machine,0,Regulation M-B,
861,"",Grimmsnarl,burning-jealousy,machine,0,Regulation M-B,
861,"",Grimmsnarl,chilling-water,machine,0,Regulation M-B,
861,"",Grimmsnarl,crunch,machine,0,Regulation M-B,
861,"",Grimmsnarl,dark-pulse,machine,0,Regulation M-B,
861,"",Grimmsnarl,dazzling-gleam,machine,0,Regulation M-B,
861,"",Grimmsnarl,drain-punch,machine,0,Regulation M-B,
861,"",Grimmsnarl,draining-kiss,machine,0,Regulation M-B,
861,"",Grimmsnarl,endure,machine,0,Regulation M-B,
861,"",Grimmsnarl,facade,machine,0,Regulation M-B,
861,"",Grimmsnarl,fake-out,machine,0,Regulation M-B,
861,"",Grimmsnarl,fake-tears,machine,0,Regulation M-B,
861,"",Grimmsnarl,fire-punch,machine,0,Regulation M-B,
861,"",Grimmsnarl,flatter,machine,0,Regulation M-B,
861,"",Grimmsnarl,fling,machine,0,Regulation M-B,
861,"",Grimmsnarl,focus-blast,machine,0,Regulation M-B,
861,"",Grimmsnarl,focus-energy,machine,0,Regulation M-B,
861,"",Grimmsnarl,focus-punch,machine,0,Regulation M-B,
861,"",Grimmsnarl,foul-play,machine,0,Regulation M-B,
861,"",Grimmsnarl,giga-impact,machine,0,Regulation M-B,
861,"",Grimmsnarl,hammer-arm,machine,0,Regulation M-B,
861,"",Grimmsnarl,hyper-beam,machine,0,Regulation M-B,
861,"",Grimmsnarl,ice-punch,machine,0,Regulation M-B,
861,"",Grimmsnarl,imprison,machine,0,Regulation M-B,
861,"",Grimmsnarl,lash-out,machine,0,Regulation M-B,
861,"",Grimmsnarl,leech-life,machine,0,Regulation M-B,
861,"",Grimmsnarl,light-screen,machine,0,Regulation M-B,
861,"",Grimmsnarl,low-kick,machine,0,Regulation M-B,
861,"",Grimmsnarl,low-sweep,machine,0,Regulation M-B,
861,"",Grimmsnarl,mega-kick,machine,0,Regulation M-B,
861,"",Grimmsnarl,misty-terrain,machine,0,Regulation M-B,
861,"",Grimmsnarl,nasty-plot,machine,0,Regulation M-B,
861,"",Grimmsnarl,parting-shot,machine,0,Regulation M-B,
861,"",Grimmsnarl,play-rough,machine,0,Regulation M-B,
861,"",Grimmsnarl,power-swap,machine,0,Regulation M-B,
861,"",Grimmsnarl,power-whip,machine,0,Regulation M-B,
861,"",Grimmsnarl,protect,machine,0,Regulation M-B,
861,"",Grimmsnarl,reflect,machine,0,Regulation M-B,
861,"",Grimmsnarl,rest,machine,0,Regulation M-B,
861,"",Grimmsnarl,round,machine,0,Regulation M-B,
861,"",Grimmsnarl,scary-face,machine,0,Regulation M-B,
861,"",Grimmsnarl,shadow-claw,machine,0,Regulation M-B,
861,"",Grimmsnarl,sleep-talk,machine,0,Regulation M-B,
861,"",Grimmsnarl,snore,machine,0,Regulation M-B,
861,"",Grimmsnarl,spirit-break,machine,0,Regulation M-B,
861,"",Grimmsnarl,stomping-tantrum,machine,0,Regulation M-B,
861,"",Grimmsnarl,substitute,machine,0,Regulation M-B,
861,"",Grimmsnarl,sucker-punch,machine,0,Regulation M-B,
861,"",Grimmsnarl,superpower,machine,0,Regulation M-B,
861,"",Grimmsnarl,swagger,machine,0,Regulation M-B,
861,"",Grimmsnarl,taunt,machine,0,Regulation M-B,
861,"",Grimmsnarl,thief,machine,0,Regulation M-B,
861,"",Grimmsnarl,throat-chop,machine,0,Regulation M-B,
861,"",Grimmsnarl,thunder-punch,machine,0,Regulation M-B,
861,"",Grimmsnarl,torment,machine,0,Regulation M-B,
861,"",Grimmsnarl,trailblaze,machine,0,Regulation M-B,
861,"",Grimmsnarl,trick,machine,0,Regulation M-B,
861,"",Grimmsnarl,uproar,machine,0,Regulation M-B,
861,"",Grimmsnarl,wonder-room,machine,0,Regulation M-B,
866,"",Mr. Rime,after-you,machine,0,Regulation M-A,
866,"",Mr. Rime,ally-switch,machine,0,Regulation M-A,
866,"",Mr. Rime,attract,machine,0,Regulation M-A,
866,"",Mr. Rime,avalanche,machine,0,Regulation M-A,
866,"",Mr. Rime,baton-pass,machine,0,Regulation M-A,
866,"",Mr. Rime,blizzard,machine,0,Regulation M-A,
866,"",Mr. Rime,block,machine,0,Regulation M-A,
866,"",Mr. Rime,body-slam,machine,0,Regulation M-A,
866,"",Mr. Rime,brick-break,machine,0,Regulation M-A,
866,"",Mr. Rime,calm-mind,machine,0,Regulation M-A,
866,"",Mr. Rime,charm,machine,0,Regulation M-A,
866,"",Mr. Rime,chilling-water,machine,0,Regulation M-A,
866,"",Mr. Rime,confuse-ray,machine,0,Regulation M-A,
866,"",Mr. Rime,copycat,machine,0,Regulation M-A,
866,"",Mr. Rime,dazzling-gleam,machine,0,Regulation M-A,
866,"",Mr. Rime,drain-punch,machine,0,Regulation M-A,
866,"",Mr. Rime,encore,machine,0,Regulation M-A,
866,"",Mr. Rime,endure,machine,0,Regulation M-A,
866,"",Mr. Rime,energy-ball,machine,0,Regulation M-A,
866,"",Mr. Rime,expanding-force,machine,0,Regulation M-A,
866,"",Mr. Rime,facade,machine,0,Regulation M-A,
866,"",Mr. Rime,fake-out,machine,0,Regulation M-A,
866,"",Mr. Rime,fake-tears,machine,0,Regulation M-A,
866,"",Mr. Rime,fling,machine,0,Regulation M-A,
866,"",Mr. Rime,focus-blast,machine,0,Regulation M-A,
866,"",Mr. Rime,foul-play,machine,0,Regulation M-A,
866,"",Mr. Rime,freeze-dry,machine,0,Regulation M-A,
866,"",Mr. Rime,frost-breath,machine,0,Regulation M-A,
866,"",Mr. Rime,future-sight,machine,0,Regulation M-A,
866,"",Mr. Rime,giga-impact,machine,0,Regulation M-A,
866,"",Mr. Rime,grass-knot,machine,0,Regulation M-A,
866,"",Mr. Rime,guard-swap,machine,0,Regulation M-A,
866,"",Mr. Rime,haze,machine,0,Regulation M-A,
866,"",Mr. Rime,helping-hand,machine,0,Regulation M-A,
866,"",Mr. Rime,hyper-beam,machine,0,Regulation M-A,
866,"",Mr. Rime,hypnosis,machine,0,Regulation M-A,
866,"",Mr. Rime,ice-beam,machine,0,Regulation M-A,
866,"",Mr. Rime,ice-punch,machine,0,Regulation M-A,
866,"",Mr. Rime,ice-shard,machine,0,Regulation M-A,
866,"",Mr. Rime,ice-spinner,machine,0,Regulation M-A,
866,"",Mr. Rime,icicle-spear,machine,0,Regulation M-A,
866,"",Mr. Rime,icy-wind,machine,0,Regulation M-A,
866,"",Mr. Rime,iron-defense,machine,0,Regulation M-A,
866,"",Mr. Rime,light-screen,machine,0,Regulation M-A,
866,"",Mr. Rime,magic-room,machine,0,Regulation M-A,
866,"",Mr. Rime,mega-kick,machine,0,Regulation M-A,
866,"",Mr. Rime,mirror-coat,machine,0,Regulation M-A,
866,"",Mr. Rime,misty-terrain,machine,0,Regulation M-A,
866,"",Mr. Rime,nasty-plot,machine,0,Regulation M-A,
866,"",Mr. Rime,payback,machine,0,Regulation M-A,
866,"",Mr. Rime,power-split,machine,0,Regulation M-A,
866,"",Mr. Rime,power-swap,machine,0,Regulation M-A,
866,"",Mr. Rime,protect,machine,0,Regulation M-A,
866,"",Mr. Rime,psychic,machine,0,Regulation M-A,
866,"",Mr. Rime,psychic-terrain,machine,0,Regulation M-A,
866,"",Mr. Rime,psyshock,machine,0,Regulation M-A,
866,"",Mr. Rime,rain-dance,machine,0,Regulation M-A,
866,"",Mr. Rime,rapid-spin,machine,0,Regulation M-A,
866,"",Mr. Rime,recycle,machine,0,Regulation M-A,
866,"",Mr. Rime,reflect,machine,0,Regulation M-A,
866,"",Mr. Rime,rest,machine,0,Regulation M-A,
866,"",Mr. Rime,role-play,machine,0,Regulation M-A,
866,"",Mr. Rime,round,machine,0,Regulation M-A,
866,"",Mr. Rime,safeguard,machine,0,Regulation M-A,
866,"",Mr. Rime,screech,machine,0,Regulation M-A,
866,"",Mr. Rime,shadow-ball,machine,0,Regulation M-A,
866,"",Mr. Rime,sheer-cold,machine,0,Regulation M-A,
866,"",Mr. Rime,skill-swap,machine,0,Regulation M-A,
866,"",Mr. Rime,slack-off,machine,0,Regulation M-A,
866,"",Mr. Rime,sleep-talk,machine,0,Regulation M-A,
866,"",Mr. Rime,snore,machine,0,Regulation M-A,
866,"",Mr. Rime,snowscape,machine,0,Regulation M-A,
866,"",Mr. Rime,solar-beam,machine,0,Regulation M-A,
866,"",Mr. Rime,stomping-tantrum,machine,0,Regulation M-A,
866,"",Mr. Rime,stored-power,machine,0,Regulation M-A,
866,"",Mr. Rime,substitute,machine,0,Regulation M-A,
866,"",Mr. Rime,sucker-punch,machine,0,Regulation M-A,
866,"",Mr. Rime,sunny-day,machine,0,Regulation M-A,
866,"",Mr. Rime,swagger,machine,0,Regulation M-A,
866,"",Mr. Rime,taunt,machine,0,Regulation M-A,
866,"",Mr. Rime,teeter-dance,machine,0,Regulation M-A,
866,"",Mr. Rime,thief,machine,0,Regulation M-A,
866,"",Mr. Rime,thunder,machine,0,Regulation M-A,
866,"",Mr. Rime,thunder-wave,machine,0,Regulation M-A,
866,"",Mr. Rime,thunderbolt,machine,0,Regulation M-A,
866,"",Mr. Rime,tickle,machine,0,Regulation M-A,
866,"",Mr. Rime,torment,machine,0,Regulation M-A,
866,"",Mr. Rime,trick,machine,0,Regulation M-A,
866,"",Mr. Rime,trick-room,machine,0,Regulation M-A,
866,"",Mr. Rime,triple-axel,machine,0,Regulation M-A,
866,"",Mr. Rime,uproar,machine,0,Regulation M-A,
866,"",Mr. Rime,wonder-room,machine,0,Regulation M-A,
866,"",Mr. Rime,zen-headbutt,machine,0,Regulation M-A,
867,"",Runerigus,ally-switch,machine,0,Regulation M-A,
867,"",Runerigus,amnesia,machine,0,Regulation M-A,
867,"",Runerigus,attract,machine,0,Regulation M-A,
867,"",Runerigus,body-press,machine,0,Regulation M-A,
867,"",Runerigus,brutal-swing,machine,0,Regulation M-A,
867,"",Runerigus,bulldoze,machine,0,Regulation M-A,
867,"",Runerigus,calm-mind,machine,0,Regulation M-A,
867,"",Runerigus,confuse-ray,machine,0,Regulation M-A,
867,"",Runerigus,curse,machine,0,Regulation M-A,
867,"",Runerigus,dark-pulse,machine,0,Regulation M-A,
867,"",Runerigus,destiny-bond,machine,0,Regulation M-A,
867,"",Runerigus,disable,machine,0,Regulation M-A,
867,"",Runerigus,dragon-pulse,machine,0,Regulation M-A,
867,"",Runerigus,earth-power,machine,0,Regulation M-A,
867,"",Runerigus,earthquake,machine,0,Regulation M-A,
867,"",Runerigus,endure,machine,0,Regulation M-A,
867,"",Runerigus,energy-ball,machine,0,Regulation M-A,
867,"",Runerigus,facade,machine,0,Regulation M-A,
867,"",Runerigus,fake-tears,machine,0,Regulation M-A,
867,"",Runerigus,giga-drain,machine,0,Regulation M-A,
867,"",Runerigus,giga-impact,machine,0,Regulation M-A,
867,"",Runerigus,grass-knot,machine,0,Regulation M-A,
867,"",Runerigus,guard-split,machine,0,Regulation M-A,
867,"",Runerigus,guard-swap,machine,0,Regulation M-A,
867,"",Runerigus,haze,machine,0,Regulation M-A,
867,"",Runerigus,hex,machine,0,Regulation M-A,
867,"",Runerigus,hyper-beam,machine,0,Regulation M-A,
867,"",Runerigus,imprison,machine,0,Regulation M-A,
867,"",Runerigus,iron-defense,machine,0,Regulation M-A,
867,"",Runerigus,mean-look,machine,0,Regulation M-A,
867,"",Runerigus,memento,machine,0,Regulation M-A,
867,"",Runerigus,nasty-plot,machine,0,Regulation M-A,
867,"",Runerigus,night-shade,machine,0,Regulation M-A,
867,"",Runerigus,payback,machine,0,Regulation M-A,
867,"",Runerigus,phantom-force,machine,0,Regulation M-A,
867,"",Runerigus,poltergeist,machine,0,Regulation M-A,
867,"",Runerigus,power-split,machine,0,Regulation M-A,
867,"",Runerigus,power-swap,machine,0,Regulation M-A,
867,"",Runerigus,protect,machine,0,Regulation M-A,
867,"",Runerigus,psychic,machine,0,Regulation M-A,
867,"",Runerigus,psyshock,machine,0,Regulation M-A,
867,"",Runerigus,rain-dance,machine,0,Regulation M-A,
867,"",Runerigus,rest,machine,0,Regulation M-A,
867,"",Runerigus,rock-blast,machine,0,Regulation M-A,
867,"",Runerigus,rock-slide,machine,0,Regulation M-A,
867,"",Runerigus,rock-tomb,machine,0,Regulation M-A,
867,"",Runerigus,round,machine,0,Regulation M-A,
867,"",Runerigus,safeguard,machine,0,Regulation M-A,
867,"",Runerigus,sand-tomb,machine,0,Regulation M-A,
867,"",Runerigus,sandstorm,machine,0,Regulation M-A,
867,"",Runerigus,scary-face,machine,0,Regulation M-A,
867,"",Runerigus,self-destruct,machine,0,Regulation M-A,
867,"",Runerigus,shadow-ball,machine,0,Regulation M-A,
867,"",Runerigus,shadow-claw,machine,0,Regulation M-A,
867,"",Runerigus,shadow-punch,machine,0,Regulation M-A,
867,"",Runerigus,skill-swap,machine,0,Regulation M-A,
867,"",Runerigus,sleep-talk,machine,0,Regulation M-A,
867,"",Runerigus,snore,machine,0,Regulation M-A,
867,"",Runerigus,stealth-rock,machine,0,Regulation M-A,
867,"",Runerigus,stone-edge,machine,0,Regulation M-A,
867,"",Runerigus,substitute,machine,0,Regulation M-A,
867,"",Runerigus,taunt,machine,0,Regulation M-A,
867,"",Runerigus,thief,machine,0,Regulation M-A,
867,"",Runerigus,toxic-spikes,machine,0,Regulation M-A,
867,"",Runerigus,trick,machine,0,Regulation M-A,
867,"",Runerigus,trick-room,machine,0,Regulation M-A,
867,"",Runerigus,will-o-wisp,machine,0,Regulation M-A,
867,"",Runerigus,wonder-room,machine,0,Regulation M-A,
867,"",Runerigus,zen-headbutt,machine,0,Regulation M-A,
869,"",Alcremie,acid-armor,machine,0,Regulation M-A,
869,"",Alcremie,alluring-voice,machine,0,Regulation M-A,
869,"",Alcremie,aromatic-mist,machine,0,Regulation M-A,
869,"",Alcremie,attract,machine,0,Regulation M-A,
869,"",Alcremie,baby-doll-eyes,machine,0,Regulation M-A,
869,"",Alcremie,calm-mind,machine,0,Regulation M-A,
869,"",Alcremie,charm,machine,0,Regulation M-A,
869,"",Alcremie,dazzling-gleam,machine,0,Regulation M-A,
869,"",Alcremie,decorate,machine,0,Regulation M-A,
869,"",Alcremie,drain-punch,machine,0,Regulation M-A,
869,"",Alcremie,draining-kiss,machine,0,Regulation M-A,
869,"",Alcremie,encore,machine,0,Regulation M-A,
869,"",Alcremie,endeavor,machine,0,Regulation M-A,
869,"",Alcremie,endure,machine,0,Regulation M-A,
869,"",Alcremie,energy-ball,machine,0,Regulation M-A,
869,"",Alcremie,entrainment,machine,0,Regulation M-A,
869,"",Alcremie,facade,machine,0,Regulation M-A,
869,"",Alcremie,fake-tears,machine,0,Regulation M-A,
869,"",Alcremie,fling,machine,0,Regulation M-A,
869,"",Alcremie,giga-drain,machine,0,Regulation M-A,
869,"",Alcremie,giga-impact,machine,0,Regulation M-A,
869,"",Alcremie,helping-hand,machine,0,Regulation M-A,
869,"",Alcremie,hyper-beam,machine,0,Regulation M-A,
869,"",Alcremie,imprison,machine,0,Regulation M-A,
869,"",Alcremie,last-resort,machine,0,Regulation M-A,
869,"",Alcremie,light-screen,machine,0,Regulation M-A,
869,"",Alcremie,magic-room,machine,0,Regulation M-A,
869,"",Alcremie,misty-explosion,machine,0,Regulation M-A,
869,"",Alcremie,misty-terrain,machine,0,Regulation M-A,
869,"",Alcremie,mystical-fire,machine,0,Regulation M-A,
869,"",Alcremie,pain-split,machine,0,Regulation M-A,
869,"",Alcremie,play-rough,machine,0,Regulation M-A,
869,"",Alcremie,protect,machine,0,Regulation M-A,
869,"",Alcremie,psych-up,machine,0,Regulation M-A,
869,"",Alcremie,psychic,machine,0,Regulation M-A,
869,"",Alcremie,psyshock,machine,0,Regulation M-A,
869,"",Alcremie,recover,machine,0,Regulation M-A,
869,"",Alcremie,rest,machine,0,Regulation M-A,
869,"",Alcremie,round,machine,0,Regulation M-A,
869,"",Alcremie,safeguard,machine,0,Regulation M-A,
869,"",Alcremie,sleep-talk,machine,0,Regulation M-A,
869,"",Alcremie,snore,machine,0,Regulation M-A,
869,"",Alcremie,solar-beam,machine,0,Regulation M-A,
869,"",Alcremie,stored-power,machine,0,Regulation M-A,
869,"",Alcremie,substitute,machine,0,Regulation M-A,
869,"",Alcremie,sweet-kiss,machine,0,Regulation M-A,
869,"",Alcremie,sweet-scent,machine,0,Regulation M-A,
869,"",Alcremie,tri-attack,machine,0,Regulation M-A,
869,"",Alcremie,wonder-room,machine,0,Regulation M-A,
870,"",Falinks,agility,machine,0,Regulation M-B,
870,"",Falinks,assurance,machine,0,Regulation M-B,
870,"",Falinks,beat-up,machine,0,Regulation M-B,
870,"",Falinks,body-press,machine,0,Regulation M-B,
870,"",Falinks,body-slam,machine,0,Regulation M-B,
870,"",Falinks,brick-break,machine,0,Regulation M-B,
870,"",Falinks,bulk-up,machine,0,Regulation M-B,
870,"",Falinks,close-combat,machine,0,Regulation M-B,
870,"",Falinks,coaching,machine,0,Regulation M-B,
870,"",Falinks,counter,machine,0,Regulation M-B,
870,"",Falinks,double-hit,machine,0,Regulation M-B,
870,"",Falinks,endeavor,machine,0,Regulation M-B,
870,"",Falinks,endure,machine,0,Regulation M-B,
870,"",Falinks,facade,machine,0,Regulation M-B,
870,"",Falinks,first-impression,machine,0,Regulation M-B,
870,"",Falinks,focus-blast,machine,0,Regulation M-B,
870,"",Falinks,focus-energy,machine,0,Regulation M-B,
870,"",Falinks,giga-impact,machine,0,Regulation M-B,
870,"",Falinks,helping-hand,machine,0,Regulation M-B,
870,"",Falinks,high-horsepower,machine,0,Regulation M-B,
870,"",Falinks,hyper-beam,machine,0,Regulation M-B,
870,"",Falinks,iron-defense,machine,0,Regulation M-B,
870,"",Falinks,iron-head,machine,0,Regulation M-B,
870,"",Falinks,knock-off,machine,0,Regulation M-B,
870,"",Falinks,lunge,machine,0,Regulation M-B,
870,"",Falinks,megahorn,machine,0,Regulation M-B,
870,"",Falinks,no-retreat,machine,0,Regulation M-B,
870,"",Falinks,payback,machine,0,Regulation M-B,
870,"",Falinks,poison-jab,machine,0,Regulation M-B,
870,"",Falinks,protect,machine,0,Regulation M-B,
870,"",Falinks,psych-up,machine,0,Regulation M-B,
870,"",Falinks,rain-dance,machine,0,Regulation M-B,
870,"",Falinks,rest,machine,0,Regulation M-B,
870,"",Falinks,reversal,machine,0,Regulation M-B,
870,"",Falinks,rock-slide,machine,0,Regulation M-B,
870,"",Falinks,rock-tomb,machine,0,Regulation M-B,
870,"",Falinks,round,machine,0,Regulation M-B,
870,"",Falinks,screech,machine,0,Regulation M-B,
870,"",Falinks,seed-bomb,machine,0,Regulation M-B,
870,"",Falinks,sleep-talk,machine,0,Regulation M-B,
870,"",Falinks,smart-strike,machine,0,Regulation M-B,
870,"",Falinks,snore,machine,0,Regulation M-B,
870,"",Falinks,substitute,machine,0,Regulation M-B,
870,"",Falinks,sunny-day,machine,0,Regulation M-B,
870,"",Falinks,superpower,machine,0,Regulation M-B,
870,"",Falinks,swords-dance,machine,0,Regulation M-B,
870,"",Falinks,throat-chop,machine,0,Regulation M-B,
870,"",Falinks,trailblaze,machine,0,Regulation M-B,
870,"",Falinks,upper-hand,machine,0,Regulation M-B,
870,"",Falinks,uproar,machine,0,Regulation M-B,
870,"",Falinks,zen-headbutt,machine,0,Regulation M-B,
877,"",Morpeko,agility,machine,0,Regulation M-A,
877,"",Morpeko,assurance,machine,0,Regulation M-A,
877,"",Morpeko,aura-wheel,machine,0,Regulation M-A,
877,"",Morpeko,baton-pass,machine,0,Regulation M-A,
877,"",Morpeko,bite,machine,0,Regulation M-A,
877,"",Morpeko,brick-break,machine,0,Regulation M-A,
877,"",Morpeko,bullet-seed,machine,0,Regulation M-A,
877,"",Morpeko,charge,machine,0,Regulation M-A,
877,"",Morpeko,charge-beam,machine,0,Regulation M-A,
877,"",Morpeko,crunch,machine,0,Regulation M-A,
877,"",Morpeko,dark-pulse,machine,0,Regulation M-A,
877,"",Morpeko,double-edge,machine,0,Regulation M-A,
877,"",Morpeko,eerie-impulse,machine,0,Regulation M-A,
877,"",Morpeko,electric-terrain,machine,0,Regulation M-A,
877,"",Morpeko,electro-ball,machine,0,Regulation M-A,
877,"",Morpeko,electroweb,machine,0,Regulation M-A,
877,"",Morpeko,endeavor,machine,0,Regulation M-A,
877,"",Morpeko,endure,machine,0,Regulation M-A,
877,"",Morpeko,facade,machine,0,Regulation M-A,
877,"",Morpeko,fake-out,machine,0,Regulation M-A,
877,"",Morpeko,fake-tears,machine,0,Regulation M-A,
877,"",Morpeko,fire-fang,machine,0,Regulation M-A,
877,"",Morpeko,flatter,machine,0,Regulation M-A,
877,"",Morpeko,fling,machine,0,Regulation M-A,
877,"",Morpeko,foul-play,machine,0,Regulation M-A,
877,"",Morpeko,ice-fang,machine,0,Regulation M-A,
877,"",Morpeko,knock-off,machine,0,Regulation M-A,
877,"",Morpeko,lash-out,machine,0,Regulation M-A,
877,"",Morpeko,nasty-plot,machine,0,Regulation M-A,
877,"",Morpeko,outrage,machine,0,Regulation M-A,
877,"",Morpeko,parting-shot,machine,0,Regulation M-A,
877,"",Morpeko,payback,machine,0,Regulation M-A,
877,"",Morpeko,power-trip,machine,0,Regulation M-A,
877,"",Morpeko,protect,machine,0,Regulation M-A,
877,"",Morpeko,psychic-fangs,machine,0,Regulation M-A,
877,"",Morpeko,quash,machine,0,Regulation M-A,
877,"",Morpeko,quick-attack,machine,0,Regulation M-A,
877,"",Morpeko,rapid-spin,machine,0,Regulation M-A,
877,"",Morpeko,rest,machine,0,Regulation M-A,
877,"",Morpeko,reversal,machine,0,Regulation M-A,
877,"",Morpeko,rising-voltage,machine,0,Regulation M-A,
877,"",Morpeko,round,machine,0,Regulation M-A,
877,"",Morpeko,scary-face,machine,0,Regulation M-A,
877,"",Morpeko,seed-bomb,machine,0,Regulation M-A,
877,"",Morpeko,sleep-talk,machine,0,Regulation M-A,
877,"",Morpeko,snarl,machine,0,Regulation M-A,
877,"",Morpeko,snore,machine,0,Regulation M-A,
877,"",Morpeko,spite,machine,0,Regulation M-A,
877,"",Morpeko,stomping-tantrum,machine,0,Regulation M-A,
877,"",Morpeko,substitute,machine,0,Regulation M-A,
877,"",Morpeko,super-fang,machine,0,Regulation M-A,
877,"",Morpeko,swagger,machine,0,Regulation M-A,
877,"",Morpeko,taunt,machine,0,Regulation M-A,
877,"",Morpeko,thief,machine,0,Regulation M-A,
877,"",Morpeko,thrash,machine,0,Regulation M-A,
877,"",Morpeko,thunder,machine,0,Regulation M-A,
877,"",Morpeko,thunder-fang,machine,0,Regulation M-A,
877,"",Morpeko,thunder-punch,machine,0,Regulation M-A,
877,"",Morpeko,thunder-wave,machine,0,Regulation M-A,
877,"",Morpeko,thunderbolt,machine,0,Regulation M-A,
877,"",Morpeko,tickle,machine,0,Regulation M-A,
877,"",Morpeko,torment,machine,0,Regulation M-A,
877,"",Morpeko,uproar,machine,0,Regulation M-A,
877,"",Morpeko,volt-switch,machine,0,Regulation M-A,
877,"",Morpeko,wild-charge,machine,0,Regulation M-A,
887,"",Dragapult,acrobatics,machine,0,Regulation M-A,
887,"",Dragapult,agility,machine,0,Regulation M-A,
887,"",Dragapult,assurance,machine,0,Regulation M-A,
887,"",Dragapult,baton-pass,machine,0,Regulation M-A,
887,"",Dragapult,beat-up,machine,0,Regulation M-A,
887,"",Dragapult,bite,machine,0,Regulation M-A,
887,"",Dragapult,body-slam,machine,0,Regulation M-A,
887,"",Dragapult,breaking-swipe,machine,0,Regulation M-A,
887,"",Dragapult,confuse-ray,machine,0,Regulation M-A,
887,"",Dragapult,curse,machine,0,Regulation M-A,
887,"",Dragapult,disable,machine,0,Regulation M-A,
887,"",Dragapult,dive,machine,0,Regulation M-A,
887,"",Dragapult,double-edge,machine,0,Regulation M-A,
887,"",Dragapult,double-hit,machine,0,Regulation M-A,
887,"",Dragapult,double-team,machine,0,Regulation M-A,
887,"",Dragapult,draco-meteor,machine,0,Regulation M-A,
887,"",Dragapult,dragon-cheer,machine,0,Regulation M-A,
887,"",Dragapult,dragon-claw,machine,0,Regulation M-A,
887,"",Dragapult,dragon-dance,machine,0,Regulation M-A,
887,"",Dragapult,dragon-darts,machine,0,Regulation M-A,
887,"",Dragapult,dragon-pulse,machine,0,Regulation M-A,
887,"",Dragapult,dragon-rush,machine,0,Regulation M-A,
887,"",Dragapult,dragon-tail,machine,0,Regulation M-A,
887,"",Dragapult,endure,machine,0,Regulation M-A,
887,"",Dragapult,facade,machine,0,Regulation M-A,
887,"",Dragapult,fire-blast,machine,0,Regulation M-A,
887,"",Dragapult,flamethrower,machine,0,Regulation M-A,
887,"",Dragapult,fly,machine,0,Regulation M-A,
887,"",Dragapult,giga-impact,machine,0,Regulation M-A,
887,"",Dragapult,helping-hand,machine,0,Regulation M-A,
887,"",Dragapult,hex,machine,0,Regulation M-A,
887,"",Dragapult,hydro-pump,machine,0,Regulation M-A,
887,"",Dragapult,hyper-beam,machine,0,Regulation M-A,
887,"",Dragapult,infestation,machine,0,Regulation M-A,
887,"",Dragapult,last-resort,machine,0,Regulation M-A,
887,"",Dragapult,light-screen,machine,0,Regulation M-A,
887,"",Dragapult,lock-on,machine,0,Regulation M-A,
887,"",Dragapult,night-shade,machine,0,Regulation M-A,
887,"",Dragapult,outrage,machine,0,Regulation M-A,
887,"",Dragapult,phantom-force,machine,0,Regulation M-A,
887,"",Dragapult,pounce,machine,0,Regulation M-A,
887,"",Dragapult,protect,machine,0,Regulation M-A,
887,"",Dragapult,psychic-fangs,machine,0,Regulation M-A,
887,"",Dragapult,quick-attack,machine,0,Regulation M-A,
887,"",Dragapult,reflect,machine,0,Regulation M-A,
887,"",Dragapult,rest,machine,0,Regulation M-A,
887,"",Dragapult,round,machine,0,Regulation M-A,
887,"",Dragapult,shadow-ball,machine,0,Regulation M-A,
887,"",Dragapult,sleep-talk,machine,0,Regulation M-A,
887,"",Dragapult,snore,machine,0,Regulation M-A,
887,"",Dragapult,solar-beam,machine,0,Regulation M-A,
887,"",Dragapult,steel-wing,machine,0,Regulation M-A,
887,"",Dragapult,substitute,machine,0,Regulation M-A,
887,"",Dragapult,sucker-punch,machine,0,Regulation M-A,
887,"",Dragapult,sunny-day,machine,0,Regulation M-A,
887,"",Dragapult,surf,machine,0,Regulation M-A,
887,"",Dragapult,thief,machine,0,Regulation M-A,
887,"",Dragapult,thunder,machine,0,Regulation M-A,
887,"",Dragapult,thunder-wave,machine,0,Regulation M-A,
887,"",Dragapult,thunderbolt,machine,0,Regulation M-A,
887,"",Dragapult,tri-attack,machine,0,Regulation M-A,
887,"",Dragapult,u-turn,machine,0,Regulation M-A,
887,"",Dragapult,will-o-wisp,machine,0,Regulation M-A,
899,"",Wyrdeer,agility,machine,0,Regulation M-A,
899,"",Wyrdeer,bite,machine,0,Regulation M-A,
899,"",Wyrdeer,body-slam,machine,0,Regulation M-A,
899,"",Wyrdeer,bulldoze,machine,0,Regulation M-A,
899,"",Wyrdeer,calm-mind,machine,0,Regulation M-A,
899,"",Wyrdeer,charge-beam,machine,0,Regulation M-A,
899,"",Wyrdeer,confuse-ray,machine,0,Regulation M-A,
899,"",Wyrdeer,curse,machine,0,Regulation M-A,
899,"",Wyrdeer,dig,machine,0,Regulation M-A,
899,"",Wyrdeer,disable,machine,0,Regulation M-A,
899,"",Wyrdeer,double-edge,machine,0,Regulation M-A,
899,"",Wyrdeer,earth-power,machine,0,Regulation M-A,
899,"",Wyrdeer,earthquake,machine,0,Regulation M-A,
899,"",Wyrdeer,endure,machine,0,Regulation M-A,
899,"",Wyrdeer,energy-ball,machine,0,Regulation M-A,
899,"",Wyrdeer,expanding-force,machine,0,Regulation M-A,
899,"",Wyrdeer,extrasensory,machine,0,Regulation M-A,
899,"",Wyrdeer,facade,machine,0,Regulation M-A,
899,"",Wyrdeer,future-sight,machine,0,Regulation M-A,
899,"",Wyrdeer,giga-impact,machine,0,Regulation M-A,
899,"",Wyrdeer,gravity,machine,0,Regulation M-A,
899,"",Wyrdeer,helping-hand,machine,0,Regulation M-A,
899,"",Wyrdeer,high-horsepower,machine,0,Regulation M-A,
899,"",Wyrdeer,hyper-beam,machine,0,Regulation M-A,
899,"",Wyrdeer,hypnosis,machine,0,Regulation M-A,
899,"",Wyrdeer,imprison,machine,0,Regulation M-A,
899,"",Wyrdeer,light-screen,machine,0,Regulation M-A,
899,"",Wyrdeer,lunge,machine,0,Regulation M-A,
899,"",Wyrdeer,megahorn,machine,0,Regulation M-A,
899,"",Wyrdeer,protect,machine,0,Regulation M-A,
899,"",Wyrdeer,psych-up,machine,0,Regulation M-A,
899,"",Wyrdeer,psychic,machine,0,Regulation M-A,
899,"",Wyrdeer,psychic-noise,machine,0,Regulation M-A,
899,"",Wyrdeer,psyshield-bash,machine,0,Regulation M-A,
899,"",Wyrdeer,psyshock,machine,0,Regulation M-A,
899,"",Wyrdeer,rain-dance,machine,0,Regulation M-A,
899,"",Wyrdeer,reflect,machine,0,Regulation M-A,
899,"",Wyrdeer,rest,machine,0,Regulation M-A,
899,"",Wyrdeer,roar,machine,0,Regulation M-A,
899,"",Wyrdeer,role-play,machine,0,Regulation M-A,
899,"",Wyrdeer,scary-face,machine,0,Regulation M-A,
899,"",Wyrdeer,shadow-ball,machine,0,Regulation M-A,
899,"",Wyrdeer,skill-swap,machine,0,Regulation M-A,
899,"",Wyrdeer,sleep-talk,machine,0,Regulation M-A,
899,"",Wyrdeer,solar-beam,machine,0,Regulation M-A,
899,"",Wyrdeer,spite,machine,0,Regulation M-A,
899,"",Wyrdeer,stored-power,machine,0,Regulation M-A,
899,"",Wyrdeer,substitute,machine,0,Regulation M-A,
899,"",Wyrdeer,sunny-day,machine,0,Regulation M-A,
899,"",Wyrdeer,thief,machine,0,Regulation M-A,
899,"",Wyrdeer,thrash,machine,0,Regulation M-A,
899,"",Wyrdeer,throat-chop,machine,0,Regulation M-A,
899,"",Wyrdeer,thunder,machine,0,Regulation M-A,
899,"",Wyrdeer,thunder-wave,machine,0,Regulation M-A,
899,"",Wyrdeer,thunderbolt,machine,0,Regulation M-A,
899,"",Wyrdeer,trailblaze,machine,0,Regulation M-A,
899,"",Wyrdeer,trick,machine,0,Regulation M-A,
899,"",Wyrdeer,trick-room,machine,0,Regulation M-A,
899,"",Wyrdeer,uproar,machine,0,Regulation M-A,
899,"",Wyrdeer,wild-charge,machine,0,Regulation M-A,
899,"",Wyrdeer,zen-headbutt,machine,0,Regulation M-A,
900,"",Kleavor,acrobatics,machine,0,Regulation M-A,
900,"",Kleavor,aerial-ace,machine,0,Regulation M-A,
900,"",Kleavor,agility,machine,0,Regulation M-A,
900,"",Kleavor,air-cutter,machine,0,Regulation M-A,
900,"",Kleavor,air-slash,machine,0,Regulation M-A,
900,"",Kleavor,ancient-power,machine,0,Regulation M-A,
900,"",Kleavor,baton-pass,machine,0,Regulation M-A,
900,"",Kleavor,brick-break,machine,0,Regulation M-A,
900,"",Kleavor,brutal-swing,machine,0,Regulation M-A,
900,"",Kleavor,bug-bite,machine,0,Regulation M-A,
900,"",Kleavor,bug-buzz,machine,0,Regulation M-A,
900,"",Kleavor,close-combat,machine,0,Regulation M-A,
900,"",Kleavor,counter,machine,0,Regulation M-A,
900,"",Kleavor,defog,machine,0,Regulation M-A,
900,"",Kleavor,double-edge,machine,0,Regulation M-A,
900,"",Kleavor,double-hit,machine,0,Regulation M-A,
900,"",Kleavor,double-team,machine,0,Regulation M-A,
900,"",Kleavor,dual-wingbeat,machine,0,Regulation M-A,
900,"",Kleavor,endure,machine,0,Regulation M-A,
900,"",Kleavor,facade,machine,0,Regulation M-A,
900,"",Kleavor,feint,machine,0,Regulation M-A,
900,"",Kleavor,focus-energy,machine,0,Regulation M-A,
900,"",Kleavor,giga-impact,machine,0,Regulation M-A,
900,"",Kleavor,helping-hand,machine,0,Regulation M-A,
900,"",Kleavor,hyper-beam,machine,0,Regulation M-A,
900,"",Kleavor,light-screen,machine,0,Regulation M-A,
900,"",Kleavor,lunge,machine,0,Regulation M-A,
900,"",Kleavor,night-slash,machine,0,Regulation M-A,
900,"",Kleavor,pounce,machine,0,Regulation M-A,
900,"",Kleavor,protect,machine,0,Regulation M-A,
900,"",Kleavor,quick-attack,machine,0,Regulation M-A,
900,"",Kleavor,quick-guard,machine,0,Regulation M-A,
900,"",Kleavor,rain-dance,machine,0,Regulation M-A,
900,"",Kleavor,rest,machine,0,Regulation M-A,
900,"",Kleavor,reversal,machine,0,Regulation M-A,
900,"",Kleavor,rock-blast,machine,0,Regulation M-A,
900,"",Kleavor,rock-slide,machine,0,Regulation M-A,
900,"",Kleavor,rock-tomb,machine,0,Regulation M-A,
900,"",Kleavor,sandstorm,machine,0,Regulation M-A,
900,"",Kleavor,scary-face,machine,0,Regulation M-A,
900,"",Kleavor,skitter-smack,machine,0,Regulation M-A,
900,"",Kleavor,sleep-talk,machine,0,Regulation M-A,
900,"",Kleavor,smack-down,machine,0,Regulation M-A,
900,"",Kleavor,stealth-rock,machine,0,Regulation M-A,
900,"",Kleavor,stone-axe,machine,0,Regulation M-A,
900,"",Kleavor,stone-edge,machine,0,Regulation M-A,
900,"",Kleavor,struggle-bug,machine,0,Regulation M-A,
900,"",Kleavor,substitute,machine,0,Regulation M-A,
900,"",Kleavor,sunny-day,machine,0,Regulation M-A,
900,"",Kleavor,swords-dance,machine,0,Regulation M-A,
900,"",Kleavor,tailwind,machine,0,Regulation M-A,
900,"",Kleavor,thief,machine,0,Regulation M-A,
900,"",Kleavor,trailblaze,machine,0,Regulation M-A,
900,"",Kleavor,u-turn,machine,0,Regulation M-A,
900,"",Kleavor,vacuum-wave,machine,0,Regulation M-A,
900,"",Kleavor,x-scissor,machine,0,Regulation M-A,
902,"",Basculegion,agility,machine,0,Regulation M-A,
902,"",Basculegion,aqua-jet,machine,0,Regulation M-A,
902,"",Basculegion,bite,machine,0,Regulation M-A,
902,"",Basculegion,blizzard,machine,0,Regulation M-A,
902,"",Basculegion,chilling-water,machine,0,Regulation M-A,
902,"",Basculegion,confuse-ray,machine,0,Regulation M-A,
902,"",Basculegion,crunch,machine,0,Regulation M-A,
902,"",Basculegion,double-edge,machine,0,Regulation M-A,
902,"",Basculegion,endeavor,machine,0,Regulation M-A,
902,"",Basculegion,endure,machine,0,Regulation M-A,
902,"",Basculegion,facade,machine,0,Regulation M-A,
902,"",Basculegion,flail,machine,0,Regulation M-A,
902,"",Basculegion,flip-turn,machine,0,Regulation M-A,
902,"",Basculegion,giga-impact,machine,0,Regulation M-A,
902,"",Basculegion,head-smash,machine,0,Regulation M-A,
902,"",Basculegion,hex,machine,0,Regulation M-A,
902,"",Basculegion,hydro-pump,machine,0,Regulation M-A,
902,"",Basculegion,hyper-beam,machine,0,Regulation M-A,
902,"",Basculegion,ice-beam,machine,0,Regulation M-A,
902,"",Basculegion,ice-fang,machine,0,Regulation M-A,
902,"",Basculegion,icy-wind,machine,0,Regulation M-A,
902,"",Basculegion,last-respects,machine,0,Regulation M-A,
902,"",Basculegion,liquidation,machine,0,Regulation M-A,
902,"",Basculegion,mud-shot,machine,0,Regulation M-A,
902,"",Basculegion,muddy-water,machine,0,Regulation M-A,
902,"",Basculegion,night-shade,machine,0,Regulation M-A,
902,"",Basculegion,outrage,machine,0,Regulation M-A,
902,"",Basculegion,pain-split,machine,0,Regulation M-A,
902,"",Basculegion,phantom-force,machine,0,Regulation M-A,
902,"",Basculegion,protect,machine,0,Regulation M-A,
902,"",Basculegion,psychic-fangs,machine,0,Regulation M-A,
902,"",Basculegion,rain-dance,machine,0,Regulation M-A,
902,"",Basculegion,rest,machine,0,Regulation M-A,
902,"",Basculegion,scale-shot,machine,0,Regulation M-A,
902,"",Basculegion,scary-face,machine,0,Regulation M-A,
902,"",Basculegion,shadow-ball,machine,0,Regulation M-A,
902,"",Basculegion,sleep-talk,machine,0,Regulation M-A,
902,"",Basculegion,snowscape,machine,0,Regulation M-A,
902,"",Basculegion,soak,machine,0,Regulation M-A,
902,"",Basculegion,spite,machine,0,Regulation M-A,
902,"",Basculegion,substitute,machine,0,Regulation M-A,
902,"",Basculegion,surf,machine,0,Regulation M-A,
902,"",Basculegion,thrash,machine,0,Regulation M-A,
902,"",Basculegion,uproar,machine,0,Regulation M-A,
902,"",Basculegion,water-pulse,machine,0,Regulation M-A,
902,"",Basculegion,waterfall,machine,0,Regulation M-A,
902,"",Basculegion,wave-crash,machine,0,Regulation M-A,
902,"",Basculegion,whirlpool,machine,0,Regulation M-A,
902,"",Basculegion,zen-headbutt,machine,0,Regulation M-A,
902,f,Basculegion-F,agility,machine,0,Regulation M-A,
902,f,Basculegion-F,aqua-jet,machine,0,Regulation M-A,
902,f,Basculegion-F,bite,machine,0,Regulation M-A,
902,f,Basculegion-F,blizzard,machine,0,Regulation M-A,
902,f,Basculegion-F,chilling-water,machine,0,Regulation M-A,
902,f,Basculegion-F,confuse-ray,machine,0,Regulation M-A,
902,f,Basculegion-F,crunch,machine,0,Regulation M-A,
902,f,Basculegion-F,double-edge,machine,0,Regulation M-A,
902,f,Basculegion-F,endeavor,machine,0,Regulation M-A,
902,f,Basculegion-F,endure,machine,0,Regulation M-A,
902,f,Basculegion-F,facade,machine,0,Regulation M-A,
902,f,Basculegion-F,flail,machine,0,Regulation M-A,
902,f,Basculegion-F,flip-turn,machine,0,Regulation M-A,
902,f,Basculegion-F,giga-impact,machine,0,Regulation M-A,
902,f,Basculegion-F,head-smash,machine,0,Regulation M-A,
902,f,Basculegion-F,hex,machine,0,Regulation M-A,
902,f,Basculegion-F,hydro-pump,machine,0,Regulation M-A,
902,f,Basculegion-F,hyper-beam,machine,0,Regulation M-A,
902,f,Basculegion-F,ice-beam,machine,0,Regulation M-A,
902,f,Basculegion-F,ice-fang,machine,0,Regulation M-A,
902,f,Basculegion-F,icy-wind,machine,0,Regulation M-A,
902,f,Basculegion-F,last-respects,machine,0,Regulation M-A,
902,f,Basculegion-F,liquidation,machine,0,Regulation M-A,
902,f,Basculegion-F,mud-shot,machine,0,Regulation M-A,
902,f,Basculegion-F,muddy-water,machine,0,Regulation M-A,
902,f,Basculegion-F,night-shade,machine,0,Regulation M-A,
902,f,Basculegion-F,outrage,machine,0,Regulation M-A,
902,f,Basculegion-F,pain-split,machine,0,Regulation M-A,
902,f,Basculegion-F,phantom-force,machine,0,Regulation M-A,
902,f,Basculegion-F,protect,machine,0,Regulation M-A,
902,f,Basculegion-F,psychic-fangs,machine,0,Regulation M-A,
902,f,Basculegion-F,rain-dance,machine,0,Regulation M-A,
902,f,Basculegion-F,rest,machine,0,Regulation M-A,
902,f,Basculegion-F,scale-shot,machine,0,Regulation M-A,
902,f,Basculegion-F,scary-face,machine,0,Regulation M-A,
902,f,Basculegion-F,shadow-ball,machine,0,Regulation M-A,
902,f,Basculegion-F,sleep-talk,machine,0,Regulation M-A,
902,f,Basculegion-F,snowscape,machine,0,Regulation M-A,
902,f,Basculegion-F,soak,machine,0,Regulation M-A,
902,f,Basculegion-F,spite,machine,0,Regulation M-A,
902,f,Basculegion-F,substitute,machine,0,Regulation M-A,
902,f,Basculegion-F,surf,machine,0,Regulation M-A,
902,f,Basculegion-F,thrash,machine,0,Regulation M-A,
902,f,Basculegion-F,uproar,machine,0,Regulation M-A,
902,f,Basculegion-F,water-pulse,machine,0,Regulation M-A,
902,f,Basculegion-F,waterfall,machine,0,Regulation M-A,
902,f,Basculegion-F,wave-crash,machine,0,Regulation M-A,
902,f,Basculegion-F,whirlpool,machine,0,Regulation M-A,
902,f,Basculegion-F,zen-headbutt,machine,0,Regulation M-A,
903,"",Sneasler,acid-spray,machine,0,Regulation M-A,
903,"",Sneasler,acrobatics,machine,0,Regulation M-A,
903,"",Sneasler,aerial-ace,machine,0,Regulation M-A,
903,"",Sneasler,agility,machine,0,Regulation M-A,
903,"",Sneasler,brick-break,machine,0,Regulation M-A,
903,"",Sneasler,bulk-up,machine,0,Regulation M-A,
903,"",Sneasler,calm-mind,machine,0,Regulation M-A,
903,"",Sneasler,close-combat,machine,0,Regulation M-A,
903,"",Sneasler,coaching,machine,0,Regulation M-A,
903,"",Sneasler,counter,machine,0,Regulation M-A,
903,"",Sneasler,dig,machine,0,Regulation M-A,
903,"",Sneasler,dire-claw,machine,0,Regulation M-A,
903,"",Sneasler,double-hit,machine,0,Regulation M-A,
903,"",Sneasler,endure,machine,0,Regulation M-A,
903,"",Sneasler,facade,machine,0,Regulation M-A,
903,"",Sneasler,fake-out,machine,0,Regulation M-A,
903,"",Sneasler,feint,machine,0,Regulation M-A,
903,"",Sneasler,fire-punch,machine,0,Regulation M-A,
903,"",Sneasler,fling,machine,0,Regulation M-A,
903,"",Sneasler,focus-blast,machine,0,Regulation M-A,
903,"",Sneasler,focus-punch,machine,0,Regulation M-A,
903,"",Sneasler,giga-impact,machine,0,Regulation M-A,
903,"",Sneasler,grass-knot,machine,0,Regulation M-A,
903,"",Sneasler,gunk-shot,machine,0,Regulation M-A,
903,"",Sneasler,hyper-beam,machine,0,Regulation M-A,
903,"",Sneasler,lash-out,machine,0,Regulation M-A,
903,"",Sneasler,low-kick,machine,0,Regulation M-A,
903,"",Sneasler,low-sweep,machine,0,Regulation M-A,
903,"",Sneasler,nasty-plot,machine,0,Regulation M-A,
903,"",Sneasler,night-slash,machine,0,Regulation M-A,
903,"",Sneasler,poison-jab,machine,0,Regulation M-A,
903,"",Sneasler,protect,machine,0,Regulation M-A,
903,"",Sneasler,quick-attack,machine,0,Regulation M-A,
903,"",Sneasler,quick-guard,machine,0,Regulation M-A,
903,"",Sneasler,rain-dance,machine,0,Regulation M-A,
903,"",Sneasler,rest,machine,0,Regulation M-A,
903,"",Sneasler,reversal,machine,0,Regulation M-A,
903,"",Sneasler,rock-slide,machine,0,Regulation M-A,
903,"",Sneasler,rock-tomb,machine,0,Regulation M-A,
903,"",Sneasler,screech,machine,0,Regulation M-A,
903,"",Sneasler,shadow-ball,machine,0,Regulation M-A,
903,"",Sneasler,shadow-claw,machine,0,Regulation M-A,
903,"",Sneasler,sleep-talk,machine,0,Regulation M-A,
903,"",Sneasler,sludge-bomb,machine,0,Regulation M-A,
903,"",Sneasler,sludge-wave,machine,0,Regulation M-A,
903,"",Sneasler,spite,machine,0,Regulation M-A,
903,"",Sneasler,substitute,machine,0,Regulation M-A,
903,"",Sneasler,sunny-day,machine,0,Regulation M-A,
903,"",Sneasler,switcheroo,machine,0,Regulation M-A,
903,"",Sneasler,swords-dance,machine,0,Regulation M-A,
903,"",Sneasler,taunt,machine,0,Regulation M-A,
903,"",Sneasler,thief,machine,0,Regulation M-A,
903,"",Sneasler,throat-chop,machine,0,Regulation M-A,
903,"",Sneasler,toxic,machine,0,Regulation M-A,
903,"",Sneasler,toxic-spikes,machine,0,Regulation M-A,
903,"",Sneasler,trailblaze,machine,0,Regulation M-A,
903,"",Sneasler,u-turn,machine,0,Regulation M-A,
903,"",Sneasler,upper-hand,machine,0,Regulation M-A,
903,"",Sneasler,vacuum-wave,machine,0,Regulation M-A,
903,"",Sneasler,venoshock,machine,0,Regulation M-A,
903,"",Sneasler,x-scissor,machine,0,Regulation M-A,
904,"",Overqwil,acid-spray,machine,0,Regulation M-B,
904,"",Overqwil,acupressure,machine,0,Regulation M-B,
904,"",Overqwil,agility,machine,0,Regulation M-B,
904,"",Overqwil,aqua-jet,machine,0,Regulation M-B,
904,"",Overqwil,aqua-tail,machine,0,Regulation M-B,
904,"",Overqwil,barb-barrage,machine,0,Regulation M-B,
904,"",Overqwil,bite,machine,0,Regulation M-B,
904,"",Overqwil,blizzard,machine,0,Regulation M-B,
904,"",Overqwil,chilling-water,machine,0,Regulation M-B,
904,"",Overqwil,crunch,machine,0,Regulation M-B,
904,"",Overqwil,curse,machine,0,Regulation M-B,
904,"",Overqwil,dark-pulse,machine,0,Regulation M-B,
904,"",Overqwil,destiny-bond,machine,0,Regulation M-B,
904,"",Overqwil,double-edge,machine,0,Regulation M-B,
904,"",Overqwil,endure,machine,0,Regulation M-B,
904,"",Overqwil,facade,machine,0,Regulation M-B,
904,"",Overqwil,fell-stinger,machine,0,Regulation M-B,
904,"",Overqwil,flail,machine,0,Regulation M-B,
904,"",Overqwil,giga-impact,machine,0,Regulation M-B,
904,"",Overqwil,gunk-shot,machine,0,Regulation M-B,
904,"",Overqwil,gyro-ball,machine,0,Regulation M-B,
904,"",Overqwil,haze,machine,0,Regulation M-B,
904,"",Overqwil,hex,machine,0,Regulation M-B,
904,"",Overqwil,hydro-pump,machine,0,Regulation M-B,
904,"",Overqwil,hyper-beam,machine,0,Regulation M-B,
904,"",Overqwil,ice-beam,machine,0,Regulation M-B,
904,"",Overqwil,icy-wind,machine,0,Regulation M-B,
904,"",Overqwil,lash-out,machine,0,Regulation M-B,
904,"",Overqwil,liquidation,machine,0,Regulation M-B,
904,"",Overqwil,minimize,machine,0,Regulation M-B,
904,"",Overqwil,mud-shot,machine,0,Regulation M-B,
904,"",Overqwil,pain-split,machine,0,Regulation M-B,
904,"",Overqwil,pin-missile,machine,0,Regulation M-B,
904,"",Overqwil,poison-jab,machine,0,Regulation M-B,
904,"",Overqwil,protect,machine,0,Regulation M-B,
904,"",Overqwil,rain-dance,machine,0,Regulation M-B,
904,"",Overqwil,rest,machine,0,Regulation M-B,
904,"",Overqwil,reversal,machine,0,Regulation M-B,
904,"",Overqwil,scale-shot,machine,0,Regulation M-B,
904,"",Overqwil,scary-face,machine,0,Regulation M-B,
904,"",Overqwil,self-destruct,machine,0,Regulation M-B,
904,"",Overqwil,shadow-ball,machine,0,Regulation M-B,
904,"",Overqwil,sleep-talk,machine,0,Regulation M-B,
904,"",Overqwil,sludge-bomb,machine,0,Regulation M-B,
904,"",Overqwil,sludge-wave,machine,0,Regulation M-B,
904,"",Overqwil,smart-strike,machine,0,Regulation M-B,
904,"",Overqwil,spikes,machine,0,Regulation M-B,
904,"",Overqwil,spit-up,machine,0,Regulation M-B,
904,"",Overqwil,spite,machine,0,Regulation M-B,
904,"",Overqwil,stockpile,machine,0,Regulation M-B,
904,"",Overqwil,substitute,machine,0,Regulation M-B,
904,"",Overqwil,surf,machine,0,Regulation M-B,
904,"",Overqwil,swords-dance,machine,0,Regulation M-B,
904,"",Overqwil,taunt,machine,0,Regulation M-B,
904,"",Overqwil,throat-chop,machine,0,Regulation M-B,
904,"",Overqwil,toxic,machine,0,Regulation M-B,
904,"",Overqwil,toxic-spikes,machine,0,Regulation M-B,
904,"",Overqwil,venoshock,machine,0,Regulation M-B,
904,"",Overqwil,water-pulse,machine,0,Regulation M-B,
904,"",Overqwil,waterfall,machine,0,Regulation M-B,
908,"",Meowscarada,acrobatics,machine,0,Regulation M-A,
908,"",Meowscarada,aerial-ace,machine,0,Regulation M-A,
908,"",Meowscarada,agility,machine,0,Regulation M-A,
908,"",Meowscarada,ally-switch,machine,0,Regulation M-A,
908,"",Meowscarada,aura-sphere,machine,0,Regulation M-A,
908,"",Meowscarada,bite,machine,0,Regulation M-A,
908,"",Meowscarada,brick-break,machine,0,Regulation M-A,
908,"",Meowscarada,bullet-seed,machine,0,Regulation M-A,
908,"",Meowscarada,charm,machine,0,Regulation M-A,
908,"",Meowscarada,chilling-water,machine,0,Regulation M-A,
908,"",Meowscarada,copycat,machine,0,Regulation M-A,
908,"",Meowscarada,dark-pulse,machine,0,Regulation M-A,
908,"",Meowscarada,double-team,machine,0,Regulation M-A,
908,"",Meowscarada,endure,machine,0,Regulation M-A,
908,"",Meowscarada,energy-ball,machine,0,Regulation M-A,
908,"",Meowscarada,facade,machine,0,Regulation M-A,
908,"",Meowscarada,fake-tears,machine,0,Regulation M-A,
908,"",Meowscarada,fling,machine,0,Regulation M-A,
908,"",Meowscarada,flower-trick,machine,0,Regulation M-A,
908,"",Meowscarada,foul-play,machine,0,Regulation M-A,
908,"",Meowscarada,frenzy-plant,machine,0,Regulation M-A,
908,"",Meowscarada,giga-drain,machine,0,Regulation M-A,
908,"",Meowscarada,giga-impact,machine,0,Regulation M-A,
908,"",Meowscarada,grass-knot,machine,0,Regulation M-A,
908,"",Meowscarada,grassy-glide,machine,0,Regulation M-A,
908,"",Meowscarada,grassy-terrain,machine,0,Regulation M-A,
908,"",Meowscarada,helping-hand,machine,0,Regulation M-A,
908,"",Meowscarada,hyper-beam,machine,0,Regulation M-A,
908,"",Meowscarada,knock-off,machine,0,Regulation M-A,
908,"",Meowscarada,lash-out,machine,0,Regulation M-A,
908,"",Meowscarada,leaf-storm,machine,0,Regulation M-A,
908,"",Meowscarada,leech-seed,machine,0,Regulation M-A,
908,"",Meowscarada,low-kick,machine,0,Regulation M-A,
908,"",Meowscarada,low-sweep,machine,0,Regulation M-A,
908,"",Meowscarada,mud-slap,machine,0,Regulation M-A,
908,"",Meowscarada,nasty-plot,machine,0,Regulation M-A,
908,"",Meowscarada,night-slash,machine,0,Regulation M-A,
908,"",Meowscarada,petal-blizzard,machine,0,Regulation M-A,
908,"",Meowscarada,play-rough,machine,0,Regulation M-A,
908,"",Meowscarada,pollen-puff,machine,0,Regulation M-A,
908,"",Meowscarada,power-gem,machine,0,Regulation M-A,
908,"",Meowscarada,protect,machine,0,Regulation M-A,
908,"",Meowscarada,psych-up,machine,0,Regulation M-A,
908,"",Meowscarada,quick-attack,machine,0,Regulation M-A,
908,"",Meowscarada,rest,machine,0,Regulation M-A,
908,"",Meowscarada,seed-bomb,machine,0,Regulation M-A,
908,"",Meowscarada,shadow-ball,machine,0,Regulation M-A,
908,"",Meowscarada,shadow-claw,machine,0,Regulation M-A,
908,"",Meowscarada,skill-swap,machine,0,Regulation M-A,
908,"",Meowscarada,sleep-talk,machine,0,Regulation M-A,
908,"",Meowscarada,solar-beam,machine,0,Regulation M-A,
908,"",Meowscarada,spikes,machine,0,Regulation M-A,
908,"",Meowscarada,substitute,machine,0,Regulation M-A,
908,"",Meowscarada,sucker-punch,machine,0,Regulation M-A,
908,"",Meowscarada,taunt,machine,0,Regulation M-A,
908,"",Meowscarada,thief,machine,0,Regulation M-A,
908,"",Meowscarada,throat-chop,machine,0,Regulation M-A,
908,"",Meowscarada,thunder-punch,machine,0,Regulation M-A,
908,"",Meowscarada,toxic-spikes,machine,0,Regulation M-A,
908,"",Meowscarada,trailblaze,machine,0,Regulation M-A,
908,"",Meowscarada,trick,machine,0,Regulation M-A,
908,"",Meowscarada,trick-room,machine,0,Regulation M-A,
908,"",Meowscarada,triple-axel,machine,0,Regulation M-A,
908,"",Meowscarada,u-turn,machine,0,Regulation M-A,
908,"",Meowscarada,worry-seed,machine,0,Regulation M-A,
911,"",Skeledirge,alluring-voice,machine,0,Regulation M-A,
911,"",Skeledirge,belch,machine,0,Regulation M-A,
911,"",Skeledirge,bite,machine,0,Regulation M-A,
911,"",Skeledirge,blast-burn,machine,0,Regulation M-A,
911,"",Skeledirge,body-slam,machine,0,Regulation M-A,
911,"",Skeledirge,burn-up,machine,0,Regulation M-A,
911,"",Skeledirge,crunch,machine,0,Regulation M-A,
911,"",Skeledirge,curse,machine,0,Regulation M-A,
911,"",Skeledirge,dig,machine,0,Regulation M-A,
911,"",Skeledirge,earth-power,machine,0,Regulation M-A,
911,"",Skeledirge,earthquake,machine,0,Regulation M-A,
911,"",Skeledirge,encore,machine,0,Regulation M-A,
911,"",Skeledirge,endure,machine,0,Regulation M-A,
911,"",Skeledirge,facade,machine,0,Regulation M-A,
911,"",Skeledirge,fire-blast,machine,0,Regulation M-A,
911,"",Skeledirge,fire-fang,machine,0,Regulation M-A,
911,"",Skeledirge,fire-spin,machine,0,Regulation M-A,
911,"",Skeledirge,flame-charge,machine,0,Regulation M-A,
911,"",Skeledirge,flamethrower,machine,0,Regulation M-A,
911,"",Skeledirge,flare-blitz,machine,0,Regulation M-A,
911,"",Skeledirge,giga-impact,machine,0,Regulation M-A,
911,"",Skeledirge,heat-crash,machine,0,Regulation M-A,
911,"",Skeledirge,heat-wave,machine,0,Regulation M-A,
911,"",Skeledirge,helping-hand,machine,0,Regulation M-A,
911,"",Skeledirge,hex,machine,0,Regulation M-A,
911,"",Skeledirge,hyper-beam,machine,0,Regulation M-A,
911,"",Skeledirge,hyper-voice,machine,0,Regulation M-A,
911,"",Skeledirge,imprison,machine,0,Regulation M-A,
911,"",Skeledirge,mud-slap,machine,0,Regulation M-A,
911,"",Skeledirge,night-shade,machine,0,Regulation M-A,
911,"",Skeledirge,outrage,machine,0,Regulation M-A,
911,"",Skeledirge,overheat,machine,0,Regulation M-A,
911,"",Skeledirge,poltergeist,machine,0,Regulation M-A,
911,"",Skeledirge,protect,machine,0,Regulation M-A,
911,"",Skeledirge,rest,machine,0,Regulation M-A,
911,"",Skeledirge,roar,machine,0,Regulation M-A,
911,"",Skeledirge,round,machine,0,Regulation M-A,
911,"",Skeledirge,scary-face,machine,0,Regulation M-A,
911,"",Skeledirge,scorching-sands,machine,0,Regulation M-A,
911,"",Skeledirge,seed-bomb,machine,0,Regulation M-A,
911,"",Skeledirge,shadow-ball,machine,0,Regulation M-A,
911,"",Skeledirge,shadow-claw,machine,0,Regulation M-A,
911,"",Skeledirge,sing,machine,0,Regulation M-A,
911,"",Skeledirge,slack-off,machine,0,Regulation M-A,
911,"",Skeledirge,sleep-talk,machine,0,Regulation M-A,
911,"",Skeledirge,snarl,machine,0,Regulation M-A,
911,"",Skeledirge,solar-beam,machine,0,Regulation M-A,
911,"",Skeledirge,stomping-tantrum,machine,0,Regulation M-A,
911,"",Skeledirge,substitute,machine,0,Regulation M-A,
911,"",Skeledirge,sunny-day,machine,0,Regulation M-A,
911,"",Skeledirge,temper-flare,machine,0,Regulation M-A,
911,"",Skeledirge,thunder-fang,machine,0,Regulation M-A,
911,"",Skeledirge,torch-song,machine,0,Regulation M-A,
911,"",Skeledirge,will-o-wisp,machine,0,Regulation M-A,
911,"",Skeledirge,yawn,machine,0,Regulation M-A,
911,"",Skeledirge,zen-headbutt,machine,0,Regulation M-A,
914,"",Quaquaval,acrobatics,machine,0,Regulation M-A,
914,"",Quaquaval,aerial-ace,machine,0,Regulation M-A,
914,"",Quaquaval,agility,machine,0,Regulation M-A,
914,"",Quaquaval,air-cutter,machine,0,Regulation M-A,
914,"",Quaquaval,air-slash,machine,0,Regulation M-A,
914,"",Quaquaval,aqua-cutter,machine,0,Regulation M-A,
914,"",Quaquaval,aqua-jet,machine,0,Regulation M-A,
914,"",Quaquaval,aqua-step,machine,0,Regulation M-A,
914,"",Quaquaval,baton-pass,machine,0,Regulation M-A,
914,"",Quaquaval,brave-bird,machine,0,Regulation M-A,
914,"",Quaquaval,brick-break,machine,0,Regulation M-A,
914,"",Quaquaval,bulk-up,machine,0,Regulation M-A,
914,"",Quaquaval,chilling-water,machine,0,Regulation M-A,
914,"",Quaquaval,close-combat,machine,0,Regulation M-A,
914,"",Quaquaval,coaching,machine,0,Regulation M-A,
914,"",Quaquaval,counter,machine,0,Regulation M-A,
914,"",Quaquaval,detect,machine,0,Regulation M-A,
914,"",Quaquaval,double-hit,machine,0,Regulation M-A,
914,"",Quaquaval,encore,machine,0,Regulation M-A,
914,"",Quaquaval,endeavor,machine,0,Regulation M-A,
914,"",Quaquaval,endure,machine,0,Regulation M-A,
914,"",Quaquaval,facade,machine,0,Regulation M-A,
914,"",Quaquaval,feather-dance,machine,0,Regulation M-A,
914,"",Quaquaval,fling,machine,0,Regulation M-A,
914,"",Quaquaval,flip-turn,machine,0,Regulation M-A,
914,"",Quaquaval,focus-energy,machine,0,Regulation M-A,
914,"",Quaquaval,giga-impact,machine,0,Regulation M-A,
914,"",Quaquaval,helping-hand,machine,0,Regulation M-A,
914,"",Quaquaval,hurricane,machine,0,Regulation M-A,
914,"",Quaquaval,hydro-cannon,machine,0,Regulation M-A,
914,"",Quaquaval,hydro-pump,machine,0,Regulation M-A,
914,"",Quaquaval,hyper-beam,machine,0,Regulation M-A,
914,"",Quaquaval,ice-spinner,machine,0,Regulation M-A,
914,"",Quaquaval,icy-wind,machine,0,Regulation M-A,
914,"",Quaquaval,knock-off,machine,0,Regulation M-A,
914,"",Quaquaval,last-resort,machine,0,Regulation M-A,
914,"",Quaquaval,liquidation,machine,0,Regulation M-A,
914,"",Quaquaval,low-kick,machine,0,Regulation M-A,
914,"",Quaquaval,low-sweep,machine,0,Regulation M-A,
914,"",Quaquaval,mega-kick,machine,0,Regulation M-A,
914,"",Quaquaval,misty-terrain,machine,0,Regulation M-A,
914,"",Quaquaval,protect,machine,0,Regulation M-A,
914,"",Quaquaval,psych-up,machine,0,Regulation M-A,
914,"",Quaquaval,rain-dance,machine,0,Regulation M-A,
914,"",Quaquaval,rapid-spin,machine,0,Regulation M-A,
914,"",Quaquaval,rest,machine,0,Regulation M-A,
914,"",Quaquaval,reversal,machine,0,Regulation M-A,
914,"",Quaquaval,roost,machine,0,Regulation M-A,
914,"",Quaquaval,sleep-talk,machine,0,Regulation M-A,
914,"",Quaquaval,substitute,machine,0,Regulation M-A,
914,"",Quaquaval,surf,machine,0,Regulation M-A,
914,"",Quaquaval,swords-dance,machine,0,Regulation M-A,
914,"",Quaquaval,taunt,machine,0,Regulation M-A,
914,"",Quaquaval,triple-axel,machine,0,Regulation M-A,
914,"",Quaquaval,u-turn,machine,0,Regulation M-A,
914,"",Quaquaval,upper-hand,machine,0,Regulation M-A,
914,"",Quaquaval,water-pulse,machine,0,Regulation M-A,
914,"",Quaquaval,wave-crash,machine,0,Regulation M-A,
914,"",Quaquaval,whirlpool,machine,0,Regulation M-A,
925,"",Maushold,aerial-ace,machine,0,Regulation M-A,
925,"",Maushold,after-you,machine,0,Regulation M-A,
925,"",Maushold,agility,machine,0,Regulation M-A,
925,"",Maushold,baby-doll-eyes,machine,0,Regulation M-A,
925,"",Maushold,baton-pass,machine,0,Regulation M-A,
925,"",Maushold,beat-up,machine,0,Regulation M-A,
925,"",Maushold,bite,machine,0,Regulation M-A,
925,"",Maushold,bullet-seed,machine,0,Regulation M-A,
925,"",Maushold,charm,machine,0,Regulation M-A,
925,"",Maushold,chilling-water,machine,0,Regulation M-A,
925,"",Maushold,copycat,machine,0,Regulation M-A,
925,"",Maushold,crunch,machine,0,Regulation M-A,
925,"",Maushold,dig,machine,0,Regulation M-A,
925,"",Maushold,double-edge,machine,0,Regulation M-A,
925,"",Maushold,double-hit,machine,0,Regulation M-A,
925,"",Maushold,encore,machine,0,Regulation M-A,
925,"",Maushold,endure,machine,0,Regulation M-A,
925,"",Maushold,facade,machine,0,Regulation M-A,
925,"",Maushold,fake-tears,machine,0,Regulation M-A,
925,"",Maushold,feint,machine,0,Regulation M-A,
925,"",Maushold,follow-me,machine,0,Regulation M-A,
925,"",Maushold,giga-impact,machine,0,Regulation M-A,
925,"",Maushold,grass-knot,machine,0,Regulation M-A,
925,"",Maushold,helping-hand,machine,0,Regulation M-A,
925,"",Maushold,hyper-beam,machine,0,Regulation M-A,
925,"",Maushold,hyper-voice,machine,0,Regulation M-A,
925,"",Maushold,low-kick,machine,0,Regulation M-A,
925,"",Maushold,low-sweep,machine,0,Regulation M-A,
925,"",Maushold,mud-shot,machine,0,Regulation M-A,
925,"",Maushold,mud-slap,machine,0,Regulation M-A,
925,"",Maushold,play-rough,machine,0,Regulation M-A,
925,"",Maushold,population-bomb,machine,0,Regulation M-A,
925,"",Maushold,protect,machine,0,Regulation M-A,
925,"",Maushold,rain-dance,machine,0,Regulation M-A,
925,"",Maushold,rest,machine,0,Regulation M-A,
925,"",Maushold,seed-bomb,machine,0,Regulation M-A,
925,"",Maushold,shadow-claw,machine,0,Regulation M-A,
925,"",Maushold,sleep-talk,machine,0,Regulation M-A,
925,"",Maushold,substitute,machine,0,Regulation M-A,
925,"",Maushold,sunny-day,machine,0,Regulation M-A,
925,"",Maushold,super-fang,machine,0,Regulation M-A,
925,"",Maushold,switcheroo,machine,0,Regulation M-A,
925,"",Maushold,taunt,machine,0,Regulation M-A,
925,"",Maushold,thief,machine,0,Regulation M-A,
925,"",Maushold,thunder-wave,machine,0,Regulation M-A,
925,"",Maushold,tickle,machine,0,Regulation M-A,
925,"",Maushold,tidy-up,machine,0,Regulation M-A,
925,"",Maushold,trailblaze,machine,0,Regulation M-A,
925,"",Maushold,u-turn,machine,0,Regulation M-A,
925,"",Maushold,water-pulse,machine,0,Regulation M-A,
934,"",Garganacl,ancient-power,machine,0,Regulation M-A,
934,"",Garganacl,avalanche,machine,0,Regulation M-A,
934,"",Garganacl,block,machine,0,Regulation M-A,
934,"",Garganacl,body-press,machine,0,Regulation M-A,
934,"",Garganacl,body-slam,machine,0,Regulation M-A,
934,"",Garganacl,brick-break,machine,0,Regulation M-A,
934,"",Garganacl,bulldoze,machine,0,Regulation M-A,
934,"",Garganacl,curse,machine,0,Regulation M-A,
934,"",Garganacl,dig,machine,0,Regulation M-A,
934,"",Garganacl,double-edge,machine,0,Regulation M-A,
934,"",Garganacl,dynamic-punch,machine,0,Regulation M-A,
934,"",Garganacl,earth-power,machine,0,Regulation M-A,
934,"",Garganacl,earthquake,machine,0,Regulation M-A,
934,"",Garganacl,endure,machine,0,Regulation M-A,
934,"",Garganacl,explosion,machine,0,Regulation M-A,
934,"",Garganacl,facade,machine,0,Regulation M-A,
934,"",Garganacl,fire-punch,machine,0,Regulation M-A,
934,"",Garganacl,fissure,machine,0,Regulation M-A,
934,"",Garganacl,flash-cannon,machine,0,Regulation M-A,
934,"",Garganacl,fling,machine,0,Regulation M-A,
934,"",Garganacl,focus-punch,machine,0,Regulation M-A,
934,"",Garganacl,giga-impact,machine,0,Regulation M-A,
934,"",Garganacl,gravity,machine,0,Regulation M-A,
934,"",Garganacl,hammer-arm,machine,0,Regulation M-A,
934,"",Garganacl,hard-press,machine,0,Regulation M-A,
934,"",Garganacl,heavy-slam,machine,0,Regulation M-A,
934,"",Garganacl,helping-hand,machine,0,Regulation M-A,
934,"",Garganacl,hyper-beam,machine,0,Regulation M-A,
934,"",Garganacl,ice-punch,machine,0,Regulation M-A,
934,"",Garganacl,iron-defense,machine,0,Regulation M-A,
934,"",Garganacl,iron-head,machine,0,Regulation M-A,
934,"",Garganacl,meteor-beam,machine,0,Regulation M-A,
934,"",Garganacl,mud-shot,machine,0,Regulation M-A,
934,"",Garganacl,power-gem,machine,0,Regulation M-A,
934,"",Garganacl,protect,machine,0,Regulation M-A,
934,"",Garganacl,rain-dance,machine,0,Regulation M-A,
934,"",Garganacl,recover,machine,0,Regulation M-A,
934,"",Garganacl,rest,machine,0,Regulation M-A,
934,"",Garganacl,rock-blast,machine,0,Regulation M-A,
934,"",Garganacl,rock-polish,machine,0,Regulation M-A,
934,"",Garganacl,rock-slide,machine,0,Regulation M-A,
934,"",Garganacl,rock-tomb,machine,0,Regulation M-A,
934,"",Garganacl,salt-cure,machine,0,Regulation M-A,
934,"",Garganacl,sandstorm,machine,0,Regulation M-A,
934,"",Garganacl,sleep-talk,machine,0,Regulation M-A,
934,"",Garganacl,smack-down,machine,0,Regulation M-A,
934,"",Garganacl,stealth-rock,machine,0,Regulation M-A,
934,"",Garganacl,stomping-tantrum,machine,0,Regulation M-A,
934,"",Garganacl,stone-edge,machine,0,Regulation M-A,
934,"",Garganacl,substitute,machine,0,Regulation M-A,
934,"",Garganacl,sunny-day,machine,0,Regulation M-A,
934,"",Garganacl,thunder-punch,machine,0,Regulation M-A,
934,"",Garganacl,wide-guard,machine,0,Regulation M-A,
934,"",Garganacl,zen-headbutt,machine,0,Regulation M-A,
936,"",Armarouge,acid-spray,machine,0,Regulation M-A,
936,"",Armarouge,ally-switch,machine,0,Regulation M-A,
936,"",Armarouge,armor-cannon,machine,0,Regulation M-A,
936,"",Armarouge,aura-sphere,machine,0,Regulation M-A,
936,"",Armarouge,burn-up,machine,0,Regulation M-A,
936,"",Armarouge,calm-mind,machine,0,Regulation M-A,
936,"",Armarouge,clear-smog,machine,0,Regulation M-A,
936,"",Armarouge,confuse-ray,machine,0,Regulation M-A,
936,"",Armarouge,dark-pulse,machine,0,Regulation M-A,
936,"",Armarouge,destiny-bond,machine,0,Regulation M-A,
936,"",Armarouge,disable,machine,0,Regulation M-A,
936,"",Armarouge,dragon-pulse,machine,0,Regulation M-A,
936,"",Armarouge,endure,machine,0,Regulation M-A,
936,"",Armarouge,energy-ball,machine,0,Regulation M-A,
936,"",Armarouge,expanding-force,machine,0,Regulation M-A,
936,"",Armarouge,facade,machine,0,Regulation M-A,
936,"",Armarouge,fire-blast,machine,0,Regulation M-A,
936,"",Armarouge,fire-spin,machine,0,Regulation M-A,
936,"",Armarouge,flame-charge,machine,0,Regulation M-A,
936,"",Armarouge,flamethrower,machine,0,Regulation M-A,
936,"",Armarouge,flare-blitz,machine,0,Regulation M-A,
936,"",Armarouge,flash-cannon,machine,0,Regulation M-A,
936,"",Armarouge,fling,machine,0,Regulation M-A,
936,"",Armarouge,focus-blast,machine,0,Regulation M-A,
936,"",Armarouge,heat-wave,machine,0,Regulation M-A,
936,"",Armarouge,helping-hand,machine,0,Regulation M-A,
936,"",Armarouge,hyper-beam,machine,0,Regulation M-A,
936,"",Armarouge,iron-defense,machine,0,Regulation M-A,
936,"",Armarouge,lava-plume,machine,0,Regulation M-A,
936,"",Armarouge,light-screen,machine,0,Regulation M-A,
936,"",Armarouge,meteor-beam,machine,0,Regulation M-A,
936,"",Armarouge,mystical-fire,machine,0,Regulation M-A,
936,"",Armarouge,night-shade,machine,0,Regulation M-A,
936,"",Armarouge,overheat,machine,0,Regulation M-A,
936,"",Armarouge,protect,machine,0,Regulation M-A,
936,"",Armarouge,psych-up,machine,0,Regulation M-A,
936,"",Armarouge,psychic,machine,0,Regulation M-A,
936,"",Armarouge,psychic-terrain,machine,0,Regulation M-A,
936,"",Armarouge,psyshock,machine,0,Regulation M-A,
936,"",Armarouge,reflect,machine,0,Regulation M-A,
936,"",Armarouge,rest,machine,0,Regulation M-A,
936,"",Armarouge,scorching-sands,machine,0,Regulation M-A,
936,"",Armarouge,shadow-ball,machine,0,Regulation M-A,
936,"",Armarouge,sleep-talk,machine,0,Regulation M-A,
936,"",Armarouge,solar-beam,machine,0,Regulation M-A,
936,"",Armarouge,spite,machine,0,Regulation M-A,
936,"",Armarouge,stored-power,machine,0,Regulation M-A,
936,"",Armarouge,substitute,machine,0,Regulation M-A,
936,"",Armarouge,sunny-day,machine,0,Regulation M-A,
936,"",Armarouge,taunt,machine,0,Regulation M-A,
936,"",Armarouge,trick,machine,0,Regulation M-A,
936,"",Armarouge,trick-room,machine,0,Regulation M-A,
936,"",Armarouge,weather-ball,machine,0,Regulation M-A,
936,"",Armarouge,wide-guard,machine,0,Regulation M-A,
936,"",Armarouge,will-o-wisp,machine,0,Regulation M-A,
937,"",Ceruledge,ally-switch,machine,0,Regulation M-A,
937,"",Ceruledge,bitter-blade,machine,0,Regulation M-A,
937,"",Ceruledge,brick-break,machine,0,Regulation M-A,
937,"",Ceruledge,bulk-up,machine,0,Regulation M-A,
937,"",Ceruledge,burn-up,machine,0,Regulation M-A,
937,"",Ceruledge,clear-smog,machine,0,Regulation M-A,
937,"",Ceruledge,close-combat,machine,0,Regulation M-A,
937,"",Ceruledge,confuse-ray,machine,0,Regulation M-A,
937,"",Ceruledge,curse,machine,0,Regulation M-A,
937,"",Ceruledge,destiny-bond,machine,0,Regulation M-A,
937,"",Ceruledge,disable,machine,0,Regulation M-A,
937,"",Ceruledge,dragon-claw,machine,0,Regulation M-A,
937,"",Ceruledge,endure,machine,0,Regulation M-A,
937,"",Ceruledge,facade,machine,0,Regulation M-A,
937,"",Ceruledge,fire-blast,machine,0,Regulation M-A,
937,"",Ceruledge,fire-spin,machine,0,Regulation M-A,
937,"",Ceruledge,flame-charge,machine,0,Regulation M-A,
937,"",Ceruledge,flamethrower,machine,0,Regulation M-A,
937,"",Ceruledge,flare-blitz,machine,0,Regulation M-A,
937,"",Ceruledge,fling,machine,0,Regulation M-A,
937,"",Ceruledge,giga-impact,machine,0,Regulation M-A,
937,"",Ceruledge,heat-wave,machine,0,Regulation M-A,
937,"",Ceruledge,helping-hand,machine,0,Regulation M-A,
937,"",Ceruledge,hex,machine,0,Regulation M-A,
937,"",Ceruledge,iron-defense,machine,0,Regulation M-A,
937,"",Ceruledge,iron-head,machine,0,Regulation M-A,
937,"",Ceruledge,lava-plume,machine,0,Regulation M-A,
937,"",Ceruledge,light-screen,machine,0,Regulation M-A,
937,"",Ceruledge,night-shade,machine,0,Regulation M-A,
937,"",Ceruledge,night-slash,machine,0,Regulation M-A,
937,"",Ceruledge,overheat,machine,0,Regulation M-A,
937,"",Ceruledge,phantom-force,machine,0,Regulation M-A,
937,"",Ceruledge,poison-jab,machine,0,Regulation M-A,
937,"",Ceruledge,poltergeist,machine,0,Regulation M-A,
937,"",Ceruledge,protect,machine,0,Regulation M-A,
937,"",Ceruledge,psych-up,machine,0,Regulation M-A,
937,"",Ceruledge,psycho-cut,machine,0,Regulation M-A,
937,"",Ceruledge,quick-guard,machine,0,Regulation M-A,
937,"",Ceruledge,reflect,machine,0,Regulation M-A,
937,"",Ceruledge,rest,machine,0,Regulation M-A,
937,"",Ceruledge,shadow-ball,machine,0,Regulation M-A,
937,"",Ceruledge,shadow-claw,machine,0,Regulation M-A,
937,"",Ceruledge,shadow-sneak,machine,0,Regulation M-A,
937,"",Ceruledge,sleep-talk,machine,0,Regulation M-A,
937,"",Ceruledge,solar-blade,machine,0,Regulation M-A,
937,"",Ceruledge,spite,machine,0,Regulation M-A,
937,"",Ceruledge,stored-power,machine,0,Regulation M-A,
937,"",Ceruledge,substitute,machine,0,Regulation M-A,
937,"",Ceruledge,sunny-day,machine,0,Regulation M-A,
937,"",Ceruledge,swords-dance,machine,0,Regulation M-A,
937,"",Ceruledge,taunt,machine,0,Regulation M-A,
937,"",Ceruledge,throat-chop,machine,0,Regulation M-A,
937,"",Ceruledge,vacuum-wave,machine,0,Regulation M-A,
937,"",Ceruledge,will-o-wisp,machine,0,Regulation M-A,
937,"",Ceruledge,x-scissor,machine,0,Regulation M-A,
939,"",Bellibolt,acid-spray,machine,0,Regulation M-A,
939,"",Bellibolt,charge,machine,0,Regulation M-A,
939,"",Bellibolt,charge-beam,machine,0,Regulation M-A,
939,"",Bellibolt,chilling-water,machine,0,Regulation M-A,
939,"",Bellibolt,confuse-ray,machine,0,Regulation M-A,
939,"",Bellibolt,discharge,machine,0,Regulation M-A,
939,"",Bellibolt,eerie-impulse,machine,0,Regulation M-A,
939,"",Bellibolt,electric-terrain,machine,0,Regulation M-A,
939,"",Bellibolt,electro-ball,machine,0,Regulation M-A,
939,"",Bellibolt,electroweb,machine,0,Regulation M-A,
939,"",Bellibolt,endure,machine,0,Regulation M-A,
939,"",Bellibolt,flail,machine,0,Regulation M-A,
939,"",Bellibolt,giga-impact,machine,0,Regulation M-A,
939,"",Bellibolt,hyper-beam,machine,0,Regulation M-A,
939,"",Bellibolt,hyper-voice,machine,0,Regulation M-A,
939,"",Bellibolt,light-screen,machine,0,Regulation M-A,
939,"",Bellibolt,mud-shot,machine,0,Regulation M-A,
939,"",Bellibolt,mud-slap,machine,0,Regulation M-A,
939,"",Bellibolt,muddy-water,machine,0,Regulation M-A,
939,"",Bellibolt,parabolic-charge,machine,0,Regulation M-A,
939,"",Bellibolt,protect,machine,0,Regulation M-A,
939,"",Bellibolt,rain-dance,machine,0,Regulation M-A,
939,"",Bellibolt,reflect,machine,0,Regulation M-A,
939,"",Bellibolt,rest,machine,0,Regulation M-A,
939,"",Bellibolt,slack-off,machine,0,Regulation M-A,
939,"",Bellibolt,sleep-talk,machine,0,Regulation M-A,
939,"",Bellibolt,soak,machine,0,Regulation M-A,
939,"",Bellibolt,substitute,machine,0,Regulation M-A,
939,"",Bellibolt,sucker-punch,machine,0,Regulation M-A,
939,"",Bellibolt,supercell-slam,machine,0,Regulation M-A,
939,"",Bellibolt,thunder,machine,0,Regulation M-A,
939,"",Bellibolt,thunder-wave,machine,0,Regulation M-A,
939,"",Bellibolt,thunderbolt,machine,0,Regulation M-A,
939,"",Bellibolt,toxic,machine,0,Regulation M-A,
939,"",Bellibolt,volt-switch,machine,0,Regulation M-A,
939,"",Bellibolt,water-pulse,machine,0,Regulation M-A,
939,"",Bellibolt,weather-ball,machine,0,Regulation M-A,
939,"",Bellibolt,wild-charge,machine,0,Regulation M-A,
939,"",Bellibolt,zap-cannon,machine,0,Regulation M-A,
952,"",Scovillain,bite,machine,0,Regulation M-A,
952,"",Scovillain,bullet-seed,machine,0,Regulation M-A,
952,"",Scovillain,burning-jealousy,machine,0,Regulation M-A,
952,"",Scovillain,crunch,machine,0,Regulation M-A,
952,"",Scovillain,double-hit,machine,0,Regulation M-A,
952,"",Scovillain,endeavor,machine,0,Regulation M-A,
952,"",Scovillain,endure,machine,0,Regulation M-A,
952,"",Scovillain,energy-ball,machine,0,Regulation M-A,
952,"",Scovillain,facade,machine,0,Regulation M-A,
952,"",Scovillain,fire-blast,machine,0,Regulation M-A,
952,"",Scovillain,fire-fang,machine,0,Regulation M-A,
952,"",Scovillain,fire-spin,machine,0,Regulation M-A,
952,"",Scovillain,flamethrower,machine,0,Regulation M-A,
952,"",Scovillain,flare-blitz,machine,0,Regulation M-A,
952,"",Scovillain,giga-drain,machine,0,Regulation M-A,
952,"",Scovillain,giga-impact,machine,0,Regulation M-A,
952,"",Scovillain,grass-knot,machine,0,Regulation M-A,
952,"",Scovillain,grassy-glide,machine,0,Regulation M-A,
952,"",Scovillain,grassy-terrain,machine,0,Regulation M-A,
952,"",Scovillain,growth,machine,0,Regulation M-A,
952,"",Scovillain,helping-hand,machine,0,Regulation M-A,
952,"",Scovillain,hyper-beam,machine,0,Regulation M-A,
952,"",Scovillain,ingrain,machine,0,Regulation M-A,
952,"",Scovillain,lash-out,machine,0,Regulation M-A,
952,"",Scovillain,leaf-storm,machine,0,Regulation M-A,
952,"",Scovillain,leech-seed,machine,0,Regulation M-A,
952,"",Scovillain,overheat,machine,0,Regulation M-A,
952,"",Scovillain,protect,machine,0,Regulation M-A,
952,"",Scovillain,rage-powder,machine,0,Regulation M-A,
952,"",Scovillain,rest,machine,0,Regulation M-A,
952,"",Scovillain,sandstorm,machine,0,Regulation M-A,
952,"",Scovillain,scary-face,machine,0,Regulation M-A,
952,"",Scovillain,seed-bomb,machine,0,Regulation M-A,
952,"",Scovillain,sleep-talk,machine,0,Regulation M-A,
952,"",Scovillain,solar-beam,machine,0,Regulation M-A,
952,"",Scovillain,spicy-extract,machine,0,Regulation M-A,
952,"",Scovillain,stomping-tantrum,machine,0,Regulation M-A,
952,"",Scovillain,substitute,machine,0,Regulation M-A,
952,"",Scovillain,sunny-day,machine,0,Regulation M-A,
952,"",Scovillain,super-fang,machine,0,Regulation M-A,
952,"",Scovillain,swagger,machine,0,Regulation M-A,
952,"",Scovillain,temper-flare,machine,0,Regulation M-A,
952,"",Scovillain,thief,machine,0,Regulation M-A,
952,"",Scovillain,thunder-fang,machine,0,Regulation M-A,
952,"",Scovillain,trailblaze,machine,0,Regulation M-A,
952,"",Scovillain,will-o-wisp,machine,0,Regulation M-A,
952,"",Scovillain,worry-seed,machine,0,Regulation M-A,
952,"",Scovillain,zen-headbutt,machine,0,Regulation M-A,
956,"",Espathra,aerial-ace,machine,0,Regulation M-A,
956,"",Espathra,agility,machine,0,Regulation M-A,
956,"",Espathra,ally-switch,machine,0,Regulation M-A,
956,"",Espathra,baby-doll-eyes,machine,0,Regulation M-A,
956,"",Espathra,baton-pass,machine,0,Regulation M-A,
956,"",Espathra,body-slam,machine,0,Regulation M-A,
956,"",Espathra,brave-bird,machine,0,Regulation M-A,
956,"",Espathra,calm-mind,machine,0,Regulation M-A,
956,"",Espathra,confuse-ray,machine,0,Regulation M-A,
956,"",Espathra,dazzling-gleam,machine,0,Regulation M-A,
956,"",Espathra,double-edge,machine,0,Regulation M-A,
956,"",Espathra,drill-peck,machine,0,Regulation M-A,
956,"",Espathra,endure,machine,0,Regulation M-A,
956,"",Espathra,energy-ball,machine,0,Regulation M-A,
956,"",Espathra,expanding-force,machine,0,Regulation M-A,
956,"",Espathra,facade,machine,0,Regulation M-A,
956,"",Espathra,feather-dance,machine,0,Regulation M-A,
956,"",Espathra,flash-cannon,machine,0,Regulation M-A,
956,"",Espathra,foul-play,machine,0,Regulation M-A,
956,"",Espathra,giga-impact,machine,0,Regulation M-A,
956,"",Espathra,helping-hand,machine,0,Regulation M-A,
956,"",Espathra,hex,machine,0,Regulation M-A,
956,"",Espathra,hyper-beam,machine,0,Regulation M-A,
956,"",Espathra,hyper-voice,machine,0,Regulation M-A,
956,"",Espathra,hypnosis,machine,0,Regulation M-A,
956,"",Espathra,last-resort,machine,0,Regulation M-A,
956,"",Espathra,light-screen,machine,0,Regulation M-A,
956,"",Espathra,low-kick,machine,0,Regulation M-A,
956,"",Espathra,lumina-crash,machine,0,Regulation M-A,
956,"",Espathra,mud-slap,machine,0,Regulation M-A,
956,"",Espathra,night-shade,machine,0,Regulation M-A,
956,"",Espathra,pluck,machine,0,Regulation M-A,
956,"",Espathra,pounce,machine,0,Regulation M-A,
956,"",Espathra,protect,machine,0,Regulation M-A,
956,"",Espathra,psych-up,machine,0,Regulation M-A,
956,"",Espathra,psychic,machine,0,Regulation M-A,
956,"",Espathra,psychic-terrain,machine,0,Regulation M-A,
956,"",Espathra,psyshock,machine,0,Regulation M-A,
956,"",Espathra,quick-attack,machine,0,Regulation M-A,
956,"",Espathra,rain-dance,machine,0,Regulation M-A,
956,"",Espathra,reflect,machine,0,Regulation M-A,
956,"",Espathra,rest,machine,0,Regulation M-A,
956,"",Espathra,roost,machine,0,Regulation M-A,
956,"",Espathra,sandstorm,machine,0,Regulation M-A,
956,"",Espathra,seed-bomb,machine,0,Regulation M-A,
956,"",Espathra,shadow-ball,machine,0,Regulation M-A,
956,"",Espathra,skill-swap,machine,0,Regulation M-A,
956,"",Espathra,sleep-talk,machine,0,Regulation M-A,
956,"",Espathra,stored-power,machine,0,Regulation M-A,
956,"",Espathra,substitute,machine,0,Regulation M-A,
956,"",Espathra,sunny-day,machine,0,Regulation M-A,
956,"",Espathra,thief,machine,0,Regulation M-A,
956,"",Espathra,trick,machine,0,Regulation M-A,
956,"",Espathra,trick-room,machine,0,Regulation M-A,
956,"",Espathra,u-turn,machine,0,Regulation M-A,
956,"",Espathra,uproar,machine,0,Regulation M-A,
956,"",Espathra,zen-headbutt,machine,0,Regulation M-A,
959,"",Tinkaton,baby-doll-eyes,machine,0,Regulation M-A,
959,"",Tinkaton,brick-break,machine,0,Regulation M-A,
959,"",Tinkaton,brutal-swing,machine,0,Regulation M-A,
959,"",Tinkaton,bulldoze,machine,0,Regulation M-A,
959,"",Tinkaton,covet,machine,0,Regulation M-A,
959,"",Tinkaton,draining-kiss,machine,0,Regulation M-A,
959,"",Tinkaton,encore,machine,0,Regulation M-A,
959,"",Tinkaton,endeavor,machine,0,Regulation M-A,
959,"",Tinkaton,endure,machine,0,Regulation M-A,
959,"",Tinkaton,facade,machine,0,Regulation M-A,
959,"",Tinkaton,fake-out,machine,0,Regulation M-A,
959,"",Tinkaton,fake-tears,machine,0,Regulation M-A,
959,"",Tinkaton,feint,machine,0,Regulation M-A,
959,"",Tinkaton,flash-cannon,machine,0,Regulation M-A,
959,"",Tinkaton,flatter,machine,0,Regulation M-A,
959,"",Tinkaton,fling,machine,0,Regulation M-A,
959,"",Tinkaton,foul-play,machine,0,Regulation M-A,
959,"",Tinkaton,gigaton-hammer,machine,0,Regulation M-A,
959,"",Tinkaton,hard-press,machine,0,Regulation M-A,
959,"",Tinkaton,heavy-slam,machine,0,Regulation M-A,
959,"",Tinkaton,helping-hand,machine,0,Regulation M-A,
959,"",Tinkaton,ice-hammer,machine,0,Regulation M-A,
959,"",Tinkaton,knock-off,machine,0,Regulation M-A,
959,"",Tinkaton,light-screen,machine,0,Regulation M-A,
959,"",Tinkaton,metal-sound,machine,0,Regulation M-A,
959,"",Tinkaton,play-rough,machine,0,Regulation M-A,
959,"",Tinkaton,pounce,machine,0,Regulation M-A,
959,"",Tinkaton,protect,machine,0,Regulation M-A,
959,"",Tinkaton,quash,machine,0,Regulation M-A,
959,"",Tinkaton,reflect,machine,0,Regulation M-A,
959,"",Tinkaton,rest,machine,0,Regulation M-A,
959,"",Tinkaton,rock-slide,machine,0,Regulation M-A,
959,"",Tinkaton,rock-tomb,machine,0,Regulation M-A,
959,"",Tinkaton,screech,machine,0,Regulation M-A,
959,"",Tinkaton,skill-swap,machine,0,Regulation M-A,
959,"",Tinkaton,skitter-smack,machine,0,Regulation M-A,
959,"",Tinkaton,sleep-talk,machine,0,Regulation M-A,
959,"",Tinkaton,smack-down,machine,0,Regulation M-A,
959,"",Tinkaton,stealth-rock,machine,0,Regulation M-A,
959,"",Tinkaton,steel-beam,machine,0,Regulation M-A,
959,"",Tinkaton,stone-edge,machine,0,Regulation M-A,
959,"",Tinkaton,substitute,machine,0,Regulation M-A,
959,"",Tinkaton,sweet-kiss,machine,0,Regulation M-A,
959,"",Tinkaton,swords-dance,machine,0,Regulation M-A,
959,"",Tinkaton,thief,machine,0,Regulation M-A,
959,"",Tinkaton,thunder-wave,machine,0,Regulation M-A,
959,"",Tinkaton,wood-hammer,machine,0,Regulation M-A,
964,"",Palafin,acrobatics,machine,0,Regulation M-A,
964,"",Palafin,agility,machine,0,Regulation M-A,
964,"",Palafin,aqua-jet,machine,0,Regulation M-A,
964,"",Palafin,aqua-tail,machine,0,Regulation M-A,
964,"",Palafin,aura-sphere,machine,0,Regulation M-A,
964,"",Palafin,blizzard,machine,0,Regulation M-A,
964,"",Palafin,body-slam,machine,0,Regulation M-A,
964,"",Palafin,boomburst,machine,0,Regulation M-A,
964,"",Palafin,bounce,machine,0,Regulation M-A,
964,"",Palafin,bulk-up,machine,0,Regulation M-A,
964,"",Palafin,charm,machine,0,Regulation M-A,
964,"",Palafin,chilling-water,machine,0,Regulation M-A,
964,"",Palafin,close-combat,machine,0,Regulation M-A,
964,"",Palafin,counter,machine,0,Regulation M-A,
964,"",Palafin,dive,machine,0,Regulation M-A,
964,"",Palafin,double-hit,machine,0,Regulation M-A,
964,"",Palafin,drain-punch,machine,0,Regulation M-A,
964,"",Palafin,draining-kiss,machine,0,Regulation M-A,
964,"",Palafin,encore,machine,0,Regulation M-A,
964,"",Palafin,endeavor,machine,0,Regulation M-A,
964,"",Palafin,endure,machine,0,Regulation M-A,
964,"",Palafin,facade,machine,0,Regulation M-A,
964,"",Palafin,fling,machine,0,Regulation M-A,
964,"",Palafin,flip-turn,machine,0,Regulation M-A,
964,"",Palafin,focus-blast,machine,0,Regulation M-A,
964,"",Palafin,focus-energy,machine,0,Regulation M-A,
964,"",Palafin,focus-punch,machine,0,Regulation M-A,
964,"",Palafin,giga-impact,machine,0,Regulation M-A,
964,"",Palafin,grass-knot,machine,0,Regulation M-A,
964,"",Palafin,hard-press,machine,0,Regulation M-A,
964,"",Palafin,haze,machine,0,Regulation M-A,
964,"",Palafin,helping-hand,machine,0,Regulation M-A,
964,"",Palafin,hydro-pump,machine,0,Regulation M-A,
964,"",Palafin,hyper-beam,machine,0,Regulation M-A,
964,"",Palafin,hyper-voice,machine,0,Regulation M-A,
964,"",Palafin,ice-beam,machine,0,Regulation M-A,
964,"",Palafin,ice-punch,machine,0,Regulation M-A,
964,"",Palafin,icy-wind,machine,0,Regulation M-A,
964,"",Palafin,iron-head,machine,0,Regulation M-A,
964,"",Palafin,jet-punch,machine,0,Regulation M-A,
964,"",Palafin,liquidation,machine,0,Regulation M-A,
964,"",Palafin,outrage,machine,0,Regulation M-A,
964,"",Palafin,protect,machine,0,Regulation M-A,
964,"",Palafin,psych-up,machine,0,Regulation M-A,
964,"",Palafin,rain-dance,machine,0,Regulation M-A,
964,"",Palafin,rest,machine,0,Regulation M-A,
964,"",Palafin,reversal,machine,0,Regulation M-A,
964,"",Palafin,sleep-talk,machine,0,Regulation M-A,
964,"",Palafin,substitute,machine,0,Regulation M-A,
964,"",Palafin,surf,machine,0,Regulation M-A,
964,"",Palafin,taunt,machine,0,Regulation M-A,
964,"",Palafin,throat-chop,machine,0,Regulation M-A,
964,"",Palafin,tickle,machine,0,Regulation M-A,
964,"",Palafin,water-pulse,machine,0,Regulation M-A,
964,"",Palafin,waterfall,machine,0,Regulation M-A,
964,"",Palafin,wave-crash,machine,0,Regulation M-A,
964,"",Palafin,whirlpool,machine,0,Regulation M-A,
964,"",Palafin,zen-headbutt,machine,0,Regulation M-A,
968,"",Orthworm,body-press,machine,0,Regulation M-A,
968,"",Orthworm,body-slam,machine,0,Regulation M-A,
968,"",Orthworm,bulldoze,machine,0,Regulation M-A,
968,"",Orthworm,coil,machine,0,Regulation M-A,
968,"",Orthworm,curse,machine,0,Regulation M-A,
968,"",Orthworm,dig,machine,0,Regulation M-A,
968,"",Orthworm,double-edge,machine,0,Regulation M-A,
968,"",Orthworm,earth-power,machine,0,Regulation M-A,
968,"",Orthworm,earthquake,machine,0,Regulation M-A,
968,"",Orthworm,endure,machine,0,Regulation M-A,
968,"",Orthworm,facade,machine,0,Regulation M-A,
968,"",Orthworm,flash-cannon,machine,0,Regulation M-A,
968,"",Orthworm,giga-impact,machine,0,Regulation M-A,
968,"",Orthworm,heavy-slam,machine,0,Regulation M-A,
968,"",Orthworm,helping-hand,machine,0,Regulation M-A,
968,"",Orthworm,high-horsepower,machine,0,Regulation M-A,
968,"",Orthworm,hyper-beam,machine,0,Regulation M-A,
968,"",Orthworm,iron-defense,machine,0,Regulation M-A,
968,"",Orthworm,iron-head,machine,0,Regulation M-A,
968,"",Orthworm,iron-tail,machine,0,Regulation M-A,
968,"",Orthworm,metal-burst,machine,0,Regulation M-A,
968,"",Orthworm,metal-sound,machine,0,Regulation M-A,
968,"",Orthworm,mud-shot,machine,0,Regulation M-A,
968,"",Orthworm,mud-slap,machine,0,Regulation M-A,
968,"",Orthworm,protect,machine,0,Regulation M-A,
968,"",Orthworm,rest,machine,0,Regulation M-A,
968,"",Orthworm,rock-blast,machine,0,Regulation M-A,
968,"",Orthworm,rock-slide,machine,0,Regulation M-A,
968,"",Orthworm,rock-tomb,machine,0,Regulation M-A,
968,"",Orthworm,sand-tomb,machine,0,Regulation M-A,
968,"",Orthworm,sandstorm,machine,0,Regulation M-A,
968,"",Orthworm,shed-tail,machine,0,Regulation M-A,
968,"",Orthworm,sleep-talk,machine,0,Regulation M-A,
968,"",Orthworm,smack-down,machine,0,Regulation M-A,
968,"",Orthworm,spikes,machine,0,Regulation M-A,
968,"",Orthworm,stealth-rock,machine,0,Regulation M-A,
968,"",Orthworm,steel-beam,machine,0,Regulation M-A,
968,"",Orthworm,stomping-tantrum,machine,0,Regulation M-A,
968,"",Orthworm,substitute,machine,0,Regulation M-A,
968,"",Orthworm,wrap,machine,0,Regulation M-A,
970,"",Glimmora,acid-armor,machine,0,Regulation M-A,
970,"",Glimmora,acid-spray,machine,0,Regulation M-A,
970,"",Glimmora,ancient-power,machine,0,Regulation M-A,
970,"",Glimmora,confuse-ray,machine,0,Regulation M-A,
970,"",Glimmora,dazzling-gleam,machine,0,Regulation M-A,
970,"",Glimmora,earth-power,machine,0,Regulation M-A,
970,"",Glimmora,endure,machine,0,Regulation M-A,
970,"",Glimmora,energy-ball,machine,0,Regulation M-A,
970,"",Glimmora,explosion,machine,0,Regulation M-A,
970,"",Glimmora,facade,machine,0,Regulation M-A,
970,"",Glimmora,flash-cannon,machine,0,Regulation M-A,
970,"",Glimmora,giga-impact,machine,0,Regulation M-A,
970,"",Glimmora,gunk-shot,machine,0,Regulation M-A,
970,"",Glimmora,hyper-beam,machine,0,Regulation M-A,
970,"",Glimmora,iron-defense,machine,0,Regulation M-A,
970,"",Glimmora,light-screen,machine,0,Regulation M-A,
970,"",Glimmora,memento,machine,0,Regulation M-A,
970,"",Glimmora,meteor-beam,machine,0,Regulation M-A,
970,"",Glimmora,mortal-spin,machine,0,Regulation M-A,
970,"",Glimmora,mud-shot,machine,0,Regulation M-A,
970,"",Glimmora,power-gem,machine,0,Regulation M-A,
970,"",Glimmora,protect,machine,0,Regulation M-A,
970,"",Glimmora,rain-dance,machine,0,Regulation M-A,
970,"",Glimmora,reflect,machine,0,Regulation M-A,
970,"",Glimmora,rest,machine,0,Regulation M-A,
970,"",Glimmora,rock-blast,machine,0,Regulation M-A,
970,"",Glimmora,rock-polish,machine,0,Regulation M-A,
970,"",Glimmora,rock-slide,machine,0,Regulation M-A,
970,"",Glimmora,rock-tomb,machine,0,Regulation M-A,
970,"",Glimmora,sand-tomb,machine,0,Regulation M-A,
970,"",Glimmora,sandstorm,machine,0,Regulation M-A,
970,"",Glimmora,self-destruct,machine,0,Regulation M-A,
970,"",Glimmora,sleep-talk,machine,0,Regulation M-A,
970,"",Glimmora,sludge-bomb,machine,0,Regulation M-A,
970,"",Glimmora,sludge-wave,machine,0,Regulation M-A,
970,"",Glimmora,smack-down,machine,0,Regulation M-A,
970,"",Glimmora,solar-beam,machine,0,Regulation M-A,
970,"",Glimmora,spikes,machine,0,Regulation M-A,
970,"",Glimmora,spiky-shield,machine,0,Regulation M-A,
970,"",Glimmora,stealth-rock,machine,0,Regulation M-A,
970,"",Glimmora,stone-edge,machine,0,Regulation M-A,
970,"",Glimmora,substitute,machine,0,Regulation M-A,
970,"",Glimmora,sunny-day,machine,0,Regulation M-A,
970,"",Glimmora,toxic,machine,0,Regulation M-A,
970,"",Glimmora,toxic-spikes,machine,0,Regulation M-A,
970,"",Glimmora,venoshock,machine,0,Regulation M-A,
972,"",Houndstone,ally-switch,machine,0,Regulation M-B,
972,"",Houndstone,bite,machine,0,Regulation M-B,
972,"",Houndstone,body-press,machine,0,Regulation M-B,
972,"",Houndstone,bulldoze,machine,0,Regulation M-B,
972,"",Houndstone,charm,machine,0,Regulation M-B,
972,"",Houndstone,confuse-ray,machine,0,Regulation M-B,
972,"",Houndstone,crunch,machine,0,Regulation M-B,
972,"",Houndstone,destiny-bond,machine,0,Regulation M-B,
972,"",Houndstone,dig,machine,0,Regulation M-B,
972,"",Houndstone,disable,machine,0,Regulation M-B,
972,"",Houndstone,double-edge,machine,0,Regulation M-B,
972,"",Houndstone,endeavor,machine,0,Regulation M-B,
972,"",Houndstone,endure,machine,0,Regulation M-B,
972,"",Houndstone,facade,machine,0,Regulation M-B,
972,"",Houndstone,fire-fang,machine,0,Regulation M-B,
972,"",Houndstone,giga-impact,machine,0,Regulation M-B,
972,"",Houndstone,helping-hand,machine,0,Regulation M-B,
972,"",Houndstone,hex,machine,0,Regulation M-B,
972,"",Houndstone,howl,machine,0,Regulation M-B,
972,"",Houndstone,hyper-beam,machine,0,Regulation M-B,
972,"",Houndstone,ice-fang,machine,0,Regulation M-B,
972,"",Houndstone,last-respects,machine,0,Regulation M-B,
972,"",Houndstone,memento,machine,0,Regulation M-B,
972,"",Houndstone,mud-shot,machine,0,Regulation M-B,
972,"",Houndstone,mud-slap,machine,0,Regulation M-B,
972,"",Houndstone,night-shade,machine,0,Regulation M-B,
972,"",Houndstone,pain-split,machine,0,Regulation M-B,
972,"",Houndstone,phantom-force,machine,0,Regulation M-B,
972,"",Houndstone,play-rough,machine,0,Regulation M-B,
972,"",Houndstone,poltergeist,machine,0,Regulation M-B,
972,"",Houndstone,protect,machine,0,Regulation M-B,
972,"",Houndstone,psychic-fangs,machine,0,Regulation M-B,
972,"",Houndstone,rain-dance,machine,0,Regulation M-B,
972,"",Houndstone,rest,machine,0,Regulation M-B,
972,"",Houndstone,roar,machine,0,Regulation M-B,
972,"",Houndstone,sandstorm,machine,0,Regulation M-B,
972,"",Houndstone,scary-face,machine,0,Regulation M-B,
972,"",Houndstone,shadow-ball,machine,0,Regulation M-B,
972,"",Houndstone,shadow-sneak,machine,0,Regulation M-B,
972,"",Houndstone,sleep-talk,machine,0,Regulation M-B,
972,"",Houndstone,snarl,machine,0,Regulation M-B,
972,"",Houndstone,stomping-tantrum,machine,0,Regulation M-B,
972,"",Houndstone,substitute,machine,0,Regulation M-B,
972,"",Houndstone,sunny-day,machine,0,Regulation M-B,
972,"",Houndstone,swagger,machine,0,Regulation M-B,
972,"",Houndstone,thief,machine,0,Regulation M-B,
972,"",Houndstone,thunder-fang,machine,0,Regulation M-B,
972,"",Houndstone,trick,machine,0,Regulation M-B,
972,"",Houndstone,uproar,machine,0,Regulation M-B,
972,"",Houndstone,will-o-wisp,machine,0,Regulation M-B,
972,"",Houndstone,yawn,machine,0,Regulation M-B,
972,"",Houndstone,zen-headbutt,machine,0,Regulation M-B,
979,"",Annihilape,acrobatics,machine,0,Regulation M-B,
979,"",Annihilape,assurance,machine,0,Regulation M-B,
979,"",Annihilape,beat-up,machine,0,Regulation M-B,
979,"",Annihilape,body-slam,machine,0,Regulation M-B,
979,"",Annihilape,brick-break,machine,0,Regulation M-B,
979,"",Annihilape,bulk-up,machine,0,Regulation M-B,
979,"",Annihilape,bulldoze,machine,0,Regulation M-B,
979,"",Annihilape,close-combat,machine,0,Regulation M-B,
979,"",Annihilape,coaching,machine,0,Regulation M-B,
979,"",Annihilape,counter,machine,0,Regulation M-B,
979,"",Annihilape,cross-chop,machine,0,Regulation M-B,
979,"",Annihilape,curse,machine,0,Regulation M-B,
979,"",Annihilape,dig,machine,0,Regulation M-B,
979,"",Annihilape,double-edge,machine,0,Regulation M-B,
979,"",Annihilape,drain-punch,machine,0,Regulation M-B,
979,"",Annihilape,dynamic-punch,machine,0,Regulation M-B,
979,"",Annihilape,earthquake,machine,0,Regulation M-B,
979,"",Annihilape,encore,machine,0,Regulation M-B,
979,"",Annihilape,endeavor,machine,0,Regulation M-B,
979,"",Annihilape,endure,machine,0,Regulation M-B,
979,"",Annihilape,facade,machine,0,Regulation M-B,
979,"",Annihilape,fire-punch,machine,0,Regulation M-B,
979,"",Annihilape,fling,machine,0,Regulation M-B,
979,"",Annihilape,focus-blast,machine,0,Regulation M-B,
979,"",Annihilape,focus-energy,machine,0,Regulation M-B,
979,"",Annihilape,focus-punch,machine,0,Regulation M-B,
979,"",Annihilape,giga-impact,machine,0,Regulation M-B,
979,"",Annihilape,gunk-shot,machine,0,Regulation M-B,
979,"",Annihilape,helping-hand,machine,0,Regulation M-B,
979,"",Annihilape,hyper-beam,machine,0,Regulation M-B,
979,"",Annihilape,ice-punch,machine,0,Regulation M-B,
979,"",Annihilape,lash-out,machine,0,Regulation M-B,
979,"",Annihilape,low-kick,machine,0,Regulation M-B,
979,"",Annihilape,low-sweep,machine,0,Regulation M-B,
979,"",Annihilape,night-shade,machine,0,Regulation M-B,
979,"",Annihilape,night-slash,machine,0,Regulation M-B,
979,"",Annihilape,outrage,machine,0,Regulation M-B,
979,"",Annihilape,overheat,machine,0,Regulation M-B,
979,"",Annihilape,phantom-force,machine,0,Regulation M-B,
979,"",Annihilape,poison-jab,machine,0,Regulation M-B,
979,"",Annihilape,protect,machine,0,Regulation M-B,
979,"",Annihilape,rage-fist,machine,0,Regulation M-B,
979,"",Annihilape,rain-dance,machine,0,Regulation M-B,
979,"",Annihilape,rest,machine,0,Regulation M-B,
979,"",Annihilape,reversal,machine,0,Regulation M-B,
979,"",Annihilape,rock-slide,machine,0,Regulation M-B,
979,"",Annihilape,rock-tomb,machine,0,Regulation M-B,
979,"",Annihilape,scary-face,machine,0,Regulation M-B,
979,"",Annihilape,screech,machine,0,Regulation M-B,
979,"",Annihilape,seed-bomb,machine,0,Regulation M-B,
979,"",Annihilape,seismic-toss,machine,0,Regulation M-B,
979,"",Annihilape,shadow-ball,machine,0,Regulation M-B,
979,"",Annihilape,shadow-claw,machine,0,Regulation M-B,
979,"",Annihilape,shadow-punch,machine,0,Regulation M-B,
979,"",Annihilape,sleep-talk,machine,0,Regulation M-B,
979,"",Annihilape,smack-down,machine,0,Regulation M-B,
979,"",Annihilape,spite,machine,0,Regulation M-B,
979,"",Annihilape,stealth-rock,machine,0,Regulation M-B,
979,"",Annihilape,stomping-tantrum,machine,0,Regulation M-B,
979,"",Annihilape,stone-edge,machine,0,Regulation M-B,
979,"",Annihilape,storm-throw,machine,0,Regulation M-B,
979,"",Annihilape,substitute,machine,0,Regulation M-B,
979,"",Annihilape,sunny-day,machine,0,Regulation M-B,
979,"",Annihilape,swagger,machine,0,Regulation M-B,
979,"",Annihilape,taunt,machine,0,Regulation M-B,
979,"",Annihilape,thief,machine,0,Regulation M-B,
979,"",Annihilape,thrash,machine,0,Regulation M-B,
979,"",Annihilape,throat-chop,machine,0,Regulation M-B,
979,"",Annihilape,thunder,machine,0,Regulation M-B,
979,"",Annihilape,thunder-punch,machine,0,Regulation M-B,
979,"",Annihilape,thunderbolt,machine,0,Regulation M-B,
979,"",Annihilape,torment,machine,0,Regulation M-B,
979,"",Annihilape,u-turn,machine,0,Regulation M-B,
979,"",Annihilape,uproar,machine,0,Regulation M-B,
979,"",Annihilape,vacuum-wave,machine,0,Regulation M-B,
981,"",Farigiraf,agility,machine,0,Regulation M-A,
981,"",Farigiraf,ally-switch,machine,0,Regulation M-A,
981,"",Farigiraf,amnesia,machine,0,Regulation M-A,
981,"",Farigiraf,assurance,machine,0,Regulation M-A,
981,"",Farigiraf,baton-pass,machine,0,Regulation M-A,
981,"",Farigiraf,beat-up,machine,0,Regulation M-A,
981,"",Farigiraf,body-slam,machine,0,Regulation M-A,
981,"",Farigiraf,bulldoze,machine,0,Regulation M-A,
981,"",Farigiraf,calm-mind,machine,0,Regulation M-A,
981,"",Farigiraf,charge-beam,machine,0,Regulation M-A,
981,"",Farigiraf,confuse-ray,machine,0,Regulation M-A,
981,"",Farigiraf,crunch,machine,0,Regulation M-A,
981,"",Farigiraf,curse,machine,0,Regulation M-A,
981,"",Farigiraf,dazzling-gleam,machine,0,Regulation M-A,
981,"",Farigiraf,double-edge,machine,0,Regulation M-A,
981,"",Farigiraf,double-hit,machine,0,Regulation M-A,
981,"",Farigiraf,earthquake,machine,0,Regulation M-A,
981,"",Farigiraf,endeavor,machine,0,Regulation M-A,
981,"",Farigiraf,endure,machine,0,Regulation M-A,
981,"",Farigiraf,energy-ball,machine,0,Regulation M-A,
981,"",Farigiraf,expanding-force,machine,0,Regulation M-A,
981,"",Farigiraf,facade,machine,0,Regulation M-A,
981,"",Farigiraf,foul-play,machine,0,Regulation M-A,
981,"",Farigiraf,future-sight,machine,0,Regulation M-A,
981,"",Farigiraf,giga-impact,machine,0,Regulation M-A,
981,"",Farigiraf,grass-knot,machine,0,Regulation M-A,
981,"",Farigiraf,gravity,machine,0,Regulation M-A,
981,"",Farigiraf,guard-swap,machine,0,Regulation M-A,
981,"",Farigiraf,helping-hand,machine,0,Regulation M-A,
981,"",Farigiraf,high-horsepower,machine,0,Regulation M-A,
981,"",Farigiraf,hyper-beam,machine,0,Regulation M-A,
981,"",Farigiraf,hyper-voice,machine,0,Regulation M-A,
981,"",Farigiraf,imprison,machine,0,Regulation M-A,
981,"",Farigiraf,iron-head,machine,0,Regulation M-A,
981,"",Farigiraf,light-screen,machine,0,Regulation M-A,
981,"",Farigiraf,low-kick,machine,0,Regulation M-A,
981,"",Farigiraf,mean-look,machine,0,Regulation M-A,
981,"",Farigiraf,mirror-coat,machine,0,Regulation M-A,
981,"",Farigiraf,nasty-plot,machine,0,Regulation M-A,
981,"",Farigiraf,night-shade,machine,0,Regulation M-A,
981,"",Farigiraf,power-swap,machine,0,Regulation M-A,
981,"",Farigiraf,protect,machine,0,Regulation M-A,
981,"",Farigiraf,psych-up,machine,0,Regulation M-A,
981,"",Farigiraf,psychic,machine,0,Regulation M-A,
981,"",Farigiraf,psychic-fangs,machine,0,Regulation M-A,
981,"",Farigiraf,psychic-noise,machine,0,Regulation M-A,
981,"",Farigiraf,psychic-terrain,machine,0,Regulation M-A,
981,"",Farigiraf,psyshock,machine,0,Regulation M-A,
981,"",Farigiraf,rain-dance,machine,0,Regulation M-A,
981,"",Farigiraf,reflect,machine,0,Regulation M-A,
981,"",Farigiraf,rest,machine,0,Regulation M-A,
981,"",Farigiraf,roar,machine,0,Regulation M-A,
981,"",Farigiraf,shadow-ball,machine,0,Regulation M-A,
981,"",Farigiraf,skill-swap,machine,0,Regulation M-A,
981,"",Farigiraf,sleep-talk,machine,0,Regulation M-A,
981,"",Farigiraf,stomping-tantrum,machine,0,Regulation M-A,
981,"",Farigiraf,stored-power,machine,0,Regulation M-A,
981,"",Farigiraf,substitute,machine,0,Regulation M-A,
981,"",Farigiraf,sunny-day,machine,0,Regulation M-A,
981,"",Farigiraf,thief,machine,0,Regulation M-A,
981,"",Farigiraf,thunder,machine,0,Regulation M-A,
981,"",Farigiraf,thunder-wave,machine,0,Regulation M-A,
981,"",Farigiraf,thunderbolt,machine,0,Regulation M-A,
981,"",Farigiraf,trailblaze,machine,0,Regulation M-A,
981,"",Farigiraf,trick,machine,0,Regulation M-A,
981,"",Farigiraf,trick-room,machine,0,Regulation M-A,
981,"",Farigiraf,twin-beam,machine,0,Regulation M-A,
981,"",Farigiraf,uproar,machine,0,Regulation M-A,
981,"",Farigiraf,wish,machine,0,Regulation M-A,
981,"",Farigiraf,zen-headbutt,machine,0,Regulation M-A,
983,"",Kingambit,aerial-ace,machine,0,Regulation M-A,
983,"",Kingambit,air-slash,machine,0,Regulation M-A,
983,"",Kingambit,assurance,machine,0,Regulation M-A,
983,"",Kingambit,brick-break,machine,0,Regulation M-A,
983,"",Kingambit,dark-pulse,machine,0,Regulation M-A,
983,"",Kingambit,dig,machine,0,Regulation M-A,
983,"",Kingambit,endure,machine,0,Regulation M-A,
983,"",Kingambit,facade,machine,0,Regulation M-A,
983,"",Kingambit,flash-cannon,machine,0,Regulation M-A,
983,"",Kingambit,fling,machine,0,Regulation M-A,
983,"",Kingambit,focus-blast,machine,0,Regulation M-A,
983,"",Kingambit,foul-play,machine,0,Regulation M-A,
983,"",Kingambit,giga-impact,machine,0,Regulation M-A,
983,"",Kingambit,grass-knot,machine,0,Regulation M-A,
983,"",Kingambit,guillotine,machine,0,Regulation M-A,
983,"",Kingambit,hyper-beam,machine,0,Regulation M-A,
983,"",Kingambit,iron-defense,machine,0,Regulation M-A,
983,"",Kingambit,iron-head,machine,0,Regulation M-A,
983,"",Kingambit,kowtow-cleave,machine,0,Regulation M-A,
983,"",Kingambit,lash-out,machine,0,Regulation M-A,
983,"",Kingambit,low-kick,machine,0,Regulation M-A,
983,"",Kingambit,low-sweep,machine,0,Regulation M-A,
983,"",Kingambit,mean-look,machine,0,Regulation M-A,
983,"",Kingambit,metal-burst,machine,0,Regulation M-A,
983,"",Kingambit,metal-sound,machine,0,Regulation M-A,
983,"",Kingambit,night-slash,machine,0,Regulation M-A,
983,"",Kingambit,poison-jab,machine,0,Regulation M-A,
983,"",Kingambit,protect,machine,0,Regulation M-A,
983,"",Kingambit,quick-guard,machine,0,Regulation M-A,
983,"",Kingambit,rain-dance,machine,0,Regulation M-A,
983,"",Kingambit,rest,machine,0,Regulation M-A,
983,"",Kingambit,reversal,machine,0,Regulation M-A,
983,"",Kingambit,rock-tomb,machine,0,Regulation M-A,
983,"",Kingambit,sandstorm,machine,0,Regulation M-A,
983,"",Kingambit,scary-face,machine,0,Regulation M-A,
983,"",Kingambit,shadow-claw,machine,0,Regulation M-A,
983,"",Kingambit,sleep-talk,machine,0,Regulation M-A,
983,"",Kingambit,snarl,machine,0,Regulation M-A,
983,"",Kingambit,spite,machine,0,Regulation M-A,
983,"",Kingambit,stealth-rock,machine,0,Regulation M-A,
983,"",Kingambit,steel-beam,machine,0,Regulation M-A,
983,"",Kingambit,stone-edge,machine,0,Regulation M-A,
983,"",Kingambit,substitute,machine,0,Regulation M-A,
983,"",Kingambit,sucker-punch,machine,0,Regulation M-A,
983,"",Kingambit,swords-dance,machine,0,Regulation M-A,
983,"",Kingambit,taunt,machine,0,Regulation M-A,
983,"",Kingambit,thief,machine,0,Regulation M-A,
983,"",Kingambit,throat-chop,machine,0,Regulation M-A,
983,"",Kingambit,thunder-wave,machine,0,Regulation M-A,
983,"",Kingambit,torment,machine,0,Regulation M-A,
983,"",Kingambit,x-scissor,machine,0,Regulation M-A,
983,"",Kingambit,zen-headbutt,machine,0,Regulation M-A,
1000,"",Gholdengo,charge-beam,machine,0,Regulation M-B,
1000,"",Gholdengo,confuse-ray,machine,0,Regulation M-B,
1000,"",Gholdengo,dazzling-gleam,machine,0,Regulation M-B,
1000,"",Gholdengo,electro-ball,machine,0,Regulation M-B,
1000,"",Gholdengo,endure,machine,0,Regulation M-B,
1000,"",Gholdengo,flash-cannon,machine,0,Regulation M-B,
1000,"",Gholdengo,fling,machine,0,Regulation M-B,
1000,"",Gholdengo,focus-blast,machine,0,Regulation M-B,
1000,"",Gholdengo,focus-punch,machine,0,Regulation M-B,
1000,"",Gholdengo,giga-impact,machine,0,Regulation M-B,
1000,"",Gholdengo,heavy-slam,machine,0,Regulation M-B,
1000,"",Gholdengo,hex,machine,0,Regulation M-B,
1000,"",Gholdengo,hyper-beam,machine,0,Regulation M-B,
1000,"",Gholdengo,iron-head,machine,0,Regulation M-B,
1000,"",Gholdengo,light-screen,machine,0,Regulation M-B,
1000,"",Gholdengo,low-kick,machine,0,Regulation M-B,
1000,"",Gholdengo,low-sweep,machine,0,Regulation M-B,
1000,"",Gholdengo,make-it-rain,machine,0,Regulation M-B,
1000,"",Gholdengo,memento,machine,0,Regulation M-B,
1000,"",Gholdengo,metal-sound,machine,0,Regulation M-B,
1000,"",Gholdengo,nasty-plot,machine,0,Regulation M-B,
1000,"",Gholdengo,night-shade,machine,0,Regulation M-B,
1000,"",Gholdengo,poltergeist,machine,0,Regulation M-B,
1000,"",Gholdengo,power-gem,machine,0,Regulation M-B,
1000,"",Gholdengo,protect,machine,0,Regulation M-B,
1000,"",Gholdengo,psychic,machine,0,Regulation M-B,
1000,"",Gholdengo,psyshock,machine,0,Regulation M-B,
1000,"",Gholdengo,recover,machine,0,Regulation M-B,
1000,"",Gholdengo,reflect,machine,0,Regulation M-B,
1000,"",Gholdengo,rest,machine,0,Regulation M-B,
1000,"",Gholdengo,sandstorm,machine,0,Regulation M-B,
1000,"",Gholdengo,shadow-ball,machine,0,Regulation M-B,
1000,"",Gholdengo,shadow-punch,machine,0,Regulation M-B,
1000,"",Gholdengo,sleep-talk,machine,0,Regulation M-B,
1000,"",Gholdengo,steel-beam,machine,0,Regulation M-B,
1000,"",Gholdengo,substitute,machine,0,Regulation M-B,
1000,"",Gholdengo,surf,machine,0,Regulation M-B,
1000,"",Gholdengo,thief,machine,0,Regulation M-B,
1000,"",Gholdengo,thunder,machine,0,Regulation M-B,
1000,"",Gholdengo,thunder-punch,machine,0,Regulation M-B,
1000,"",Gholdengo,thunderbolt,machine,0,Regulation M-B,
1000,"",Gholdengo,trick,machine,0,Regulation M-B,
1013,"",Sinistcha,calm-mind,machine,0,Regulation M-A,
1013,"",Sinistcha,curse,machine,0,Regulation M-A,
1013,"",Sinistcha,endure,machine,0,Regulation M-A,
1013,"",Sinistcha,energy-ball,machine,0,Regulation M-A,
1013,"",Sinistcha,foul-play,machine,0,Regulation M-A,
1013,"",Sinistcha,giga-drain,machine,0,Regulation M-A,
1013,"",Sinistcha,grassy-terrain,machine,0,Regulation M-A,
1013,"",Sinistcha,hex,machine,0,Regulation M-A,
1013,"",Sinistcha,hyper-beam,machine,0,Regulation M-A,
1013,"",Sinistcha,imprison,machine,0,Regulation M-A,
1013,"",Sinistcha,iron-defense,machine,0,Regulation M-A,
1013,"",Sinistcha,leaf-storm,machine,0,Regulation M-A,
1013,"",Sinistcha,life-dew,machine,0,Regulation M-A,
1013,"",Sinistcha,matcha-gotcha,machine,0,Regulation M-A,
1013,"",Sinistcha,memento,machine,0,Regulation M-A,
1013,"",Sinistcha,nasty-plot,machine,0,Regulation M-A,
1013,"",Sinistcha,night-shade,machine,0,Regulation M-A,
1013,"",Sinistcha,pain-split,machine,0,Regulation M-A,
1013,"",Sinistcha,phantom-force,machine,0,Regulation M-A,
1013,"",Sinistcha,poltergeist,machine,0,Regulation M-A,
1013,"",Sinistcha,protect,machine,0,Regulation M-A,
1013,"",Sinistcha,psych-up,machine,0,Regulation M-A,
1013,"",Sinistcha,rage-powder,machine,0,Regulation M-A,
1013,"",Sinistcha,reflect,machine,0,Regulation M-A,
1013,"",Sinistcha,rest,machine,0,Regulation M-A,
1013,"",Sinistcha,scald,machine,0,Regulation M-A,
1013,"",Sinistcha,shadow-ball,machine,0,Regulation M-A,
1013,"",Sinistcha,sleep-talk,machine,0,Regulation M-A,
1013,"",Sinistcha,solar-beam,machine,0,Regulation M-A,
1013,"",Sinistcha,spite,machine,0,Regulation M-A,
1013,"",Sinistcha,strength-sap,machine,0,Regulation M-A,
1013,"",Sinistcha,stun-spore,machine,0,Regulation M-A,
1013,"",Sinistcha,substitute,machine,0,Regulation M-A,
1013,"",Sinistcha,trick-room,machine,0,Regulation M-A,
1013,"",Sinistcha,uproar,machine,0,Regulation M-A,
1018,"",Archaludon,aura-sphere,machine,0,Regulation M-A,
1018,"",Archaludon,body-slam,machine,0,Regulation M-A,
1018,"",Archaludon,breaking-swipe,machine,0,Regulation M-A,
1018,"",Archaludon,brick-break,machine,0,Regulation M-A,
1018,"",Archaludon,dark-pulse,machine,0,Regulation M-A,
1018,"",Archaludon,double-edge,machine,0,Regulation M-A,
1018,"",Archaludon,draco-meteor,machine,0,Regulation M-A,
1018,"",Archaludon,dragon-cheer,machine,0,Regulation M-A,
1018,"",Archaludon,dragon-claw,machine,0,Regulation M-A,
1018,"",Archaludon,dragon-pulse,machine,0,Regulation M-A,
1018,"",Archaludon,dragon-tail,machine,0,Regulation M-A,
1018,"",Archaludon,earthquake,machine,0,Regulation M-A,
1018,"",Archaludon,electro-shot,machine,0,Regulation M-A,
1018,"",Archaludon,endure,machine,0,Regulation M-A,
1018,"",Archaludon,facade,machine,0,Regulation M-A,
1018,"",Archaludon,flash-cannon,machine,0,Regulation M-A,
1018,"",Archaludon,focus-energy,machine,0,Regulation M-A,
1018,"",Archaludon,foul-play,machine,0,Regulation M-A,
1018,"",Archaludon,giga-impact,machine,0,Regulation M-A,
1018,"",Archaludon,gyro-ball,machine,0,Regulation M-A,
1018,"",Archaludon,hard-press,machine,0,Regulation M-A,
1018,"",Archaludon,heavy-slam,machine,0,Regulation M-A,
1018,"",Archaludon,hyper-beam,machine,0,Regulation M-A,
1018,"",Archaludon,iron-defense,machine,0,Regulation M-A,
1018,"",Archaludon,iron-head,machine,0,Regulation M-A,
1018,"",Archaludon,light-screen,machine,0,Regulation M-A,
1018,"",Archaludon,metal-burst,machine,0,Regulation M-A,
1018,"",Archaludon,metal-sound,machine,0,Regulation M-A,
1018,"",Archaludon,meteor-beam,machine,0,Regulation M-A,
1018,"",Archaludon,mirror-coat,machine,0,Regulation M-A,
1018,"",Archaludon,night-slash,machine,0,Regulation M-A,
1018,"",Archaludon,outrage,machine,0,Regulation M-A,
1018,"",Archaludon,protect,machine,0,Regulation M-A,
1018,"",Archaludon,reflect,machine,0,Regulation M-A,
1018,"",Archaludon,rest,machine,0,Regulation M-A,
1018,"",Archaludon,roar,machine,0,Regulation M-A,
1018,"",Archaludon,rock-slide,machine,0,Regulation M-A,
1018,"",Archaludon,rock-tomb,machine,0,Regulation M-A,
1018,"",Archaludon,scary-face,machine,0,Regulation M-A,
1018,"",Archaludon,sleep-talk,machine,0,Regulation M-A,
1018,"",Archaludon,smack-down,machine,0,Regulation M-A,
1018,"",Archaludon,snarl,machine,0,Regulation M-A,
1018,"",Archaludon,solar-beam,machine,0,Regulation M-A,
1018,"",Archaludon,stealth-rock,machine,0,Regulation M-A,
1018,"",Archaludon,steel-beam,machine,0,Regulation M-A,
1018,"",Archaludon,stone-edge,machine,0,Regulation M-A,
1018,"",Archaludon,substitute,machine,0,Regulation M-A,
1018,"",Archaludon,swords-dance,machine,0,Regulation M-A,
1018,"",Archaludon,thunder,machine,0,Regulation M-A,
1018,"",Archaludon,thunder-wave,machine,0,Regulation M-A,
1018,"",Archaludon,thunderbolt,machine,0,Regulation M-A,
1019,"",Hydrapple,body-press,machine,0,Regulation M-A,
1019,"",Hydrapple,body-slam,machine,0,Regulation M-A,
1019,"",Hydrapple,breaking-swipe,machine,0,Regulation M-A,
1019,"",Hydrapple,bug-bite,machine,0,Regulation M-A,
1019,"",Hydrapple,bullet-seed,machine,0,Regulation M-A,
1019,"",Hydrapple,curse,machine,0,Regulation M-A,
1019,"",Hydrapple,double-edge,machine,0,Regulation M-A,
1019,"",Hydrapple,double-hit,machine,0,Regulation M-A,
1019,"",Hydrapple,draco-meteor,machine,0,Regulation M-A,
1019,"",Hydrapple,dragon-cheer,machine,0,Regulation M-A,
1019,"",Hydrapple,dragon-pulse,machine,0,Regulation M-A,
1019,"",Hydrapple,dragon-tail,machine,0,Regulation M-A,
1019,"",Hydrapple,earth-power,machine,0,Regulation M-A,
1019,"",Hydrapple,earthquake,machine,0,Regulation M-A,
1019,"",Hydrapple,endure,machine,0,Regulation M-A,
1019,"",Hydrapple,energy-ball,machine,0,Regulation M-A,
1019,"",Hydrapple,facade,machine,0,Regulation M-A,
1019,"",Hydrapple,fickle-beam,machine,0,Regulation M-A,
1019,"",Hydrapple,giga-drain,machine,0,Regulation M-A,
1019,"",Hydrapple,giga-impact,machine,0,Regulation M-A,
1019,"",Hydrapple,grass-knot,machine,0,Regulation M-A,
1019,"",Hydrapple,grassy-glide,machine,0,Regulation M-A,
1019,"",Hydrapple,grassy-terrain,machine,0,Regulation M-A,
1019,"",Hydrapple,growth,machine,0,Regulation M-A,
1019,"",Hydrapple,gyro-ball,machine,0,Regulation M-A,
1019,"",Hydrapple,heavy-slam,machine,0,Regulation M-A,
1019,"",Hydrapple,hydro-pump,machine,0,Regulation M-A,
1019,"",Hydrapple,hyper-beam,machine,0,Regulation M-A,
1019,"",Hydrapple,infestation,machine,0,Regulation M-A,
1019,"",Hydrapple,leaf-storm,machine,0,Regulation M-A,
1019,"",Hydrapple,nasty-plot,machine,0,Regulation M-A,
1019,"",Hydrapple,outrage,machine,0,Regulation M-A,
1019,"",Hydrapple,pollen-puff,machine,0,Regulation M-A,
1019,"",Hydrapple,pounce,machine,0,Regulation M-A,
1019,"",Hydrapple,power-whip,machine,0,Regulation M-A,
1019,"",Hydrapple,protect,machine,0,Regulation M-A,
1019,"",Hydrapple,rain-dance,machine,0,Regulation M-A,
1019,"",Hydrapple,recover,machine,0,Regulation M-A,
1019,"",Hydrapple,recycle,machine,0,Regulation M-A,
1019,"",Hydrapple,reflect,machine,0,Regulation M-A,
1019,"",Hydrapple,rest,machine,0,Regulation M-A,
1019,"",Hydrapple,seed-bomb,machine,0,Regulation M-A,
1019,"",Hydrapple,sleep-talk,machine,0,Regulation M-A,
1019,"",Hydrapple,solar-beam,machine,0,Regulation M-A,
1019,"",Hydrapple,substitute,machine,0,Regulation M-A,
1019,"",Hydrapple,sucker-punch,machine,0,Regulation M-A,
1019,"",Hydrapple,sunny-day,machine,0,Regulation M-A,
1019,"",Hydrapple,sweet-scent,machine,0,Regulation M-A,
1019,"",Hydrapple,syrup-bomb,machine,0,Regulation M-A,
1019,"",Hydrapple,uproar,machine,0,Regulation M-A,
1019,"",Hydrapple,yawn,machine,0,Regulation M-A,
